season,match_id,date,home,away,home_goals,away_goals,home_xg,away_xg
2014/2015,4749,2014-08-16,Manchester United,Swansea,1,2,1.1669999999999998,0.279
2014/2015,4750,2014-08-16,Leicester,Everton,2,2,1.279,0.614
2014/2015,4751,2014-08-16,Queens Park Rangers,Hull,0,1,1.902,1.119
2014/2015,4752,2014-08-16,Stoke,Aston Villa,0,1,0.424,0.911
2014/2015,4753,2014-08-16,West Bromwich Albion,Sunderland,2,2,1.684,0.993
2014/2015,4754,2014-08-16,West Ham,Tottenham,0,1,1.854,1.0179999999999998
2014/2015,4755,2014-08-16,Arsenal,Crystal Palace,2,1,1.555,0.159
2014/2015,4757,2014-08-17,Newcastle United,Manchester City,0,2,0.967,1.482
2014/2015,4756,2014-08-17,Liverpool,Southampton,2,1,1.333,1.553
2014/2015,4758,2014-08-18,Burnley,Chelsea,1,3,0.372,2.131
2014/2015,4764,2014-08-23,Everton,Arsenal,2,2,1.335,1.4349999999999998
2014/2015,4759,2014-08-23,Aston Villa,Newcastle United,0,0,0.509,0.7
2014/2015,4760,2014-08-23,Chelsea,Leicester,2,0,2.03,0.552
2014/2015,4761,2014-08-23,Crystal Palace,West Ham,1,3,0.618,1.341
2014/2015,4762,2014-08-23,Southampton,West Bromwich Albion,0,0,0.667,0.667
2014/2015,4763,2014-08-23,Swansea,Burnley,1,0,0.915,0.844
2014/2015,4767,2014-08-24,Sunderland,Manchester United,1,1,0.667,0.943
2014/2015,4765,2014-08-24,Hull,Stoke,1,1,0.871,1.61
2014/2015,4766,2014-08-24,Tottenham,Queens Park Rangers,4,0,2.39,1.077
2014/2015,4768,2014-08-25,Manchester City,Liverpool,3,1,1.315,0.903
2014/2015,4769,2014-08-30,Burnley,Manchester United,0,0,0.515,0.468
2014/2015,4770,2014-08-30,Manchester City,Stoke,0,1,0.893,0.301
2014/2015,4771,2014-08-30,Newcastle United,Crystal Palace,3,3,1.6989999999999998,1.662
2014/2015,4772,2014-08-30,Queens Park Rangers,Sunderland,1,0,1.2739999999999998,0.965
2014/2015,4773,2014-08-30,Swansea,West Bromwich Albion,3,0,2.027,0.698
2014/2015,4774,2014-08-30,West Ham,Southampton,1,3,0.636,1.5759999999999998
2014/2015,4775,2014-08-30,Everton,Chelsea,3,6,1.45,2.028
2014/2015,4776,2014-08-31,Aston Villa,Hull,2,1,0.64,0.29
2014/2015,4777,2014-08-31,Tottenham,Liverpool,0,3,0.487,2.744
2014/2015,4778,2014-08-31,Leicester,Arsenal,1,1,0.811,2.297
2014/2015,4724,2014-09-13,Sunderland,Tottenham,2,2,0.34,2.038
2014/2015,4726,2014-09-13,Liverpool,Aston Villa,0,1,0.729,0.703
2014/2015,4725,2014-09-13,West Bromwich Albion,Everton,0,2,0.603,0.808
2014/2015,4723,2014-09-13,Stoke,Leicester,0,1,1.6489999999999998,0.599
2014/2015,4722,2014-09-13,Southampton,Newcastle United,4,0,2.118,1.1509999999999998
2014/2015,4721,2014-09-13,Crystal Palace,Burnley,0,0,0.782,1.25
2014/2015,4720,2014-09-13,Chelsea,Swansea,4,2,3.567,1.023
2014/2015,4719,2014-09-13,Arsenal,Manchester City,2,2,2.079,2.309
2014/2015,4727,2014-09-14,Manchester United,Queens Park Rangers,4,0,2.21,0.565
2014/2015,4728,2014-09-15,Hull,West Ham,2,2,0.44,0.663
2014/2015,4734,2014-09-20,West Ham,Liverpool,3,1,1.261,0.379
2014/2015,4732,2014-09-20,Burnley,Sunderland,0,0,0.712,0.645
2014/2015,4733,2014-09-20,Newcastle United,Hull,2,2,1.917,0.855
2014/2015,4730,2014-09-20,Swansea,Southampton,0,1,0.521,0.751
2014/2015,4729,2014-09-20,Queens Park Rangers,Stoke,2,2,1.057,1.459
2014/2015,4731,2014-09-20,Aston Villa,Arsenal,0,3,0.65,1.363
2014/2015,4735,2014-09-21,Tottenham,West Bromwich Albion,0,1,0.44,1.085
2014/2015,4736,2014-09-21,Leicester,Manchester United,5,3,2.543,1.713
2014/2015,4737,2014-09-21,Manchester City,Chelsea,1,1,1.057,1.0219999999999998
2014/2015,4738,2014-09-21,Everton,Crystal Palace,2,3,2.562,1.63
2014/2015,4744,2014-09-27,Hull,Manchester City,2,4,1.125,1.791
2014/2015,4746,2014-09-27,Arsenal,Tottenham,1,1,1.2659999999999998,0.675
2014/2015,4745,2014-09-27,Sunderland,Swansea,0,0,1.3969999999999998,0.157
2014/2015,4743,2014-09-27,Crystal Palace,Leicester,2,0,2.115,0.455
2014/2015,4739,2014-09-27,Liverpool,Everton,1,1,1.5299999999999998,0.477
2014/2015,4741,2014-09-27,Southampton,Queens Park Rangers,2,1,2.346,0.457
2014/2015,4740,2014-09-27,Manchester United,West Ham,2,1,0.521,1.2759999999999998
2014/2015,4742,2014-09-27,Chelsea,Aston Villa,3,0,3.143,0.23
2014/2015,4747,2014-09-28,West Bromwich Albion,Burnley,4,0,1.812,0.475
2014/2015,4748,2014-09-29,Stoke,Newcastle United,1,0,1.563,1.1409999999999998
2014/2015,4694,2014-10-04,Aston Villa,Manchester City,0,2,0.691,2.307
2014/2015,4689,2014-10-04,Hull,Crystal Palace,2,0,1.073,0.617
2014/2015,4690,2014-10-04,Leicester,Burnley,2,2,1.579,0.959
2014/2015,4691,2014-10-04,Liverpool,West Bromwich Albion,2,1,1.563,1.4389999999999998
2014/2015,4692,2014-10-04,Sunderland,Stoke,3,1,1.4069999999999998,0.479
2014/2015,4693,2014-10-04,Swansea,Newcastle United,2,2,1.553,1.1869999999999998
2014/2015,4698,2014-10-05,West Ham,Queens Park Rangers,2,0,1.6409999999999998,0.698
2014/2015,4697,2014-10-05,Chelsea,Arsenal,2,0,1.404,0.332
2014/2015,4696,2014-10-05,Tottenham,Southampton,1,0,0.9,1.1469999999999998
2014/2015,4695,2014-10-05,Manchester United,Everton,2,1,1.625,2.137
2014/2015,4699,2014-10-18,Manchester City,Tottenham,4,1,3.751,2.324
2014/2015,4700,2014-10-18,Everton,Aston Villa,3,0,1.6709999999999998,0.373
2014/2015,4701,2014-10-18,Burnley,West Ham,1,3,1.745,2.842
2014/2015,4702,2014-10-18,Crystal Palace,Chelsea,1,2,1.1689999999999998,1.0159999999999998
2014/2015,4703,2014-10-18,Southampton,Sunderland,8,0,3.712,0.923
2014/2015,4704,2014-10-18,Newcastle United,Leicester,1,0,2.194,0.651
2014/2015,4705,2014-10-18,Arsenal,Hull,2,2,2.149,0.553
2014/2015,4706,2014-10-19,Queens Park Rangers,Liverpool,2,3,2.61,1.519
2014/2015,4707,2014-10-19,Stoke,Swansea,2,1,1.759,2.269
2014/2015,4708,2014-10-20,West Bromwich Albion,Manchester United,2,2,0.618,0.935
2014/2015,4713,2014-10-25,Liverpool,Hull,0,0,0.68,0.224
2014/2015,4712,2014-10-25,West Bromwich Albion,Crystal Palace,2,2,1.458,1.775
2014/2015,4714,2014-10-25,Swansea,Leicester,2,0,1.057,0.774
2014/2015,4710,2014-10-25,Southampton,Stoke,1,0,1.3769999999999998,0.869
2014/2015,4709,2014-10-25,West Ham,Manchester City,2,1,2.627,1.865
2014/2015,4711,2014-10-25,Sunderland,Arsenal,0,2,0.442,1.472
2014/2015,4715,2014-10-26,Tottenham,Newcastle United,1,2,2.038,0.741
2014/2015,4716,2014-10-26,Burnley,Everton,1,3,1.557,1.323
2014/2015,4717,2014-10-26,Manchester United,Chelsea,1,1,1.842,0.991
2014/2015,4718,2014-10-27,Queens Park Rangers,Aston Villa,2,0,0.818,1.188
2014/2015,4655,2014-11-01,Hull,Southampton,0,1,0.258,1.906
2014/2015,4654,2014-11-01,Everton,Swansea,0,0,1.1489999999999998,0.695
2014/2015,4653,2014-11-01,Chelsea,Queens Park Rangers,2,1,2.238,0.511
2014/2015,4651,2014-11-01,Leicester,West Bromwich Albion,0,1,1.4109999999999998,0.5630000000000001
2014/2015,4650,2014-11-01,Stoke,West Ham,2,2,3.071,0.53
2014/2015,4649,2014-11-01,Newcastle United,Liverpool,1,0,1.5699999999999998,0.26
2014/2015,4652,2014-11-01,Arsenal,Burnley,3,0,4.331,0.685
2014/2015,4656,2014-11-02,Manchester City,Manchester United,1,0,2.568,0.729
2014/2015,4657,2014-11-02,Aston Villa,Tottenham,1,2,0.873,2.543
2014/2015,4658,2014-11-03,Crystal Palace,Sunderland,1,3,0.767,0.729
2014/2015,4663,2014-11-08,Southampton,Leicester,2,0,1.0059999999999998,0.541
2014/2015,4664,2014-11-08,Queens Park Rangers,Manchester City,2,2,1.866,1.7029999999999998
2014/2015,4661,2014-11-08,Manchester United,Crystal Palace,1,0,0.958,0.402
2014/2015,4660,2014-11-08,Burnley,Hull,1,0,1.104,0.528
2014/2015,4659,2014-11-08,Liverpool,Chelsea,1,2,0.533,1.973
2014/2015,4662,2014-11-08,West Ham,Aston Villa,0,0,1.48,0.562
2014/2015,4665,2014-11-09,Sunderland,Everton,1,1,0.509,1.3199999999999998
2014/2015,4666,2014-11-09,Tottenham,Stoke,1,2,1.285,1.25
2014/2015,4667,2014-11-09,West Bromwich Albion,Newcastle United,0,2,0.766,0.695
2014/2015,4668,2014-11-09,Swansea,Arsenal,2,1,0.521,1.7779999999999998
2014/2015,4669,2014-11-22,Stoke,Burnley,1,2,1.944,1.2759999999999998
2014/2015,4670,2014-11-22,Newcastle United,Queens Park Rangers,1,0,1.48,0.403
2014/2015,4671,2014-11-22,Manchester City,Swansea,2,1,2.264,0.958
2014/2015,4672,2014-11-22,Leicester,Sunderland,0,0,0.687,0.891
2014/2015,4673,2014-11-22,Everton,West Ham,2,1,1.828,1.121
2014/2015,4674,2014-11-22,Chelsea,West Bromwich Albion,2,0,4.367,0.094
2014/2015,4675,2014-11-22,Arsenal,Manchester United,1,2,2.003,1.2799999999999998
2014/2015,4676,2014-11-23,Crystal Palace,Liverpool,3,1,1.474,0.954
2014/2015,4677,2014-11-23,Hull,Tottenham,1,2,0.943,2.165
2014/2015,4678,2014-11-24,Aston Villa,Southampton,1,1,1.1329999999999998,0.864
2014/2015,4679,2014-11-29,West Bromwich Albion,Arsenal,0,1,0.316,1.057
2014/2015,4680,2014-11-29,West Ham,Newcastle United,1,0,1.101,0.248
2014/2015,4681,2014-11-29,Swansea,Crystal Palace,1,1,1.464,1.511
2014/2015,4682,2014-11-29,Liverpool,Stoke,1,0,1.711,0.876
2014/2015,4683,2014-11-29,Manchester United,Hull,3,0,1.7699999999999998,0.231
2014/2015,4684,2014-11-29,Queens Park Rangers,Leicester,3,2,2.983,2.101
2014/2015,4685,2014-11-29,Burnley,Aston Villa,1,1,2.307,1.088
2014/2015,4686,2014-11-29,Sunderland,Chelsea,0,0,1.0319999999999998,0.762
2014/2015,4687,2014-11-30,Southampton,Manchester City,0,3,0.805,2.133
2014/2015,4688,2014-11-30,Tottenham,Everton,2,1,1.132,0.935
2014/2015,4592,2014-12-02,Swansea,Queens Park Rangers,2,0,1.543,0.791
2014/2015,4591,2014-12-02,Manchester United,Stoke,2,1,1.912,1.2919999999999998
2014/2015,4593,2014-12-02,Crystal Palace,Aston Villa,0,1,0.803,0.193
2014/2015,4589,2014-12-02,Burnley,Newcastle United,1,1,0.679,1.0019999999999998
2014/2015,4590,2014-12-02,Leicester,Liverpool,1,3,1.24,1.3019999999999998
2014/2015,4594,2014-12-02,West Bromwich Albion,West Ham,1,2,1.414,1.245
2014/2015,4598,2014-12-03,Arsenal,Southampton,1,0,2.374,0.572
2014/2015,4597,2014-12-03,Sunderland,Manchester City,1,4,0.413,1.0399999999999998
2014/2015,4595,2014-12-03,Chelsea,Tottenham,3,0,1.72,0.29
2014/2015,4596,2014-12-03,Everton,Hull,1,1,1.281,0.296
2014/2015,4599,2014-12-06,Newcastle United,Chelsea,2,1,1.487,2.163
2014/2015,4600,2014-12-06,Queens Park Rangers,Burnley,2,0,1.638,1.2659999999999998
2014/2015,4601,2014-12-06,Stoke,Arsenal,3,2,2.505,2.022
2014/2015,4602,2014-12-06,Tottenham,Crystal Palace,0,0,0.96,1.1749999999999998
2014/2015,4603,2014-12-06,Hull,West Bromwich Albion,0,0,0.587,1.063
2014/2015,4604,2014-12-06,Liverpool,Sunderland,0,0,0.665,0.269
2014/2015,4605,2014-12-06,Manchester City,Everton,1,0,2.25,0.387
2014/2015,4606,2014-12-07,West Ham,Swansea,3,1,2.116,0.999
2014/2015,4607,2014-12-07,Aston Villa,Leicester,2,1,1.978,1.009
2014/2015,4608,2014-12-08,Southampton,Manchester United,1,2,1.83,0.8
2014/2015,4615,2014-12-13,Arsenal,Newcastle United,4,1,2.389,0.94
2014/2015,4614,2014-12-13,Leicester,Manchester City,0,1,0.362,1.1349999999999998
2014/2015,4613,2014-12-13,Sunderland,West Ham,1,1,1.337,0.871
2014/2015,4612,2014-12-13,West Bromwich Albion,Aston Villa,1,0,1.438,0.267
2014/2015,4611,2014-12-13,Crystal Palace,Stoke,1,1,0.499,0.9
2014/2015,4610,2014-12-13,Chelsea,Hull,2,0,1.22,0.436
2014/2015,4609,2014-12-13,Burnley,Southampton,1,0,0.397,1.714
2014/2015,4616,2014-12-14,Manchester United,Liverpool,3,0,1.7959999999999998,1.872
2014/2015,4617,2014-12-14,Swansea,Tottenham,1,2,1.6789999999999998,0.732
2014/2015,4618,2014-12-15,Everton,Queens Park Rangers,3,1,0.749,0.973
2014/2015,4619,2014-12-20,Manchester City,Crystal Palace,3,0,1.416,0.762
2014/2015,4620,2014-12-20,West Ham,Leicester,2,0,1.452,0.661
2014/2015,4621,2014-12-20,Tottenham,Burnley,2,1,1.7739999999999998,0.656
2014/2015,4622,2014-12-20,Queens Park Rangers,West Bromwich Albion,3,2,2.93,1.3019999999999998
2014/2015,4623,2014-12-20,Southampton,Everton,3,0,2.214,0.599
2014/2015,4624,2014-12-20,Aston Villa,Manchester United,1,1,0.577,1.0699999999999998
2014/2015,4625,2014-12-20,Hull,Swansea,0,1,0.827,1.454
2014/2015,4626,2014-12-21,Newcastle United,Sunderland,0,1,0.901,2.185
2014/2015,4627,2014-12-21,Liverpool,Arsenal,2,2,1.3199999999999998,0.755
2014/2015,4628,2014-12-22,Stoke,Chelsea,0,2,0.413,1.456
2014/2015,4635,2014-12-26,Crystal Palace,Southampton,1,3,0.38,1.3039999999999998
2014/2015,4637,2014-12-26,Leicester,Tottenham,1,2,1.474,1.358
2014/2015,4636,2014-12-26,Manchester United,Newcastle United,3,1,1.862,1.033
2014/2015,4638,2014-12-26,Arsenal,Queens Park Rangers,2,1,2.14,1.219
2014/2015,4634,2014-12-26,Everton,Stoke,0,1,1.0099999999999998,1.3969999999999998
2014/2015,4629,2014-12-26,Chelsea,West Ham,2,0,3.569,0.46
2014/2015,4632,2014-12-26,Sunderland,Hull,1,3,1.357,0.857
2014/2015,4631,2014-12-26,Swansea,Aston Villa,1,0,0.602,1.4169999999999998
2014/2015,4630,2014-12-26,Burnley,Liverpool,0,1,0.613,1.0679999999999998
2014/2015,4633,2014-12-26,West Bromwich Albion,Manchester City,1,3,2.645,2.103
2014/2015,4647,2014-12-28,Newcastle United,Everton,3,2,1.714,1.0739999999999998
2014/2015,4645,2014-12-28,West Ham,Arsenal,1,2,1.109,3.36
2014/2015,4644,2014-12-28,Aston Villa,Sunderland,0,0,0.652,0.847
2014/2015,4643,2014-12-28,Manchester City,Burnley,2,2,1.3869999999999998,0.963
2014/2015,4646,2014-12-28,Stoke,West Bromwich Albion,2,0,1.255,1.359
2014/2015,4641,2014-12-28,Queens Park Rangers,Crystal Palace,0,0,0.407,0.33
2014/2015,4640,2014-12-28,Southampton,Chelsea,1,1,0.529,0.523
2014/2015,4639,2014-12-28,Tottenham,Manchester United,0,0,0.889,2.262
2014/2015,4642,2014-12-28,Hull,Leicester,0,1,1.724,0.181
2014/2015,4648,2014-12-29,Liverpool,Swansea,4,1,3.278,1.005
2014/2015,4559,2015-01-01,Liverpool,Leicester,2,2,2.39,1.095
2014/2015,4551,2015-01-01,Stoke,Manchester United,1,1,1.4089999999999998,0.933
2014/2015,4552,2015-01-01,Manchester City,Sunderland,3,2,3.634,0.981
2014/2015,4553,2015-01-01,Newcastle United,Burnley,3,3,1.247,1.6569999999999998
2014/2015,4554,2015-01-01,Queens Park Rangers,Swansea,1,1,3.163,1.698
2014/2015,4555,2015-01-01,Southampton,Arsenal,2,0,2.415,0.85
2014/2015,4556,2015-01-01,West Ham,West Bromwich Albion,1,1,1.1369999999999998,1.124
2014/2015,4557,2015-01-01,Aston Villa,Crystal Palace,0,0,1.388,0.577
2014/2015,4558,2015-01-01,Hull,Everton,2,0,1.958,0.959
2014/2015,4560,2015-01-01,Tottenham,Chelsea,5,3,1.825,3.034
2014/2015,4567,2015-01-10,Leicester,Aston Villa,1,0,2.366,0.607
2014/2015,4568,2015-01-10,Crystal Palace,Tottenham,2,1,2.861,0.92
2014/2015,4566,2015-01-10,Everton,Manchester City,1,1,0.951,1.5079999999999998
2014/2015,4565,2015-01-10,Chelsea,Newcastle United,2,0,1.082,0.396
2014/2015,4564,2015-01-10,Burnley,Queens Park Rangers,2,1,2.192,1.6969999999999998
2014/2015,4563,2015-01-10,West Bromwich Albion,Hull,1,0,0.785,0.397
2014/2015,4562,2015-01-10,Swansea,West Ham,1,1,1.5499999999999998,0.732
2014/2015,4561,2015-01-10,Sunderland,Liverpool,0,1,0.251,2.164
2014/2015,4569,2015-01-11,Arsenal,Stoke,3,0,2.27,0.399
2014/2015,4570,2015-01-11,Manchester United,Southampton,0,1,1.1929999999999998,1.158
2014/2015,4577,2015-01-17,Newcastle United,Southampton,1,2,0.858,0.433
2014/2015,4576,2015-01-17,Tottenham,Sunderland,2,1,0.933,1.1969999999999998
2014/2015,4575,2015-01-17,Swansea,Chelsea,0,5,0.215,3.198
2014/2015,4574,2015-01-17,Queens Park Rangers,Manchester United,0,2,0.931,1.557
2014/2015,4573,2015-01-17,Leicester,Stoke,0,1,0.383,0.717
2014/2015,4572,2015-01-17,Burnley,Crystal Palace,2,3,1.085,0.529
2014/2015,4571,2015-01-17,Aston Villa,Liverpool,0,2,0.846,1.545
2014/2015,4578,2015-01-18,West Ham,Hull,3,0,2.687,0.425
2014/2015,4579,2015-01-18,Manchester City,Arsenal,0,2,0.5630000000000001,1.496
2014/2015,4580,2015-01-19,Everton,West Bromwich Albion,0,0,1.494,0.197
2014/2015,4588,2015-01-31,Chelsea,Manchester City,1,1,0.71,0.908
2014/2015,4587,2015-01-31,Crystal Palace,Everton,0,1,1.211,1.361
2014/2015,4586,2015-01-31,West Bromwich Albion,Tottenham,0,3,0.809,1.345
2014/2015,4585,2015-01-31,Sunderland,Burnley,2,0,1.901,1.349
2014/2015,4581,2015-01-31,Hull,Newcastle United,0,3,0.99,0.51
2014/2015,4583,2015-01-31,Manchester United,Leicester,3,1,1.738,0.382
2014/2015,4582,2015-01-31,Liverpool,West Ham,2,0,2.283,0.384
2014/2015,4584,2015-01-31,Stoke,Queens Park Rangers,3,1,0.784,1.117
2014/2015,4513,2015-02-01,Arsenal,Aston Villa,5,0,2.359,0.716
2014/2015,4514,2015-02-01,Southampton,Swansea,0,1,1.628,0.264
2014/2015,4521,2015-02-07,Everton,Liverpool,0,0,0.229,1.037
2014/2015,4515,2015-02-07,Tottenham,Arsenal,2,1,1.2759999999999998,0.835
2014/2015,4516,2015-02-07,Aston Villa,Chelsea,1,2,0.709,1.118
2014/2015,4517,2015-02-07,Swansea,Sunderland,1,1,1.865,0.144
2014/2015,4518,2015-02-07,Leicester,Crystal Palace,0,1,0.781,1.007
2014/2015,4519,2015-02-07,Manchester City,Hull,1,1,0.994,1.134
2014/2015,4520,2015-02-07,Queens Park Rangers,Southampton,0,1,1.031,0.965
2014/2015,4524,2015-02-08,West Ham,Manchester United,1,1,0.866,1.214
2014/2015,4522,2015-02-08,Burnley,West Bromwich Albion,2,2,1.099,2.555
2014/2015,4523,2015-02-08,Newcastle United,Stoke,1,1,0.791,0.221
2014/2015,4525,2015-02-10,Arsenal,Leicester,2,1,1.7719999999999998,0.801
2014/2015,4526,2015-02-10,Sunderland,Queens Park Rangers,0,2,1.809,1.2699999999999998
2014/2015,4527,2015-02-10,Hull,Aston Villa,2,0,0.987,0.425
2014/2015,4528,2015-02-10,Liverpool,Tottenham,3,2,2.765,1.713
2014/2015,4529,2015-02-11,Chelsea,Everton,1,0,0.899,0.708
2014/2015,4530,2015-02-11,Stoke,Manchester City,1,4,0.747,2.137
2014/2015,4531,2015-02-11,Manchester United,Burnley,3,1,1.622,1.852
2014/2015,4532,2015-02-11,Southampton,West Ham,0,0,1.6849999999999998,0.126
2014/2015,4533,2015-02-11,Crystal Palace,Newcastle United,1,1,0.934,0.446
2014/2015,4534,2015-02-11,West Bromwich Albion,Swansea,2,0,0.687,0.44
2014/2015,4538,2015-02-21,Sunderland,West Bromwich Albion,0,0,0.701,0.108
2014/2015,4541,2015-02-21,Manchester City,Newcastle United,5,0,3.126,0.168
2014/2015,4540,2015-02-21,Hull,Queens Park Rangers,2,1,1.094,0.192
2014/2015,4539,2015-02-21,Swansea,Manchester United,2,1,1.043,1.473
2014/2015,4537,2015-02-21,Crystal Palace,Arsenal,1,2,2.265,2.082
2014/2015,4536,2015-02-21,Chelsea,Burnley,1,1,1.541,0.514
2014/2015,4535,2015-02-21,Aston Villa,Stoke,1,2,0.235,1.121
2014/2015,4542,2015-02-22,Tottenham,West Ham,2,2,2.177,2.209
2014/2015,4543,2015-02-22,Everton,Leicester,2,2,2.051,1.996
2014/2015,4544,2015-02-22,Southampton,Liverpool,0,2,0.87,0.697
2014/2015,4545,2015-02-28,West Ham,Crystal Palace,1,3,1.2859999999999998,0.852
2014/2015,4546,2015-02-28,West Bromwich Albion,Southampton,1,0,1.09,0.581
2014/2015,4547,2015-02-28,Stoke,Hull,1,0,0.897,0.345
2014/2015,4548,2015-02-28,Newcastle United,Aston Villa,1,0,0.933,0.774
2014/2015,4549,2015-02-28,Burnley,Swansea,0,1,0.9,1.416
2014/2015,4550,2015-02-28,Manchester United,Sunderland,2,0,3.036,0.274
2014/2015,4480,2015-03-01,Liverpool,Manchester City,2,1,0.77,1.1289999999999998
2014/2015,4481,2015-03-01,Arsenal,Everton,2,0,1.394,0.369
2014/2015,4483,2015-03-03,Hull,Sunderland,1,1,1.3949999999999998,1.232
2014/2015,4482,2015-03-03,Aston Villa,West Bromwich Albion,2,1,1.921,0.907
2014/2015,4484,2015-03-03,Southampton,Crystal Palace,1,0,2.23,0.394
2014/2015,4489,2015-03-04,Tottenham,Swansea,3,2,2.136,0.709
2014/2015,4491,2015-03-04,Liverpool,Burnley,2,0,1.3059999999999998,0.32
2014/2015,4488,2015-03-04,Stoke,Everton,2,0,1.0399999999999998,0.419
2014/2015,4490,2015-03-04,Queens Park Rangers,Arsenal,1,2,0.32,2.166
2014/2015,4486,2015-03-04,Manchester City,Leicester,2,0,2.917,0.218
2014/2015,4485,2015-03-04,West Ham,Chelsea,0,1,1.464,2.385
2014/2015,4487,2015-03-04,Newcastle United,Manchester United,0,1,1.1929999999999998,1.69
2014/2015,4492,2015-03-07,Queens Park Rangers,Tottenham,1,2,1.499,2.625
2014/2015,4493,2015-03-14,Crystal Palace,Queens Park Rangers,3,1,2.202,0.267
2014/2015,4494,2015-03-14,Arsenal,West Ham,3,0,3.197,0.479
2014/2015,4495,2015-03-14,Leicester,Hull,0,0,0.54,1.049
2014/2015,4496,2015-03-14,West Bromwich Albion,Stoke,1,0,0.96,0.2
2014/2015,4497,2015-03-14,Sunderland,Aston Villa,0,4,0.474,1.503
2014/2015,4498,2015-03-14,Burnley,Manchester City,1,0,0.243,1.259
2014/2015,4499,2015-03-15,Chelsea,Southampton,1,1,3.194,1.829
2014/2015,4500,2015-03-15,Everton,Newcastle United,3,0,2.259,0.81
2014/2015,4501,2015-03-15,Manchester United,Tottenham,3,0,1.029,0.207
2014/2015,4502,2015-03-16,Swansea,Liverpool,0,1,0.44,1.696
2014/2015,4509,2015-03-21,West Ham,Sunderland,1,0,0.997,0.538
2014/2015,4508,2015-03-21,Newcastle United,Arsenal,1,2,1.0079999999999998,0.756
2014/2015,4506,2015-03-21,Southampton,Burnley,2,0,1.922,1.051
2014/2015,4507,2015-03-21,Stoke,Crystal Palace,1,2,2.08,2.151
2014/2015,4504,2015-03-21,Aston Villa,Swansea,0,1,0.763,1.905
2014/2015,4503,2015-03-21,Manchester City,West Bromwich Albion,3,0,4.91,0.776
2014/2015,4505,2015-03-21,Tottenham,Leicester,4,3,2.83,2.723
2014/2015,4510,2015-03-22,Liverpool,Manchester United,1,2,0.559,1.227
2014/2015,4511,2015-03-22,Hull,Chelsea,2,3,1.325,0.76
2014/2015,4512,2015-03-22,Queens Park Rangers,Everton,1,2,1.394,0.841
2014/2015,4440,2015-04-04,Arsenal,Liverpool,4,1,1.458,1.215
2014/2015,4441,2015-04-04,Everton,Southampton,1,0,1.021,0.535
2014/2015,4442,2015-04-04,Leicester,West Ham,2,1,3.437,1.937
2014/2015,4443,2015-04-04,Manchester United,Aston Villa,3,1,1.985,0.313
2014/2015,4444,2015-04-04,Swansea,Hull,3,1,1.5,0.92
2014/2015,4445,2015-04-04,West Bromwich Albion,Queens Park Rangers,1,4,2.135,1.21
2014/2015,4446,2015-04-04,Chelsea,Stoke,2,1,3.286,0.278
2014/2015,4448,2015-04-05,Sunderland,Newcastle United,1,0,0.83,0.799
2014/2015,4447,2015-04-05,Burnley,Tottenham,0,0,1.515,0.378
2014/2015,4449,2015-04-06,Crystal Palace,Manchester City,2,1,1.329,1.114
2014/2015,4450,2015-04-07,Aston Villa,Queens Park Rangers,3,3,1.868,1.432
2014/2015,4451,2015-04-11,Swansea,Everton,1,1,1.098,0.843
2014/2015,4452,2015-04-11,Sunderland,Crystal Palace,1,4,0.618,2.349
2014/2015,4453,2015-04-11,Southampton,Hull,2,0,2.375,0.738
2014/2015,4454,2015-04-11,West Ham,Stoke,1,1,0.606,0.589
2014/2015,4455,2015-04-11,Tottenham,Aston Villa,0,1,0.623,0.862
2014/2015,4456,2015-04-11,West Bromwich Albion,Leicester,2,3,0.969,1.688
2014/2015,4457,2015-04-11,Burnley,Arsenal,0,1,0.658,1.212
2014/2015,4458,2015-04-12,Queens Park Rangers,Chelsea,0,1,0.782,0.922
2014/2015,4459,2015-04-12,Manchester United,Manchester City,4,2,2.661,1.759
2014/2015,4460,2015-04-13,Liverpool,Newcastle United,2,0,1.2659999999999998,0.364
2014/2015,4461,2015-04-18,Everton,Burnley,1,0,2.362,1.063
2014/2015,4462,2015-04-18,Crystal Palace,West Bromwich Albion,0,2,2.057,0.699
2014/2015,4463,2015-04-18,Leicester,Swansea,2,0,2.571,0.874
2014/2015,4464,2015-04-18,Stoke,Southampton,2,1,2.266,1.362
2014/2015,4465,2015-04-18,Chelsea,Manchester United,1,0,1.15,0.746
2014/2015,4467,2015-04-19,Newcastle United,Tottenham,1,3,0.94,2.0
2014/2015,4466,2015-04-19,Manchester City,West Ham,2,0,2.052,0.739
2014/2015,4468,2015-04-25,Southampton,Tottenham,2,2,1.394,0.532
2014/2015,4469,2015-04-25,Queens Park Rangers,West Ham,0,0,2.282,0.825
2014/2015,4470,2015-04-25,Newcastle United,Swansea,2,3,1.5499999999999998,1.589
2014/2015,4471,2015-04-25,West Bromwich Albion,Liverpool,0,0,0.509,1.4129999999999998
2014/2015,4472,2015-04-25,Stoke,Sunderland,1,1,2.152,2.176
2014/2015,4473,2015-04-25,Burnley,Leicester,0,1,1.991,1.22
2014/2015,4474,2015-04-25,Crystal Palace,Hull,0,2,0.915,2.378
2014/2015,4475,2015-04-25,Manchester City,Aston Villa,3,2,1.19,0.902
2014/2015,4476,2015-04-26,Everton,Manchester United,3,0,1.0799999999999998,0.751
2014/2015,4477,2015-04-26,Arsenal,Chelsea,0,0,1.0759999999999998,0.854
2014/2015,4478,2015-04-28,Hull,Liverpool,1,0,0.732,0.525
2014/2015,4479,2015-04-29,Leicester,Chelsea,1,3,0.601,1.5179999999999998
2014/2015,4404,2015-05-02,West Ham,Burnley,1,0,3.24,0.759
2014/2015,4402,2015-05-02,Sunderland,Southampton,2,1,1.978,0.907
2014/2015,4405,2015-05-02,Manchester United,West Bromwich Albion,0,1,2.109,0.319
2014/2015,4400,2015-05-02,Liverpool,Queens Park Rangers,2,1,2.288,0.387
2014/2015,4401,2015-05-02,Aston Villa,Everton,3,2,1.563,1.406
2014/2015,4403,2015-05-02,Swansea,Stoke,2,0,2.077,0.325
2014/2015,4399,2015-05-02,Leicester,Newcastle United,3,0,4.0280000000000005,0.486
2014/2015,4406,2015-05-03,Chelsea,Crystal Palace,1,0,1.563,0.417
2014/2015,4407,2015-05-03,Tottenham,Manchester City,0,1,2.071,1.807
2014/2015,4408,2015-05-04,Hull,Arsenal,1,3,0.476,2.95
2014/2015,4413,2015-05-09,Newcastle United,West Bromwich Albion,1,1,1.238,1.212
2014/2015,4409,2015-05-09,Everton,Sunderland,0,2,1.144,1.1989999999999998
2014/2015,4410,2015-05-09,Hull,Burnley,0,1,1.1289999999999998,1.214
2014/2015,4411,2015-05-09,Aston Villa,West Ham,1,0,1.267,0.15
2014/2015,4412,2015-05-09,Leicester,Southampton,2,0,1.642,0.349
2014/2015,4414,2015-05-09,Stoke,Tottenham,3,0,2.139,0.299
2014/2015,4415,2015-05-09,Crystal Palace,Manchester United,1,2,1.0439999999999998,2.299
2014/2015,4417,2015-05-10,Chelsea,Liverpool,1,1,0.536,1.334
2014/2015,4416,2015-05-10,Manchester City,Queens Park Rangers,6,0,5.352,0.873
2014/2015,4418,2015-05-11,Arsenal,Swansea,0,1,1.885,0.348
2014/2015,4425,2015-05-16,Liverpool,Crystal Palace,1,3,1.115,1.996
2014/2015,4424,2015-05-16,Burnley,Stoke,0,0,0.911,1.7639999999999998
2014/2015,4423,2015-05-16,West Ham,Everton,1,2,0.814,2.072
2014/2015,4419,2015-05-16,Southampton,Aston Villa,6,1,3.597,1.1869999999999998
2014/2015,4421,2015-05-16,Sunderland,Leicester,0,0,0.936,0.684
2014/2015,4420,2015-05-16,Queens Park Rangers,Newcastle United,2,1,0.471,2.113
2014/2015,4422,2015-05-16,Tottenham,Hull,2,0,1.702,1.134
2014/2015,4426,2015-05-17,Swansea,Manchester City,2,4,1.0619999999999998,2.282
2014/2015,4427,2015-05-17,Manchester United,Arsenal,1,1,0.716,1.069
2014/2015,4428,2015-05-18,West Bromwich Albion,Chelsea,3,0,1.228,1.0779999999999998
2014/2015,4429,2015-05-20,Arsenal,Sunderland,0,0,1.69,1.503
2014/2015,4438,2015-05-24,Newcastle United,West Ham,2,0,1.6429999999999998,0.417
2014/2015,4436,2015-05-24,Leicester,Queens Park Rangers,5,1,2.175,1.269
2014/2015,4439,2015-05-24,Stoke,Liverpool,6,1,2.158,1.0239999999999998
2014/2015,4435,2015-05-24,Hull,Manchester United,0,0,0.985,0.401
2014/2015,4437,2015-05-24,Manchester City,Southampton,2,0,2.442,0.777
2014/2015,4433,2015-05-24,Arsenal,West Bromwich Albion,4,1,3.167,0.57
2014/2015,4430,2015-05-24,Aston Villa,Burnley,0,1,0.656,0.662
2014/2015,4431,2015-05-24,Chelsea,Sunderland,3,1,2.53,1.394
2014/2015,4434,2015-05-24,Everton,Tottenham,0,1,0.647,1.3909999999999998
2014/2015,4432,2015-05-24,Crystal Palace,Swansea,1,0,1.0759999999999998,0.12
2015/2016,81,2015-08-08,Manchester United,Tottenham,1,0,0.629,0.676
2015/2016,82,2015-08-08,Bournemouth,Aston Villa,0,1,0.877,0.783
2015/2016,83,2015-08-08,Everton,Watford,2,2,0.605,0.559
2015/2016,84,2015-08-08,Leicester,Sunderland,4,2,2.569,1.46
2015/2016,86,2015-08-08,Chelsea,Swansea,2,2,0.645,2.593
2015/2016,85,2015-08-08,Norwich,Crystal Palace,1,3,1.132,2.111
2015/2016,87,2015-08-09,Newcastle United,Southampton,2,2,1.547,1.2539999999999998
2015/2016,88,2015-08-09,Arsenal,West Ham,0,2,1.333,0.537
2015/2016,89,2015-08-09,Stoke,Liverpool,0,1,0.382,0.331
2015/2016,90,2015-08-10,West Bromwich Albion,Manchester City,0,3,0.436,1.925
2015/2016,91,2015-08-14,Aston Villa,Manchester United,0,1,0.22,0.661
2015/2016,95,2015-08-15,Tottenham,Stoke,2,2,1.707,2.811
2015/2016,96,2015-08-15,Watford,West Bromwich Albion,0,0,0.762,0.685
2015/2016,97,2015-08-15,West Ham,Leicester,1,2,0.514,1.81
2015/2016,94,2015-08-15,Swansea,Newcastle United,2,0,1.975,0.114
2015/2016,92,2015-08-15,Southampton,Everton,0,3,1.063,1.3969999999999998
2015/2016,93,2015-08-15,Sunderland,Norwich,1,3,0.33,1.718
2015/2016,98,2015-08-16,Crystal Palace,Arsenal,1,2,0.965,2.056
2015/2016,99,2015-08-16,Manchester City,Chelsea,3,0,2.187,0.483
2015/2016,100,2015-08-17,Liverpool,Bournemouth,1,0,2.152,0.462
2015/2016,106,2015-08-22,West Ham,Bournemouth,3,4,1.503,2.856
2015/2016,105,2015-08-22,Leicester,Tottenham,1,1,0.83,1.895
2015/2016,104,2015-08-22,Crystal Palace,Aston Villa,2,1,1.239,0.766
2015/2016,102,2015-08-22,Norwich,Stoke,1,1,3.15,0.699
2015/2016,101,2015-08-22,Manchester United,Newcastle United,0,0,1.25,0.439
2015/2016,103,2015-08-22,Sunderland,Swansea,1,1,0.57,1.5619999999999998
2015/2016,107,2015-08-23,West Bromwich Albion,Chelsea,2,3,1.4269999999999998,2.029
2015/2016,108,2015-08-23,Everton,Manchester City,0,2,0.58,1.581
2015/2016,109,2015-08-23,Watford,Southampton,0,0,1.1769999999999998,0.685
2015/2016,110,2015-08-24,Arsenal,Liverpool,0,0,1.839,1.293
2015/2016,116,2015-08-29,Liverpool,West Ham,0,3,0.5630000000000001,0.973
2015/2016,117,2015-08-29,Manchester City,Watford,2,0,1.5299999999999998,0.365
2015/2016,118,2015-08-29,Tottenham,Everton,0,0,2.0,0.696
2015/2016,115,2015-08-29,Chelsea,Crystal Palace,1,2,1.2799999999999998,2.194
2015/2016,113,2015-08-29,Aston Villa,Sunderland,2,2,2.275,0.37
2015/2016,111,2015-08-29,Newcastle United,Arsenal,0,1,0.033,2.34
2015/2016,114,2015-08-29,Bournemouth,Leicester,1,1,0.322,0.92
2015/2016,112,2015-08-29,Stoke,West Bromwich Albion,0,1,1.219,0.882
2015/2016,119,2015-08-30,Southampton,Norwich,3,0,2.856,0.64
2015/2016,120,2015-08-30,Swansea,Manchester United,2,1,0.972,1.2819999999999998
2015/2016,121,2015-09-12,Everton,Chelsea,3,1,1.1809999999999998,0.657
2015/2016,122,2015-09-12,Arsenal,Stoke,2,0,4.428,0.192
2015/2016,123,2015-09-12,Crystal Palace,Manchester City,0,1,0.744,3.09
2015/2016,124,2015-09-12,Watford,Swansea,1,0,1.5739999999999998,0.504
2015/2016,125,2015-09-12,West Bromwich Albion,Southampton,0,0,0.41,1.0079999999999998
2015/2016,126,2015-09-12,Norwich,Bournemouth,3,1,1.333,0.39
2015/2016,127,2015-09-12,Manchester United,Liverpool,3,1,1.463,1.027
2015/2016,128,2015-09-13,Sunderland,Tottenham,0,1,1.0419999999999998,1.457
2015/2016,129,2015-09-13,Leicester,Aston Villa,3,2,1.351,0.954
2015/2016,130,2015-09-14,West Ham,Newcastle United,2,0,1.714,0.718
2015/2016,137,2015-09-19,Manchester City,West Ham,1,2,2.986,0.996
2015/2016,136,2015-09-19,Swansea,Everton,0,0,0.866,1.7759999999999998
2015/2016,135,2015-09-19,Stoke,Leicester,2,2,1.148,1.227
2015/2016,133,2015-09-19,Aston Villa,West Bromwich Albion,0,1,0.878,0.634
2015/2016,132,2015-09-19,Newcastle United,Watford,1,2,1.152,1.341
2015/2016,131,2015-09-19,Chelsea,Arsenal,2,0,2.07,0.776
2015/2016,134,2015-09-19,Bournemouth,Sunderland,2,0,0.645,0.856
2015/2016,138,2015-09-20,Tottenham,Crystal Palace,1,0,1.017,0.539
2015/2016,139,2015-09-20,Southampton,Manchester United,2,3,1.838,1.652
2015/2016,140,2015-09-20,Liverpool,Norwich,1,1,1.905,0.557
2015/2016,148,2015-09-26,Newcastle United,Chelsea,2,2,0.703,1.307
2015/2016,141,2015-09-26,Tottenham,Manchester City,4,1,2.309,1.579
2015/2016,142,2015-09-26,Southampton,Swansea,3,1,1.555,1.4209999999999998
2015/2016,143,2015-09-26,Stoke,Bournemouth,2,1,1.946,0.873
2015/2016,144,2015-09-26,Leicester,Arsenal,2,5,1.386,3.897
2015/2016,145,2015-09-26,Liverpool,Aston Villa,3,2,1.7839999999999998,0.893
2015/2016,146,2015-09-26,Manchester United,Sunderland,3,0,2.898,0.833
2015/2016,147,2015-09-26,West Ham,Norwich,2,2,2.605,1.3869999999999998
2015/2016,149,2015-09-27,Watford,Crystal Palace,0,1,0.687,2.337
2015/2016,150,2015-09-28,West Bromwich Albion,Everton,2,3,1.2759999999999998,2.303
2015/2016,151,2015-10-03,Crystal Palace,West Bromwich Albion,2,0,1.992,0.257
2015/2016,152,2015-10-03,Aston Villa,Stoke,0,1,0.84,1.0359999999999998
2015/2016,153,2015-10-03,Bournemouth,Watford,1,1,1.5039999999999998,0.914
2015/2016,154,2015-10-03,Manchester City,Newcastle United,6,1,3.336,0.981
2015/2016,155,2015-10-03,Norwich,Leicester,1,2,1.182,3.004
2015/2016,156,2015-10-03,Sunderland,West Ham,2,2,1.085,1.938
2015/2016,157,2015-10-03,Chelsea,Southampton,1,3,0.521,1.583
2015/2016,158,2015-10-04,Everton,Liverpool,1,1,1.202,1.309
2015/2016,159,2015-10-04,Swansea,Tottenham,2,2,0.776,1.182
2015/2016,160,2015-10-04,Arsenal,Manchester United,3,0,2.171,1.041
2015/2016,168,2015-10-17,Watford,Arsenal,0,3,0.256,2.691
2015/2016,166,2015-10-17,Everton,Manchester United,0,3,0.654,1.48
2015/2016,165,2015-10-17,Crystal Palace,West Ham,1,3,1.085,2.765
2015/2016,167,2015-10-17,Manchester City,Bournemouth,5,1,4.714,0.174
2015/2016,163,2015-10-17,West Bromwich Albion,Sunderland,1,0,2.079,0.659
2015/2016,162,2015-10-17,Southampton,Leicester,2,2,1.468,2.787
2015/2016,161,2015-10-17,Tottenham,Liverpool,0,0,0.587,0.717
2015/2016,164,2015-10-17,Chelsea,Aston Villa,2,0,1.23,0.797
2015/2016,169,2015-10-18,Newcastle United,Norwich,6,2,2.25,1.345
2015/2016,170,2015-10-19,Swansea,Stoke,0,1,0.486,1.65
2015/2016,176,2015-10-24,Arsenal,Everton,2,1,2.559,0.374
2015/2016,175,2015-10-24,Stoke,Watford,0,2,0.849,1.041
2015/2016,174,2015-10-24,Norwich,West Bromwich Albion,0,1,1.033,1.4549999999999998
2015/2016,172,2015-10-24,Leicester,Crystal Palace,1,0,1.336,0.241
2015/2016,171,2015-10-24,Aston Villa,Swansea,1,2,1.096,1.745
2015/2016,173,2015-10-24,West Ham,Chelsea,2,1,0.774,1.1369999999999998
2015/2016,177,2015-10-25,Sunderland,Newcastle United,3,0,2.381,1.418
2015/2016,178,2015-10-25,Bournemouth,Tottenham,1,5,0.492,3.434
2015/2016,179,2015-10-25,Manchester United,Manchester City,0,0,0.393,0.312
2015/2016,180,2015-10-25,Liverpool,Southampton,1,1,0.684,1.565
2015/2016,185,2015-10-31,Swansea,Arsenal,0,3,0.265,2.178
2015/2016,186,2015-10-31,Watford,West Ham,2,0,1.616,0.607
2015/2016,187,2015-10-31,West Bromwich Albion,Leicester,2,3,1.505,2.226
2015/2016,184,2015-10-31,Newcastle United,Stoke,0,0,1.2619999999999998,1.3809999999999998
2015/2016,182,2015-10-31,Crystal Palace,Manchester United,0,0,0.94,0.395
2015/2016,183,2015-10-31,Manchester City,Norwich,2,1,2.837,1.176
2015/2016,181,2015-10-31,Chelsea,Liverpool,1,3,0.737,0.84
2015/2016,188,2015-11-01,Everton,Sunderland,6,2,2.35,1.219
2015/2016,189,2015-11-01,Southampton,Bournemouth,2,0,1.1609999999999998,0.713
2015/2016,190,2015-11-03,Tottenham,Aston Villa,3,1,1.1449999999999998,0.327
2015/2016,195,2015-11-07,West Ham,Everton,1,1,0.591,1.089
2015/2016,191,2015-11-07,Bournemouth,Newcastle United,0,1,1.005,0.505
2015/2016,192,2015-11-07,Leicester,Watford,2,1,1.565,1.0059999999999998
2015/2016,193,2015-11-07,Manchester United,West Bromwich Albion,2,0,1.279,0.595
2015/2016,194,2015-11-07,Norwich,Swansea,1,0,1.196,0.403
2015/2016,196,2015-11-07,Sunderland,Southampton,0,1,0.3,1.797
2015/2016,197,2015-11-07,Stoke,Chelsea,1,0,0.826,1.027
2015/2016,198,2015-11-08,Aston Villa,Manchester City,0,0,0.184,1.5339999999999998
2015/2016,199,2015-11-08,Arsenal,Tottenham,1,1,2.019,0.907
2015/2016,200,2015-11-08,Liverpool,Crystal Palace,1,2,2.158,0.85
2015/2016,202,2015-11-21,Swansea,Bournemouth,2,2,1.886,1.586
2015/2016,207,2015-11-21,Chelsea,Norwich,1,0,2.166,0.204
2015/2016,208,2015-11-21,Manchester City,Liverpool,1,4,1.087,2.618
2015/2016,206,2015-11-21,Everton,Aston Villa,4,0,2.832,0.323
2015/2016,201,2015-11-21,Watford,Manchester United,1,2,1.472,1.3039999999999998
2015/2016,204,2015-11-21,West Bromwich Albion,Arsenal,2,1,0.334,2.091
2015/2016,203,2015-11-21,Southampton,Stoke,0,1,0.71,1.196
2015/2016,205,2015-11-21,Newcastle United,Leicester,0,3,0.373,3.276
2015/2016,209,2015-11-22,Tottenham,West Ham,4,1,3.225,0.82
2015/2016,210,2015-11-24,Crystal Palace,Sunderland,0,1,0.697,1.3079999999999998
2015/2016,216,2015-11-28,Leicester,Manchester United,1,1,0.877,1.057
2015/2016,211,2015-11-28,Sunderland,Stoke,2,0,0.864,0.796
2015/2016,212,2015-11-28,Aston Villa,Watford,2,3,1.491,1.4529999999999998
2015/2016,213,2015-11-28,Bournemouth,Everton,3,3,1.692,0.73
2015/2016,214,2015-11-28,Crystal Palace,Newcastle United,5,1,1.6789999999999998,0.792
2015/2016,215,2015-11-28,Manchester City,Southampton,3,1,2.124,1.246
2015/2016,220,2015-11-29,Norwich,Arsenal,1,1,1.011,1.658
2015/2016,219,2015-11-29,Liverpool,Swansea,1,0,1.1949999999999998,0.369
2015/2016,217,2015-11-29,Tottenham,Chelsea,0,0,0.334,0.284
2015/2016,218,2015-11-29,West Ham,West Bromwich Albion,1,1,1.4149999999999998,0.867
2015/2016,221,2015-12-05,Stoke,Manchester City,2,0,2.015,0.485
2015/2016,222,2015-12-05,Swansea,Leicester,0,3,0.782,2.211
2015/2016,223,2015-12-05,Watford,Norwich,2,0,2.073,0.312
2015/2016,224,2015-12-05,West Bromwich Albion,Tottenham,1,1,1.488,1.13
2015/2016,225,2015-12-05,Arsenal,Sunderland,3,1,2.297,1.5239999999999998
2015/2016,226,2015-12-05,Manchester United,West Ham,0,0,1.7619999999999998,1.103
2015/2016,227,2015-12-05,Southampton,Aston Villa,1,1,2.862,1.059
2015/2016,228,2015-12-05,Chelsea,Bournemouth,0,1,1.6709999999999998,1.2599999999999998
2015/2016,229,2015-12-06,Newcastle United,Liverpool,2,0,0.647,1.0
2015/2016,230,2015-12-08,Everton,Crystal Palace,1,1,1.6989999999999998,1.1909999999999998
2015/2016,235,2015-12-12,West Ham,Stoke,0,0,1.1329999999999998,1.873
2015/2016,234,2015-12-12,Crystal Palace,Southampton,1,0,1.313,0.891
2015/2016,236,2015-12-12,Bournemouth,Manchester United,2,1,1.051,1.969
2015/2016,232,2015-12-12,Manchester City,Swansea,2,1,1.344,0.964
2015/2016,231,2015-12-12,Norwich,Everton,1,1,1.494,2.437
2015/2016,233,2015-12-12,Sunderland,Watford,0,1,0.88,2.057
2015/2016,237,2015-12-13,Aston Villa,Arsenal,0,2,1.0099999999999998,1.686
2015/2016,238,2015-12-13,Liverpool,West Bromwich Albion,2,2,2.127,0.837
2015/2016,239,2015-12-13,Tottenham,Newcastle United,1,2,1.0339999999999998,1.5539999999999998
2015/2016,240,2015-12-15,Leicester,Chelsea,2,1,0.71,2.27
2015/2016,247,2015-12-19,Newcastle United,Aston Villa,1,1,1.283,0.405
2015/2016,246,2015-12-19,Manchester United,Norwich,1,2,1.015,0.558
2015/2016,245,2015-12-19,Everton,Leicester,2,3,1.491,2.03
2015/2016,244,2015-12-19,Chelsea,Sunderland,3,1,3.021,1.237
2015/2016,242,2015-12-19,Southampton,Tottenham,0,2,0.835,1.476
2015/2016,241,2015-12-19,West Bromwich Albion,Bournemouth,1,2,0.699,1.893
2015/2016,243,2015-12-19,Stoke,Crystal Palace,1,2,2.416,1.954
2015/2016,248,2015-12-20,Watford,Liverpool,3,0,1.994,0.377
2015/2016,249,2015-12-20,Swansea,West Ham,0,0,0.974,0.403
2015/2016,250,2015-12-22,Arsenal,Manchester City,2,1,1.5019999999999998,0.77
2015/2016,257,2015-12-26,Liverpool,Leicester,1,0,1.38,0.506
2015/2016,259,2015-12-26,Newcastle United,Everton,0,1,1.358,1.7
2015/2016,258,2015-12-26,Manchester City,Sunderland,4,1,3.519,1.082
2015/2016,256,2015-12-26,Chelsea,Watford,2,2,2.095,1.668
2015/2016,260,2015-12-26,Southampton,Arsenal,4,0,2.431,0.832
2015/2016,254,2015-12-26,Aston Villa,West Ham,1,1,1.613,0.837
2015/2016,253,2015-12-26,Tottenham,Norwich,3,0,2.408,0.453
2015/2016,252,2015-12-26,Swansea,West Bromwich Albion,1,0,1.213,0.556
2015/2016,251,2015-12-26,Stoke,Manchester United,2,0,1.1829999999999998,1.291
2015/2016,255,2015-12-26,Bournemouth,Crystal Palace,0,0,0.872,0.406
2015/2016,268,2015-12-28,West Ham,Southampton,2,1,1.797,1.372
2015/2016,267,2015-12-28,Manchester United,Chelsea,0,0,1.353,0.901
2015/2016,266,2015-12-28,Arsenal,Bournemouth,2,0,3.131,0.345
2015/2016,265,2015-12-28,Everton,Stoke,3,4,2.248,1.583
2015/2016,263,2015-12-28,Norwich,Aston Villa,2,0,1.104,0.237
2015/2016,262,2015-12-28,Watford,Tottenham,1,2,1.1309999999999998,0.528
2015/2016,261,2015-12-28,West Bromwich Albion,Newcastle United,1,0,2.105,0.457
2015/2016,264,2015-12-28,Crystal Palace,Swansea,0,0,0.736,0.17
2015/2016,269,2015-12-29,Leicester,Manchester City,0,0,0.811,1.6689999999999998
2015/2016,270,2015-12-30,Sunderland,Liverpool,0,1,0.483,1.808
2015/2016,276,2016-01-02,Norwich,Southampton,1,0,1.5059999999999998,0.933
2015/2016,278,2016-01-02,Watford,Manchester City,1,2,0.986,0.693
2015/2016,277,2016-01-02,Sunderland,Aston Villa,3,1,0.762,0.281
2015/2016,275,2016-01-02,Manchester United,Swansea,2,1,1.744,0.544
2015/2016,272,2016-01-02,West Bromwich Albion,Stoke,2,1,1.724,0.919
2015/2016,273,2016-01-02,Arsenal,Newcastle United,1,0,1.931,1.154
2015/2016,271,2016-01-02,West Ham,Liverpool,2,0,2.068,1.867
2015/2016,274,2016-01-02,Leicester,Bournemouth,0,0,2.286,1.2599999999999998
2015/2016,279,2016-01-03,Crystal Palace,Chelsea,0,3,0.547,2.376
2015/2016,280,2016-01-03,Everton,Tottenham,1,1,0.723,0.76
2015/2016,281,2016-01-12,Newcastle United,Manchester United,3,3,1.814,2.363
2015/2016,282,2016-01-12,Aston Villa,Crystal Palace,1,0,0.553,0.549
2015/2016,283,2016-01-12,Bournemouth,West Ham,1,3,0.731,1.186
2015/2016,288,2016-01-13,Manchester City,Everton,0,0,1.4509999999999998,0.371
2015/2016,284,2016-01-13,Southampton,Watford,2,0,1.723,0.116
2015/2016,285,2016-01-13,Stoke,Norwich,3,1,1.246,0.195
2015/2016,286,2016-01-13,Swansea,Sunderland,2,4,1.0659999999999998,2.492
2015/2016,287,2016-01-13,Chelsea,West Bromwich Albion,2,2,1.386,0.705
2015/2016,290,2016-01-14,Tottenham,Leicester,0,1,1.231,0.59
2015/2016,289,2016-01-14,Liverpool,Arsenal,3,3,1.1629999999999998,2.23
2015/2016,291,2016-01-16,Tottenham,Sunderland,4,1,2.027,0.618
2015/2016,292,2016-01-16,Manchester City,Crystal Palace,4,0,1.741,0.614
2015/2016,293,2016-01-16,Newcastle United,West Ham,2,1,1.844,1.083
2015/2016,294,2016-01-16,Southampton,West Bromwich Albion,3,0,1.4269999999999998,0.412
2015/2016,295,2016-01-16,Chelsea,Everton,3,3,2.45,1.59
2015/2016,296,2016-01-16,Bournemouth,Norwich,3,0,2.532,0.596
2015/2016,297,2016-01-16,Aston Villa,Leicester,1,1,0.666,2.216
2015/2016,298,2016-01-17,Liverpool,Manchester United,0,1,0.954,0.717
2015/2016,299,2016-01-17,Stoke,Arsenal,0,0,0.548,0.587
2015/2016,300,2016-01-19,Swansea,Watford,1,0,0.475,0.526
2015/2016,308,2016-01-23,West Ham,Manchester City,2,2,1.0139999999999998,1.733
2015/2016,306,2016-01-23,Sunderland,Bournemouth,1,1,0.613,1.2699999999999998
2015/2016,305,2016-01-23,West Bromwich Albion,Aston Villa,0,0,0.233,0.5630000000000001
2015/2016,307,2016-01-23,Watford,Newcastle United,2,1,2.588,1.2939999999999998
2015/2016,303,2016-01-23,Manchester United,Southampton,0,1,0.188,0.837
2015/2016,302,2016-01-23,Crystal Palace,Tottenham,1,3,0.932,1.745
2015/2016,301,2016-01-23,Norwich,Liverpool,4,5,1.035,1.45
2015/2016,304,2016-01-23,Leicester,Stoke,3,0,2.26,0.341
2015/2016,309,2016-01-24,Everton,Swansea,1,2,1.942,1.082
2015/2016,310,2016-01-24,Arsenal,Chelsea,0,1,1.11,1.489
2015/2016,315,2016-02-02,West Ham,Aston Villa,2,0,2.347,0.109
2015/2016,313,2016-02-02,Norwich,Tottenham,0,3,0.93,2.756
2015/2016,314,2016-02-02,Sunderland,Manchester City,0,1,0.889,0.639
2015/2016,311,2016-02-02,Arsenal,Southampton,0,0,3.386,0.935
2015/2016,312,2016-02-02,Leicester,Liverpool,2,0,1.347,0.582
2015/2016,316,2016-02-03,Crystal Palace,Bournemouth,1,2,1.625,1.1749999999999998
2015/2016,317,2016-02-03,Manchester United,Stoke,3,0,2.454,0.352
2015/2016,318,2016-02-03,West Bromwich Albion,Swansea,1,1,2.307,1.18
2015/2016,319,2016-02-03,Everton,Newcastle United,3,0,2.485,0.627
2015/2016,320,2016-02-03,Watford,Chelsea,0,0,0.532,1.138
2015/2016,327,2016-02-06,Liverpool,Sunderland,2,2,1.5779999999999998,0.493
2015/2016,328,2016-02-06,Southampton,West Ham,1,0,1.0659999999999998,0.972
2015/2016,325,2016-02-06,Swansea,Crystal Palace,1,1,1.3219999999999998,1.0159999999999998
2015/2016,326,2016-02-06,Aston Villa,Norwich,2,0,0.919,1.142
2015/2016,323,2016-02-06,Stoke,Everton,0,3,0.695,3.06
2015/2016,324,2016-02-06,Tottenham,Watford,1,0,2.006,0.151
2015/2016,322,2016-02-06,Newcastle United,West Bromwich Albion,1,0,2.412,0.474
2015/2016,321,2016-02-06,Manchester City,Leicester,1,3,1.708,2.503
2015/2016,329,2016-02-07,Bournemouth,Arsenal,0,2,0.585,1.1409999999999998
2015/2016,330,2016-02-07,Chelsea,Manchester United,1,1,1.617,0.781
2015/2016,337,2016-02-13,Chelsea,Newcastle United,5,1,2.087,0.432
2015/2016,336,2016-02-13,Bournemouth,Stoke,1,3,1.1949999999999998,0.928
2015/2016,335,2016-02-13,Crystal Palace,Watford,1,2,0.985,1.998
2015/2016,334,2016-02-13,Everton,West Bromwich Albion,0,1,1.83,1.198
2015/2016,333,2016-02-13,Norwich,West Ham,2,2,1.035,0.742
2015/2016,332,2016-02-13,Swansea,Southampton,0,1,0.7,1.1949999999999998
2015/2016,331,2016-02-13,Sunderland,Manchester United,2,1,1.483,0.909
2015/2016,338,2016-02-14,Arsenal,Leicester,2,1,2.364,1.313
2015/2016,339,2016-02-14,Aston Villa,Liverpool,0,6,0.176,2.009
2015/2016,340,2016-02-14,Manchester City,Tottenham,1,2,1.98,1.236
2015/2016,346,2016-02-27,West Bromwich Albion,Crystal Palace,3,2,2.076,1.217
2015/2016,345,2016-02-27,Stoke,Aston Villa,2,1,2.041,0.415
2015/2016,344,2016-02-27,Southampton,Chelsea,1,2,1.0119999999999998,0.632
2015/2016,343,2016-02-27,Leicester,Norwich,1,0,1.765,0.816
2015/2016,342,2016-02-27,Watford,Bournemouth,0,0,1.0059999999999998,0.956
2015/2016,341,2016-02-27,West Ham,Sunderland,1,0,0.525,1.0799999999999998
2015/2016,347,2016-02-28,Tottenham,Swansea,2,1,3.574,1.25
2015/2016,348,2016-02-28,Manchester United,Arsenal,3,2,1.096,1.545
2015/2016,352,2016-03-01,Sunderland,Crystal Palace,2,2,0.935,0.888
2015/2016,351,2016-03-01,Leicester,West Bromwich Albion,2,2,3.047,1.2959999999999998
2015/2016,353,2016-03-01,Norwich,Chelsea,1,2,1.243,0.982
2015/2016,349,2016-03-01,Aston Villa,Everton,1,3,0.603,2.638
2015/2016,350,2016-03-01,Bournemouth,Southampton,2,0,1.4129999999999998,0.955
2015/2016,354,2016-03-02,West Ham,Tottenham,1,0,0.785,1.228
2015/2016,355,2016-03-02,Arsenal,Swansea,1,2,1.494,1.6989999999999998
2015/2016,356,2016-03-02,Stoke,Newcastle United,1,0,0.299,0.272
2015/2016,357,2016-03-03,Liverpool,Manchester City,3,0,1.1689999999999998,0.181
2015/2016,358,2016-03-03,Manchester United,Watford,1,0,0.787,2.166
2015/2016,364,2016-03-05,Manchester City,Aston Villa,4,0,2.834,0.122
2015/2016,365,2016-03-05,Newcastle United,Bournemouth,1,3,0.835,1.2699999999999998
2015/2016,366,2016-03-05,Watford,Leicester,0,1,0.83,1.471
2015/2016,363,2016-03-05,Everton,West Ham,2,3,2.091,2.722
2015/2016,360,2016-03-05,Southampton,Sunderland,1,1,1.547,1.317
2015/2016,361,2016-03-05,Swansea,Norwich,1,0,0.547,0.581
2015/2016,359,2016-03-05,Tottenham,Arsenal,2,2,1.885,0.544
2015/2016,362,2016-03-05,Chelsea,Stoke,1,1,1.063,1.604
2015/2016,367,2016-03-06,Crystal Palace,Liverpool,1,2,1.44,2.272
2015/2016,368,2016-03-06,West Bromwich Albion,Manchester United,1,0,0.567,0.419
2015/2016,369,2016-03-12,Norwich,Manchester City,0,0,0.141,0.558
2015/2016,370,2016-03-12,Stoke,Southampton,1,2,1.0679999999999998,0.876
2015/2016,371,2016-03-12,Bournemouth,Swansea,3,2,0.709,1.097
2015/2016,372,2016-03-13,Aston Villa,Tottenham,0,2,1.841,2.002
2015/2016,373,2016-03-14,Leicester,Newcastle United,1,0,0.848,0.52
2015/2016,374,2016-03-19,Everton,Arsenal,0,2,0.587,1.925
2015/2016,375,2016-03-19,Crystal Palace,Leicester,0,1,0.785,1.204
2015/2016,376,2016-03-19,Chelsea,West Ham,2,2,2.142,0.864
2015/2016,377,2016-03-19,Watford,Stoke,1,2,0.88,1.582
2015/2016,378,2016-03-19,West Bromwich Albion,Norwich,0,1,0.334,0.8
2015/2016,379,2016-03-19,Swansea,Aston Villa,1,0,0.491,0.732
2015/2016,383,2016-03-20,Tottenham,Bournemouth,3,0,2.028,0.121
2015/2016,382,2016-03-20,Manchester City,Manchester United,0,1,1.863,0.901
2015/2016,380,2016-03-20,Southampton,Liverpool,3,2,1.5699999999999998,1.291
2015/2016,381,2016-03-20,Newcastle United,Sunderland,1,1,0.942,0.786
2015/2016,384,2016-04-02,Aston Villa,Chelsea,0,4,0.726,2.495
2015/2016,385,2016-04-02,Arsenal,Watford,4,0,3.008,0.292
2015/2016,386,2016-04-02,Bournemouth,Manchester City,0,4,1.325,0.869
2015/2016,387,2016-04-02,Norwich,Newcastle United,3,2,1.6529999999999998,1.469
2015/2016,388,2016-04-02,Stoke,Swansea,2,2,1.1769999999999998,0.433
2015/2016,389,2016-04-02,Sunderland,West Bromwich Albion,0,0,1.5459999999999998,0.065
2015/2016,390,2016-04-02,West Ham,Crystal Palace,2,2,1.715,1.6569999999999998
2015/2016,391,2016-04-02,Liverpool,Tottenham,1,1,1.3809999999999998,1.237
2015/2016,392,2016-04-03,Leicester,Southampton,1,0,1.388,0.671
2015/2016,393,2016-04-03,Manchester United,Everton,1,0,1.0,0.757
2015/2016,399,2016-04-09,Crystal Palace,Norwich,1,0,1.4509999999999998,0.677
2015/2016,400,2016-04-09,Manchester City,West Bromwich Albion,2,1,2.074,1.095
2015/2016,398,2016-04-09,Aston Villa,Bournemouth,1,2,0.222,1.005
2015/2016,394,2016-04-09,West Ham,Arsenal,3,3,1.111,1.471
2015/2016,396,2016-04-09,Southampton,Newcastle United,3,1,1.7859999999999998,0.167
2015/2016,397,2016-04-09,Swansea,Chelsea,1,0,1.908,1.301
2015/2016,395,2016-04-09,Watford,Everton,1,1,0.409,1.601
2015/2016,401,2016-04-10,Sunderland,Leicester,0,2,0.873,2.602
2015/2016,402,2016-04-10,Tottenham,Manchester United,3,0,1.797,0.342
2015/2016,403,2016-04-10,Liverpool,Stoke,4,1,2.216,0.856
2015/2016,404,2016-04-13,Crystal Palace,Everton,0,0,1.591,0.76
2015/2016,405,2016-04-16,Norwich,Sunderland,0,3,1.091,1.998
2015/2016,406,2016-04-16,Manchester United,Aston Villa,1,0,1.092,0.263
2015/2016,407,2016-04-16,Everton,Southampton,1,1,0.32,1.384
2015/2016,408,2016-04-16,Newcastle United,Swansea,3,0,1.503,0.788
2015/2016,409,2016-04-16,West Bromwich Albion,Watford,0,1,2.293,0.366
2015/2016,410,2016-04-16,Chelsea,Manchester City,0,3,0.489,2.629
2015/2016,413,2016-04-17,Arsenal,Crystal Palace,1,1,1.736,0.277
2015/2016,411,2016-04-17,Leicester,West Ham,2,2,1.954,1.569
2015/2016,412,2016-04-17,Bournemouth,Liverpool,1,2,0.86,1.815
2015/2016,414,2016-04-18,Stoke,Tottenham,0,4,0.459,2.899
2015/2016,415,2016-04-19,Newcastle United,Manchester City,1,1,0.456,0.523
2015/2016,416,2016-04-20,West Ham,Watford,3,1,3.964,1.224
2015/2016,417,2016-04-20,Manchester United,Crystal Palace,2,0,1.467,0.138
2015/2016,418,2016-04-20,Liverpool,Everton,4,0,3.246,0.09
2015/2016,419,2016-04-21,Arsenal,West Bromwich Albion,2,0,1.374,0.841
2015/2016,420,2016-04-23,Manchester City,Stoke,4,0,2.226,1.093
2015/2016,421,2016-04-23,Aston Villa,Southampton,2,4,1.473,3.666
2015/2016,422,2016-04-23,Bournemouth,Chelsea,1,4,0.576,2.073
2015/2016,423,2016-04-23,Liverpool,Newcastle United,2,2,0.714,0.254
2015/2016,424,2016-04-24,Sunderland,Arsenal,0,0,0.618,0.974
2015/2016,425,2016-04-24,Leicester,Swansea,4,0,3.317,0.577
2015/2016,426,2016-04-25,Tottenham,West Bromwich Albion,1,1,1.2639999999999998,0.895
2015/2016,431,2016-04-30,West Bromwich Albion,West Ham,0,3,1.5359999999999998,1.273
2015/2016,432,2016-04-30,Arsenal,Norwich,1,0,0.783,0.58
2015/2016,430,2016-04-30,Watford,Aston Villa,3,2,1.364,0.493
2015/2016,428,2016-04-30,Newcastle United,Crystal Palace,1,0,0.535,1.0519999999999998
2015/2016,427,2016-04-30,Stoke,Sunderland,1,1,0.686,1.432
2015/2016,429,2016-04-30,Everton,Bournemouth,2,1,0.954,1.4269999999999998
2015/2016,433,2016-05-01,Swansea,Liverpool,3,1,2.32,0.777
2015/2016,434,2016-05-01,Manchester United,Leicester,1,1,1.186,1.1669999999999998
2015/2016,435,2016-05-01,Southampton,Manchester City,4,2,2.845,1.128
2015/2016,436,2016-05-02,Chelsea,Tottenham,2,2,0.818,1.905
2015/2016,437,2016-05-07,Norwich,Manchester United,0,1,1.369,1.484
2015/2016,438,2016-05-07,Crystal Palace,Stoke,2,1,1.315,1.279
2015/2016,439,2016-05-07,West Ham,Swansea,1,4,2.396,2.474
2015/2016,440,2016-05-07,Aston Villa,Newcastle United,0,0,0.032,1.097
2015/2016,441,2016-05-07,Bournemouth,West Bromwich Albion,1,1,0.816,1.344
2015/2016,442,2016-05-07,Sunderland,Chelsea,3,2,0.775,1.7779999999999998
2015/2016,443,2016-05-07,Leicester,Everton,3,1,4.506,1.303
2015/2016,445,2016-05-08,Liverpool,Watford,2,0,2.39,0.932
2015/2016,446,2016-05-08,Manchester City,Arsenal,2,2,0.755,1.082
2015/2016,444,2016-05-08,Tottenham,Southampton,1,2,2.556,1.309
2015/2016,447,2016-05-10,West Ham,Manchester United,3,2,2.134,0.637
2015/2016,448,2016-05-11,Norwich,Watford,4,2,2.42,1.7699999999999998
2015/2016,449,2016-05-11,Sunderland,Everton,3,0,2.45,1.1669999999999998
2015/2016,450,2016-05-11,Liverpool,Chelsea,1,1,1.84,0.8130000000000001
2015/2016,454,2016-05-15,Newcastle United,Tottenham,5,1,2.429,0.87
2015/2016,451,2016-05-15,Arsenal,Aston Villa,4,0,3.403,0.224
2015/2016,452,2016-05-15,Chelsea,Leicester,1,1,1.862,1.236
2015/2016,453,2016-05-15,Everton,Norwich,3,0,2.409,0.431
2015/2016,455,2016-05-15,Southampton,Crystal Palace,4,1,2.324,1.25
2015/2016,456,2016-05-15,Stoke,West Ham,2,1,0.29,2.946
2015/2016,457,2016-05-15,Swansea,Manchester City,1,1,0.117,2.041
2015/2016,458,2016-05-15,Watford,Sunderland,2,2,1.954,0.91
2015/2016,459,2016-05-15,West Bromwich Albion,Liverpool,1,1,1.87,0.421
2015/2016,460,2016-05-17,Manchester United,Bournemouth,3,1,1.722,0.504
2016/2017,467,2016-08-13,Manchester City,Sunderland,2,1,1.956,1.1
2016/2017,466,2016-08-13,Southampton,Watford,1,1,0.938,0.181
2016/2017,464,2016-08-13,Burnley,Swansea,0,1,1.0499999999999998,1.722
2016/2017,465,2016-08-13,Middlesbrough,Stoke,1,1,1.806,0.487
2016/2017,462,2016-08-13,Crystal Palace,West Bromwich Albion,0,1,0.991,0.686
2016/2017,461,2016-08-13,Hull,Leicester,2,1,0.741,2.457
2016/2017,463,2016-08-13,Everton,Tottenham,1,1,0.791,1.124
2016/2017,468,2016-08-14,Bournemouth,Manchester United,1,3,0.524,1.912
2016/2017,469,2016-08-14,Arsenal,Liverpool,3,4,1.1829999999999998,1.66
2016/2017,470,2016-08-15,Chelsea,West Ham,2,1,1.461,0.447
2016/2017,471,2016-08-19,Manchester United,Southampton,2,0,1.367,0.614
2016/2017,478,2016-08-20,Leicester,Arsenal,0,0,0.555,0.523
2016/2017,477,2016-08-20,West Bromwich Albion,Everton,1,2,2.02,1.84
2016/2017,476,2016-08-20,Watford,Chelsea,1,2,0.806,1.757
2016/2017,474,2016-08-20,Swansea,Hull,0,2,1.142,2.188
2016/2017,473,2016-08-20,Burnley,Liverpool,2,0,0.199,0.94
2016/2017,472,2016-08-20,Stoke,Manchester City,1,4,1.3119999999999998,2.173
2016/2017,475,2016-08-20,Tottenham,Crystal Palace,1,0,2.257,0.359
2016/2017,479,2016-08-21,Sunderland,Middlesbrough,1,2,1.465,0.856
2016/2017,480,2016-08-21,West Ham,Bournemouth,1,0,1.694,0.394
2016/2017,486,2016-08-27,Crystal Palace,Bournemouth,1,1,2.66,0.975
2016/2017,488,2016-08-27,Hull,Manchester United,0,1,0.27,2.473
2016/2017,487,2016-08-27,Everton,Stoke,1,0,2.319,0.188
2016/2017,485,2016-08-27,Chelsea,Burnley,3,0,2.659,0.185
2016/2017,481,2016-08-27,Tottenham,Liverpool,1,1,0.592,1.927
2016/2017,483,2016-08-27,Leicester,Swansea,2,1,2.481,0.329
2016/2017,482,2016-08-27,Watford,Arsenal,1,3,1.079,2.034
2016/2017,484,2016-08-27,Southampton,Sunderland,1,1,0.615,1.392
2016/2017,489,2016-08-28,West Bromwich Albion,Middlesbrough,0,0,0.698,0.398
2016/2017,490,2016-08-28,Manchester City,West Ham,3,1,3.217,1.085
2016/2017,497,2016-09-10,West Ham,Watford,2,4,1.323,1.856
2016/2017,491,2016-09-10,Manchester United,Manchester City,1,2,1.011,1.888
2016/2017,492,2016-09-10,Middlesbrough,Crystal Palace,1,2,0.613,1.125
2016/2017,493,2016-09-10,Stoke,Tottenham,0,4,1.019,2.771
2016/2017,494,2016-09-10,Arsenal,Southampton,2,1,1.893,1.176
2016/2017,495,2016-09-10,Bournemouth,West Bromwich Albion,1,0,0.988,1.484
2016/2017,496,2016-09-10,Burnley,Hull,1,1,0.454,0.908
2016/2017,498,2016-09-10,Liverpool,Leicester,4,1,2.77,1.226
2016/2017,499,2016-09-11,Swansea,Chelsea,2,2,1.231,2.191
2016/2017,500,2016-09-12,Sunderland,Everton,0,3,1.041,2.846
2016/2017,501,2016-09-16,Chelsea,Liverpool,1,2,1.1649999999999998,1.4169999999999998
2016/2017,502,2016-09-17,Hull,Arsenal,1,4,0.971,3.636
2016/2017,503,2016-09-17,Leicester,Burnley,3,0,1.986,0.466
2016/2017,504,2016-09-17,Manchester City,Bournemouth,4,0,3.388,0.391
2016/2017,505,2016-09-17,West Bromwich Albion,West Ham,4,2,1.943,2.375
2016/2017,506,2016-09-17,Everton,Middlesbrough,3,1,1.176,0.179
2016/2017,507,2016-09-18,Watford,Manchester United,3,1,1.746,1.4149999999999998
2016/2017,508,2016-09-18,Crystal Palace,Stoke,4,1,1.315,1.204
2016/2017,509,2016-09-18,Southampton,Swansea,1,0,2.153,0.492
2016/2017,510,2016-09-18,Tottenham,Sunderland,1,0,2.527,0.962
2016/2017,518,2016-09-24,Arsenal,Chelsea,3,0,1.6629999999999998,0.615
2016/2017,517,2016-09-24,Bournemouth,Everton,1,0,0.695,1.158
2016/2017,515,2016-09-24,Swansea,Manchester City,1,3,1.112,2.578
2016/2017,516,2016-09-24,Liverpool,Hull,5,1,4.65,0.159
2016/2017,513,2016-09-24,Stoke,West Bromwich Albion,1,1,0.981,0.272
2016/2017,512,2016-09-24,Middlesbrough,Tottenham,1,2,0.363,1.4169999999999998
2016/2017,511,2016-09-24,Manchester United,Leicester,4,1,2.457,0.288
2016/2017,514,2016-09-24,Sunderland,Crystal Palace,2,3,1.5159999999999998,1.7899999999999998
2016/2017,519,2016-09-25,West Ham,Southampton,0,3,0.695,2.98
2016/2017,520,2016-09-26,Burnley,Watford,2,0,0.571,0.777
2016/2017,521,2016-09-30,Everton,Crystal Palace,1,1,1.1549999999999998,0.478
2016/2017,526,2016-10-01,West Ham,Middlesbrough,1,1,0.884,0.854
2016/2017,525,2016-10-01,Watford,Bournemouth,2,2,1.235,1.356
2016/2017,524,2016-10-01,Hull,Chelsea,0,2,0.274,1.993
2016/2017,522,2016-10-01,Swansea,Liverpool,1,2,2.659,2.023
2016/2017,523,2016-10-01,Sunderland,West Bromwich Albion,1,1,1.194,0.883
2016/2017,527,2016-10-02,Manchester United,Stoke,1,1,2.811,1.2009999999999998
2016/2017,528,2016-10-02,Leicester,Southampton,0,0,0.447,0.922
2016/2017,529,2016-10-02,Tottenham,Manchester City,2,0,1.7009999999999998,0.911
2016/2017,530,2016-10-02,Burnley,Arsenal,0,1,0.61,1.855
2016/2017,535,2016-10-15,Stoke,Sunderland,2,0,2.296,0.589
2016/2017,536,2016-10-15,West Bromwich Albion,Tottenham,1,1,1.305,1.3239999999999998
2016/2017,534,2016-10-15,Manchester City,Everton,1,1,2.693,0.145
2016/2017,537,2016-10-15,Crystal Palace,West Ham,0,1,1.947,0.875
2016/2017,532,2016-10-15,Arsenal,Swansea,3,2,3.506,1.751
2016/2017,531,2016-10-15,Chelsea,Leicester,3,0,3.117,0.184
2016/2017,533,2016-10-15,Bournemouth,Hull,6,1,2.926,0.39
2016/2017,538,2016-10-16,Middlesbrough,Watford,0,1,0.53,0.09
2016/2017,539,2016-10-16,Southampton,Burnley,3,1,4.213,1.0319999999999998
2016/2017,540,2016-10-17,Liverpool,Manchester United,0,0,0.271,0.539
2016/2017,548,2016-10-22,Liverpool,West Bromwich Albion,2,1,2.296,0.687
2016/2017,547,2016-10-22,Arsenal,Middlesbrough,0,0,0.713,1.557
2016/2017,546,2016-10-22,Burnley,Everton,2,1,0.907,0.754
2016/2017,545,2016-10-22,Hull,Stoke,0,2,0.703,1.0439999999999998
2016/2017,544,2016-10-22,Leicester,Crystal Palace,3,1,1.7049999999999998,1.6569999999999998
2016/2017,543,2016-10-22,Swansea,Watford,0,0,1.333,0.48
2016/2017,542,2016-10-22,West Ham,Sunderland,1,0,1.1969999999999998,0.809
2016/2017,541,2016-10-22,Bournemouth,Tottenham,0,0,0.524,0.746
2016/2017,549,2016-10-23,Manchester City,Southampton,1,1,1.154,0.565
2016/2017,550,2016-10-23,Chelsea,Manchester United,4,0,2.253,0.744
2016/2017,2683,2016-10-29,Crystal Palace,Liverpool,2,4,0.497,2.262
2016/2017,2682,2016-10-29,Manchester United,Burnley,0,0,2.725,0.329
2016/2017,2681,2016-10-29,Middlesbrough,Bournemouth,2,0,1.444,1.547
2016/2017,2677,2016-10-29,Sunderland,Arsenal,1,4,0.854,2.484
2016/2017,2679,2016-10-29,Watford,Hull,1,0,1.1509999999999998,0.252
2016/2017,2678,2016-10-29,Tottenham,Leicester,1,1,1.6989999999999998,0.742
2016/2017,2680,2016-10-29,West Bromwich Albion,Manchester City,0,4,0.598,2.481
2016/2017,2684,2016-10-30,Everton,West Ham,2,0,2.01,0.946
2016/2017,2685,2016-10-30,Southampton,Chelsea,0,2,0.423,1.1489999999999998
2016/2017,2686,2016-11-01,Stoke,Swansea,3,1,2.165,1.102
2016/2017,2687,2016-11-05,Bournemouth,Sunderland,1,2,2.647,1.138
2016/2017,2688,2016-11-05,Burnley,Crystal Palace,3,2,2.258,2.06
2016/2017,2689,2016-11-05,Manchester City,Middlesbrough,1,1,2.497,0.21
2016/2017,2690,2016-11-05,West Ham,Stoke,1,1,0.406,0.811
2016/2017,2691,2016-11-05,Chelsea,Everton,5,0,1.942,0.0139999999999999
2016/2017,2696,2016-11-06,Leicester,West Bromwich Albion,1,2,0.631,0.783
2016/2017,2695,2016-11-06,Swansea,Manchester United,1,3,0.514,1.001
2016/2017,2694,2016-11-06,Hull,Southampton,2,1,0.562,2.031
2016/2017,2693,2016-11-06,Liverpool,Watford,6,1,4.1850000000000005,0.772
2016/2017,2692,2016-11-06,Arsenal,Tottenham,1,1,0.677,1.1969999999999998
2016/2017,2697,2016-11-19,Manchester United,Arsenal,1,1,0.512,0.577
2016/2017,2698,2016-11-19,Southampton,Liverpool,0,0,0.095,1.6889999999999998
2016/2017,2699,2016-11-19,Stoke,Bournemouth,0,1,1.605,1.241
2016/2017,2700,2016-11-19,Sunderland,Hull,3,0,0.953,1.2519999999999998
2016/2017,2701,2016-11-19,Watford,Leicester,2,1,0.721,1.198
2016/2017,2702,2016-11-19,Everton,Swansea,1,1,1.5499999999999998,1.0759999999999998
2016/2017,2703,2016-11-19,Crystal Palace,Manchester City,1,2,0.433,1.3949999999999998
2016/2017,2704,2016-11-19,Tottenham,West Ham,3,2,2.535,1.7679999999999998
2016/2017,2705,2016-11-20,Middlesbrough,Chelsea,0,1,0.561,1.688
2016/2017,2706,2016-11-22,West Bromwich Albion,Burnley,4,0,1.406,0.572
2016/2017,2712,2016-11-26,Chelsea,Tottenham,2,1,1.25,0.424
2016/2017,2710,2016-11-26,Liverpool,Sunderland,2,0,2.026,0.292
2016/2017,2711,2016-11-26,Leicester,Middlesbrough,2,2,2.049,0.426
2016/2017,2708,2016-11-26,Hull,West Bromwich Albion,1,1,0.425,1.4029999999999998
2016/2017,2707,2016-11-26,Burnley,Manchester City,1,2,0.477,2.258
2016/2017,2709,2016-11-26,Swansea,Crystal Palace,5,4,3.397,2.283
2016/2017,2713,2016-11-27,Watford,Stoke,0,1,0.543,0.706
2016/2017,2714,2016-11-27,Arsenal,Bournemouth,3,1,2.871,2.05
2016/2017,2715,2016-11-27,Southampton,Everton,1,0,2.807,0.616
2016/2017,2716,2016-11-27,Manchester United,West Ham,1,1,1.446,0.75
2016/2017,3111,2016-12-03,West Ham,Arsenal,1,5,0.883,2.97
2016/2017,3110,2016-12-03,West Bromwich Albion,Watford,3,1,1.178,1.477
2016/2017,3109,2016-12-03,Tottenham,Swansea,5,0,3.978,0.035
2016/2017,3107,2016-12-03,Stoke,Burnley,2,0,1.13,0.775
2016/2017,3106,2016-12-03,Crystal Palace,Southampton,3,0,2.202,0.765
2016/2017,3105,2016-12-03,Manchester City,Chelsea,1,3,2.242,1.2859999999999998
2016/2017,3108,2016-12-03,Sunderland,Leicester,2,1,1.4289999999999998,1.1389999999999998
2016/2017,3112,2016-12-04,Bournemouth,Liverpool,4,3,2.545,1.2659999999999998
2016/2017,3113,2016-12-04,Everton,Manchester United,1,1,1.6509999999999998,0.542
2016/2017,3114,2016-12-06,Middlesbrough,Hull,1,0,1.951,0.222
2016/2017,3120,2016-12-10,Leicester,Manchester City,4,2,2.607,0.971
2016/2017,3119,2016-12-10,Burnley,Bournemouth,3,2,2.153,1.003
2016/2017,3118,2016-12-10,Arsenal,Stoke,3,1,1.581,1.295
2016/2017,3116,2016-12-10,Hull,Crystal Palace,3,3,2.167,1.5019999999999998
2016/2017,3115,2016-12-10,Watford,Everton,3,2,1.494,1.098
2016/2017,3117,2016-12-10,Swansea,Sunderland,3,0,2.183,0.673
2016/2017,3121,2016-12-11,Chelsea,West Bromwich Albion,1,0,0.552,0.214
2016/2017,3122,2016-12-11,Manchester United,Tottenham,1,0,1.0499999999999998,0.721
2016/2017,3123,2016-12-11,Southampton,Middlesbrough,1,0,1.73,0.495
2016/2017,3124,2016-12-11,Liverpool,West Ham,2,2,1.7919999999999998,0.651
2016/2017,3125,2016-12-13,Bournemouth,Leicester,1,0,0.642,1.676
2016/2017,3126,2016-12-13,Everton,Arsenal,2,1,1.461,1.352
2016/2017,3127,2016-12-14,Middlesbrough,Liverpool,0,3,0.163,2.136
2016/2017,3128,2016-12-14,Sunderland,Chelsea,0,1,0.475,1.226
2016/2017,3129,2016-12-14,West Ham,Burnley,1,0,1.6709999999999998,0.924
2016/2017,3132,2016-12-15,Manchester City,Watford,2,0,1.625,0.498
2016/2017,3134,2016-12-15,Tottenham,Hull,3,0,2.832,0.572
2016/2017,3133,2016-12-15,Stoke,Southampton,0,0,0.335,0.724
2016/2017,3131,2016-12-15,West Bromwich Albion,Swansea,3,1,1.7839999999999998,1.073
2016/2017,3130,2016-12-15,Crystal Palace,Manchester United,1,2,0.711,1.2739999999999998
2016/2017,3135,2016-12-17,Crystal Palace,Chelsea,0,1,0.357,0.815
2016/2017,3136,2016-12-17,Middlesbrough,Swansea,3,0,1.716,0.603
2016/2017,3137,2016-12-17,West Ham,Hull,1,0,1.923,1.136
2016/2017,3138,2016-12-17,Stoke,Leicester,2,2,2.519,1.257
2016/2017,3139,2016-12-17,Sunderland,Watford,1,0,1.136,1.077
2016/2017,3140,2016-12-17,West Bromwich Albion,Manchester United,0,2,0.601,0.984
2016/2017,3141,2016-12-18,Bournemouth,Southampton,1,3,0.494,1.696
2016/2017,3142,2016-12-18,Manchester City,Arsenal,2,1,1.5199999999999998,0.611
2016/2017,3143,2016-12-18,Tottenham,Burnley,2,1,1.509,1.1709999999999998
2016/2017,3144,2016-12-20,Everton,Liverpool,0,1,0.458,1.879
2016/2017,3152,2016-12-26,Hull,Manchester City,0,3,0.351,2.223
2016/2017,3150,2016-12-26,Burnley,Middlesbrough,1,0,0.277,0.7
2016/2017,3149,2016-12-26,Arsenal,West Bromwich Albion,1,0,1.98,0.689
2016/2017,3151,2016-12-26,Chelsea,Bournemouth,3,0,1.714,0.652
2016/2017,3147,2016-12-26,Manchester United,Sunderland,3,1,2.322,0.49
2016/2017,3146,2016-12-26,Swansea,West Ham,1,4,0.956,3.407
2016/2017,3145,2016-12-26,Watford,Crystal Palace,1,1,0.96,1.539
2016/2017,3148,2016-12-26,Leicester,Everton,0,2,0.378,1.2559999999999998
2016/2017,3153,2016-12-27,Liverpool,Stoke,4,1,1.668,0.39
2016/2017,3154,2016-12-28,Southampton,Tottenham,1,4,0.405,1.611
2016/2017,3162,2016-12-31,Liverpool,Manchester City,1,0,0.258,0.353
2016/2017,3161,2016-12-31,Swansea,Bournemouth,0,3,0.516,2.437
2016/2017,3160,2016-12-31,Southampton,West Bromwich Albion,1,2,0.373,0.668
2016/2017,3159,2016-12-31,Manchester United,Middlesbrough,2,1,2.541,0.646
2016/2017,3158,2016-12-31,Chelsea,Stoke,4,2,1.948,0.859
2016/2017,3156,2016-12-31,Leicester,West Ham,1,0,1.109,1.584
2016/2017,3155,2016-12-31,Hull,Everton,2,2,0.854,1.279
2016/2017,3157,2016-12-31,Burnley,Sunderland,4,1,2.726,0.467
2016/2017,3328,2017-01-01,Watford,Tottenham,1,4,1.2639999999999998,3.066
2016/2017,3329,2017-01-01,Arsenal,Crystal Palace,2,0,1.672,0.222
2016/2017,3335,2017-01-02,West Ham,Manchester United,0,2,0.801,1.65
2016/2017,3334,2017-01-02,Sunderland,Liverpool,2,2,1.912,2.333
2016/2017,3333,2017-01-02,West Bromwich Albion,Hull,3,1,0.885,0.993
2016/2017,3331,2017-01-02,Everton,Southampton,3,0,2.351,1.0119999999999998
2016/2017,3330,2017-01-02,Middlesbrough,Leicester,0,0,0.698,0.478
2016/2017,3332,2017-01-02,Manchester City,Burnley,2,1,0.618,0.643
2016/2017,3336,2017-01-03,Bournemouth,Arsenal,3,3,1.5599999999999998,1.1269999999999998
2016/2017,3337,2017-01-04,Crystal Palace,Swansea,1,2,0.332,1.19
2016/2017,3338,2017-01-04,Stoke,Watford,2,0,1.855,0.511
2016/2017,3339,2017-01-05,Tottenham,Chelsea,2,0,1.0099999999999998,0.914
2016/2017,3340,2017-01-14,Tottenham,West Bromwich Albion,4,0,2.656,0.166
2016/2017,3341,2017-01-14,Watford,Middlesbrough,0,0,0.837,0.326
2016/2017,3342,2017-01-14,Sunderland,Stoke,1,3,1.138,1.23
2016/2017,3343,2017-01-14,Swansea,Arsenal,0,4,0.489,2.319
2016/2017,3344,2017-01-14,Hull,Bournemouth,3,1,1.19,1.436
2016/2017,3345,2017-01-14,Burnley,Southampton,1,0,0.466,0.963
2016/2017,3346,2017-01-14,West Ham,Crystal Palace,3,0,1.724,1.063
2016/2017,3347,2017-01-14,Leicester,Chelsea,0,3,0.18,0.74
2016/2017,3348,2017-01-15,Everton,Manchester City,4,0,0.574,0.57
2016/2017,3349,2017-01-15,Manchester United,Liverpool,1,1,1.033,1.462
2016/2017,3354,2017-01-21,Stoke,Manchester United,1,1,0.355,1.744
2016/2017,3355,2017-01-21,West Bromwich Albion,Sunderland,2,0,1.329,0.442
2016/2017,3353,2017-01-21,Crystal Palace,Everton,0,1,0.465,0.951
2016/2017,3356,2017-01-21,Manchester City,Tottenham,2,2,2.528,1.125
2016/2017,3351,2017-01-21,Middlesbrough,West Ham,1,3,0.96,2.657
2016/2017,3352,2017-01-21,Bournemouth,Watford,2,2,1.1489999999999998,1.088
2016/2017,3350,2017-01-21,Liverpool,Swansea,2,3,1.241,1.606
2016/2017,3357,2017-01-22,Southampton,Leicester,3,0,2.5,0.937
2016/2017,3358,2017-01-22,Arsenal,Burnley,2,1,1.865,1.2999999999999998
2016/2017,3359,2017-01-22,Chelsea,Hull,2,0,1.473,0.316
2016/2017,3366,2017-01-31,Liverpool,Chelsea,1,1,1.206,1.0679999999999998
2016/2017,3365,2017-01-31,Swansea,Southampton,2,1,0.761,0.908
2016/2017,3363,2017-01-31,Middlesbrough,West Bromwich Albion,1,1,1.182,1.2539999999999998
2016/2017,3364,2017-01-31,Sunderland,Tottenham,0,0,0.229,0.684
2016/2017,3361,2017-01-31,Bournemouth,Crystal Palace,0,2,0.322,1.608
2016/2017,3360,2017-01-31,Arsenal,Watford,1,2,1.079,0.919
2016/2017,3362,2017-01-31,Burnley,Leicester,1,0,1.831,0.777
2016/2017,3367,2017-02-01,West Ham,Manchester City,0,4,0.496,2.666
2016/2017,3368,2017-02-01,Manchester United,Hull,0,0,1.483,0.397
2016/2017,3369,2017-02-01,Stoke,Everton,1,1,1.737,0.871
2016/2017,3375,2017-02-04,West Bromwich Albion,Stoke,1,0,1.851,1.109
2016/2017,3377,2017-02-04,Tottenham,Middlesbrough,1,0,2.102,0.506
2016/2017,3376,2017-02-04,Southampton,West Ham,1,3,1.0639999999999998,0.919
2016/2017,3374,2017-02-04,Watford,Burnley,2,1,1.664,1.479
2016/2017,3372,2017-02-04,Everton,Bournemouth,6,3,2.761,2.151
2016/2017,3371,2017-02-04,Crystal Palace,Sunderland,0,4,2.461,0.838
2016/2017,3370,2017-02-04,Chelsea,Arsenal,3,1,1.956,0.951
2016/2017,3373,2017-02-04,Hull,Liverpool,2,0,1.887,1.126
2016/2017,3378,2017-02-05,Manchester City,Swansea,2,1,2.881,0.115
2016/2017,3379,2017-02-05,Leicester,Manchester United,0,3,0.493,1.988
2016/2017,3380,2017-02-11,Arsenal,Hull,2,0,3.124,0.467
2016/2017,3381,2017-02-11,Manchester United,Watford,2,0,2.628,0.642
2016/2017,3382,2017-02-11,Middlesbrough,Everton,0,0,0.652,0.833
2016/2017,3383,2017-02-11,Stoke,Crystal Palace,1,0,0.722,0.203
2016/2017,3384,2017-02-11,Sunderland,Southampton,0,4,0.199,1.728
2016/2017,3385,2017-02-11,West Ham,West Bromwich Albion,2,2,1.1769999999999998,0.771
2016/2017,3386,2017-02-11,Liverpool,Tottenham,2,0,2.381,0.623
2016/2017,3388,2017-02-12,Swansea,Leicester,2,0,0.694,0.674
2016/2017,3387,2017-02-12,Burnley,Chelsea,1,1,0.907,0.801
2016/2017,3389,2017-02-13,Bournemouth,Manchester City,0,2,0.153,2.954
2016/2017,3392,2017-02-25,Crystal Palace,Middlesbrough,1,0,0.81,0.83
2016/2017,3396,2017-02-25,Watford,West Ham,1,1,1.214,1.482
2016/2017,3395,2017-02-25,West Bromwich Albion,Bournemouth,2,1,1.613,1.228
2016/2017,3391,2017-02-25,Chelsea,Swansea,3,1,1.227,0.281
2016/2017,3393,2017-02-25,Everton,Sunderland,2,0,1.7049999999999998,0.507
2016/2017,3394,2017-02-25,Hull,Burnley,1,1,1.591,0.474
2016/2017,3397,2017-02-26,Tottenham,Stoke,4,0,1.891,0.745
2016/2017,3399,2017-02-27,Leicester,Liverpool,3,1,1.5479999999999998,0.791
2016/2017,3400,2017-03-04,Leicester,Hull,3,1,1.814,1.123
2016/2017,3401,2017-03-04,Liverpool,Arsenal,3,1,2.705,0.73
2016/2017,3402,2017-03-04,Manchester United,Bournemouth,1,1,2.539,0.817
2016/2017,3403,2017-03-04,Stoke,Middlesbrough,2,0,2.977,0.276
2016/2017,3405,2017-03-04,Swansea,Burnley,3,2,1.446,0.935
2016/2017,3407,2017-03-04,Watford,Southampton,3,4,1.402,1.338
2016/2017,3408,2017-03-04,West Bromwich Albion,Crystal Palace,0,2,0.376,1.3929999999999998
2016/2017,3404,2017-03-05,Sunderland,Manchester City,0,2,0.739,2.481
2016/2017,3406,2017-03-05,Tottenham,Everton,3,2,1.7029999999999998,0.809
2016/2017,3409,2017-03-06,West Ham,Chelsea,1,2,0.452,2.012
2016/2017,3418,2017-03-08,Manchester City,Stoke,0,0,1.3059999999999998,0.338
2016/2017,3417,2017-03-11,Hull,Swansea,2,1,1.989,1.442
2016/2017,3416,2017-03-11,Everton,West Bromwich Albion,3,0,2.176,0.128
2016/2017,3411,2017-03-11,Bournemouth,West Ham,3,2,3.683,1.2539999999999998
2016/2017,3419,2017-03-12,Liverpool,Burnley,2,1,0.967,0.836
2016/2017,3420,2017-03-18,West Bromwich Albion,Arsenal,3,1,2.118,0.996
2016/2017,3421,2017-03-18,West Ham,Leicester,2,3,2.323,2.171
2016/2017,3423,2017-03-18,Sunderland,Burnley,0,0,1.0339999999999998,1.188
2016/2017,3424,2017-03-18,Stoke,Chelsea,1,2,0.953,1.956
2016/2017,3427,2017-03-18,Everton,Hull,4,0,2.632,0.53
2016/2017,3428,2017-03-18,Crystal Palace,Watford,1,0,0.377,0.192
2016/2017,3429,2017-03-18,Bournemouth,Swansea,2,0,1.009,0.378
2016/2017,3422,2017-03-19,Tottenham,Southampton,2,1,1.644,0.841
2016/2017,3425,2017-03-19,Middlesbrough,Manchester United,1,3,1.091,2.476
2016/2017,3426,2017-03-19,Manchester City,Liverpool,1,1,2.556,1.942
2016/2017,3435,2017-04-01,Liverpool,Everton,3,1,0.626,1.4429999999999998
2016/2017,3437,2017-04-01,Southampton,Bournemouth,0,0,1.0039999999999998,2.064
2016/2017,3436,2017-04-01,Manchester United,West Bromwich Albion,0,0,0.988,0.201
2016/2017,3439,2017-04-01,Watford,Sunderland,1,0,1.959,0.351
2016/2017,3434,2017-04-01,Leicester,Stoke,2,0,1.975,1.368
2016/2017,3432,2017-04-01,Chelsea,Crystal Palace,1,2,3.169,1.575
2016/2017,3433,2017-04-01,Hull,West Ham,2,1,0.78,1.247
2016/2017,3431,2017-04-01,Burnley,Tottenham,0,2,0.448,2.364
2016/2017,3430,2017-04-02,Arsenal,Manchester City,2,2,0.739,1.4009999999999998
2016/2017,3438,2017-04-02,Swansea,Middlesbrough,0,0,0.645,0.749
2016/2017,3441,2017-04-04,Burnley,Stoke,1,0,0.35,1.174
2016/2017,3443,2017-04-04,Watford,West Bromwich Albion,2,0,0.693,1.482
2016/2017,3445,2017-04-04,Leicester,Sunderland,2,0,0.93,0.702
2016/2017,3446,2017-04-04,Manchester United,Everton,1,1,1.6749999999999998,0.59
2016/2017,3440,2017-04-05,Arsenal,West Ham,3,0,2.161,0.305
2016/2017,3442,2017-04-05,Hull,Middlesbrough,4,2,2.234,1.3079999999999998
2016/2017,3444,2017-04-05,Swansea,Tottenham,1,3,0.874,2.225
2016/2017,3447,2017-04-05,Southampton,Crystal Palace,3,1,3.344,1.732
2016/2017,3448,2017-04-05,Chelsea,Manchester City,2,1,1.37,2.262
2016/2017,3449,2017-04-05,Liverpool,Bournemouth,2,2,2.174,1.313
2016/2017,3457,2017-04-08,Manchester City,Hull,3,1,2.338,0.359
2016/2017,3455,2017-04-08,West Ham,Swansea,1,0,1.207,0.309
2016/2017,3456,2017-04-08,Middlesbrough,Burnley,0,0,0.686,0.811
2016/2017,3454,2017-04-08,West Bromwich Albion,Southampton,0,1,2.018,0.911
2016/2017,3451,2017-04-08,Stoke,Liverpool,1,2,2.141,1.023
2016/2017,3450,2017-04-08,Bournemouth,Chelsea,1,3,0.385,1.5219999999999998
2016/2017,3453,2017-04-08,Tottenham,Watford,4,0,1.1889999999999998,0.371
2016/2017,3452,2017-04-09,Sunderland,Manchester United,0,3,0.978,1.6949999999999998
2016/2017,3458,2017-04-09,Everton,Leicester,4,2,2.647,0.837
2016/2017,3459,2017-04-10,Crystal Palace,Arsenal,3,0,2.161,0.443
2016/2017,3468,2017-04-15,Crystal Palace,Leicester,2,2,1.68,0.469
2016/2017,3467,2017-04-15,Everton,Burnley,3,1,1.6749999999999998,1.148
2016/2017,3466,2017-04-15,Watford,Swansea,1,0,1.221,0.642
2016/2017,3464,2017-04-15,Sunderland,West Ham,2,2,1.142,1.4289999999999998
2016/2017,3463,2017-04-15,Stoke,Hull,3,1,2.019,1.178
2016/2017,3462,2017-04-15,Southampton,Manchester City,0,3,0.618,2.743
2016/2017,3465,2017-04-15,Tottenham,Bournemouth,4,0,3.287,0.213
2016/2017,3460,2017-04-16,Manchester United,Chelsea,2,0,0.808,0.134
2016/2017,3469,2017-04-16,West Bromwich Albion,Liverpool,0,1,0.591,1.301
2016/2017,3461,2017-04-17,Middlesbrough,Arsenal,1,2,1.722,1.0699999999999998
2016/2017,3479,2017-04-22,West Ham,Everton,0,0,0.669,0.105
2016/2017,3478,2017-04-22,Swansea,Stoke,2,0,0.477,1.696
2016/2017,3471,2017-04-22,Bournemouth,Middlesbrough,4,0,3.278,0.208
2016/2017,3474,2017-04-22,Hull,Watford,2,0,1.424,1.16
2016/2017,3472,2017-04-23,Burnley,Manchester United,0,2,0.344,2.248
2016/2017,3476,2017-04-23,Liverpool,Crystal Palace,1,2,0.895,1.218
2016/2017,3473,2017-04-25,Chelsea,Southampton,4,2,1.4449999999999998,1.331
2016/2017,3410,2017-04-26,Arsenal,Leicester,1,0,0.411,0.596
2016/2017,3413,2017-04-26,Middlesbrough,Sunderland,1,0,0.827,0.447
2016/2017,3415,2017-04-26,Crystal Palace,Tottenham,0,1,0.323,1.007
2016/2017,3398,2017-04-27,Manchester City,Manchester United,0,0,1.416,0.422
2016/2017,3480,2017-04-29,Crystal Palace,Burnley,0,2,0.634,1.3869999999999998
2016/2017,3484,2017-04-29,Southampton,Hull,0,0,1.249,0.473
2016/2017,3485,2017-04-29,Stoke,West Ham,0,0,1.356,0.652
2016/2017,3486,2017-04-29,Sunderland,Bournemouth,0,1,1.668,1.5319999999999998
2016/2017,3489,2017-04-29,West Bromwich Albion,Leicester,0,1,0.81,0.572
2016/2017,3487,2017-04-30,Tottenham,Arsenal,2,0,3.461,0.591
2016/2017,3483,2017-04-30,Middlesbrough,Manchester City,2,2,1.178,3.108
2016/2017,3481,2017-04-30,Everton,Chelsea,0,3,0.686,1.82
2016/2017,3482,2017-04-30,Manchester United,Swansea,1,1,1.993,0.777
2016/2017,3488,2017-05-01,Watford,Liverpool,0,1,0.438,0.558
2016/2017,3499,2017-05-05,West Ham,Tottenham,1,0,2.211,0.452
2016/2017,3491,2017-05-06,Bournemouth,Stoke,2,2,1.3079999999999998,2.303
2016/2017,3492,2017-05-06,Burnley,West Bromwich Albion,2,2,1.087,0.83
2016/2017,3494,2017-05-06,Hull,Sunderland,0,2,1.218,1.956
2016/2017,3495,2017-05-06,Leicester,Watford,3,0,1.007,0.513
2016/2017,3497,2017-05-06,Manchester City,Crystal Palace,5,0,2.699,0.243
2016/2017,3498,2017-05-06,Swansea,Everton,1,0,2.093,0.271
2016/2017,3490,2017-05-07,Arsenal,Manchester United,2,0,1.041,0.577
2016/2017,3496,2017-05-07,Liverpool,Southampton,0,0,1.361,0.183
2016/2017,3493,2017-05-08,Chelsea,Middlesbrough,3,0,2.281,0.073
2016/2017,3390,2017-05-10,Southampton,Arsenal,0,2,1.2539999999999998,1.361
2016/2017,3502,2017-05-12,Everton,Watford,1,0,1.1309999999999998,1.5499999999999998
2016/2017,3508,2017-05-12,West Bromwich Albion,Chelsea,0,1,0.53,1.771
2016/2017,3506,2017-05-13,Sunderland,Swansea,0,2,1.039,0.345
2016/2017,3505,2017-05-13,Stoke,Arsenal,1,4,1.303,2.637
2016/2017,3503,2017-05-13,Manchester City,Leicester,2,1,1.989,1.626
2016/2017,3504,2017-05-13,Middlesbrough,Southampton,1,2,1.3299999999999998,1.527
2016/2017,3500,2017-05-13,Bournemouth,Burnley,2,1,1.551,1.152
2016/2017,3501,2017-05-14,Crystal Palace,Hull,4,0,2.734,0.519
2016/2017,3507,2017-05-14,Tottenham,Manchester United,2,1,2.108,1.0379999999999998
2016/2017,3509,2017-05-14,West Ham,Liverpool,0,4,1.041,3.291
2016/2017,3414,2017-05-15,Chelsea,Watford,4,3,2.654,0.884
2016/2017,3470,2017-05-16,Arsenal,Sunderland,2,0,3.84,0.273
2016/2017,3477,2017-05-16,Manchester City,West Bromwich Albion,3,1,2.581,0.389
2016/2017,3412,2017-05-17,Southampton,Manchester United,0,0,1.666,0.459
2016/2017,3475,2017-05-18,Leicester,Tottenham,1,6,0.727,2.65
2016/2017,3519,2017-05-21,Watford,Manchester City,0,5,0.827,3.267
2016/2017,3518,2017-05-21,Swansea,West Bromwich Albion,2,1,1.747,1.608
2016/2017,3517,2017-05-21,Southampton,Stoke,0,1,1.356,0.984
2016/2017,3515,2017-05-21,Liverpool,Middlesbrough,3,0,2.171,0.901
2016/2017,3516,2017-05-21,Manchester United,Crystal Palace,2,0,1.0399999999999998,0.303
2016/2017,3513,2017-05-21,Hull,Tottenham,1,7,0.814,3.891
2016/2017,3512,2017-05-21,Chelsea,Sunderland,5,1,2.74,0.695
2016/2017,3511,2017-05-21,Burnley,West Ham,1,2,1.709,1.674
2016/2017,3510,2017-05-21,Arsenal,Everton,3,1,3.352,1.884
2016/2017,3514,2017-05-21,Leicester,Bournemouth,1,1,2.454,0.872
2017/2018,7119,2017-08-11,Arsenal,Leicester,4,3,2.544,1.466
2017/2018,7126,2017-08-12,Brighton,Manchester City,0,2,0.277,1.869
2017/2018,7125,2017-08-12,Everton,Stoke,1,0,0.722,0.277
2017/2018,7124,2017-08-12,Crystal Palace,Huddersfield,0,3,0.99,1.738
2017/2018,7122,2017-08-12,Southampton,Swansea,0,0,2.218,0.407
2017/2018,7121,2017-08-12,West Bromwich Albion,Bournemouth,1,0,1.1849999999999998,0.38
2017/2018,7120,2017-08-12,Watford,Liverpool,3,3,2.177,2.616
2017/2018,7123,2017-08-12,Chelsea,Burnley,2,3,1.358,0.565
2017/2018,7127,2017-08-13,Newcastle United,Tottenham,0,2,0.636,2.345
2017/2018,7128,2017-08-13,Manchester United,West Ham,4,0,2.64,0.628
2017/2018,7134,2017-08-19,Liverpool,Crystal Palace,1,0,2.851,0.728
2017/2018,7135,2017-08-19,Stoke,Arsenal,1,0,0.694,1.408
2017/2018,7132,2017-08-19,Burnley,West Bromwich Albion,0,1,1.373,0.654
2017/2018,7133,2017-08-19,Leicester,Brighton,2,0,1.885,0.124
2017/2018,7130,2017-08-19,Southampton,West Ham,3,2,2.143,1.5339999999999998
2017/2018,7129,2017-08-19,Swansea,Manchester United,0,4,0.305,3.411
2017/2018,7131,2017-08-19,Bournemouth,Watford,0,2,0.768,2.178
2017/2018,7136,2017-08-20,Huddersfield,Newcastle United,1,0,0.268,0.974
2017/2018,7137,2017-08-20,Tottenham,Chelsea,1,2,0.725,0.835
2017/2018,7138,2017-08-21,Manchester City,Everton,1,1,1.1429999999999998,0.601
2017/2018,7143,2017-08-26,Watford,Brighton,0,0,0.282,0.953
2017/2018,7139,2017-08-26,Bournemouth,Manchester City,1,2,0.416,1.767
2017/2018,7141,2017-08-26,Crystal Palace,Swansea,0,2,0.82,0.968
2017/2018,7142,2017-08-26,Newcastle United,West Ham,3,0,2.762,0.559
2017/2018,7144,2017-08-26,Huddersfield,Southampton,0,0,1.517,0.797
2017/2018,7145,2017-08-26,Manchester United,Leicester,2,0,2.738,0.672
2017/2018,7148,2017-08-27,Liverpool,Arsenal,4,0,3.461,0.486
2017/2018,7147,2017-08-27,Tottenham,Burnley,1,1,2.351,0.672
2017/2018,7140,2017-08-27,Chelsea,Everton,2,0,1.1709999999999998,0.328
2017/2018,7146,2017-08-27,West Bromwich Albion,Stoke,1,1,0.876,0.982
2017/2018,7155,2017-09-09,Stoke,Manchester United,2,2,1.5,1.967
2017/2018,7154,2017-09-09,Everton,Tottenham,0,3,1.152,2.176
2017/2018,7153,2017-09-09,Brighton,West Bromwich Albion,3,1,0.398,0.868
2017/2018,7150,2017-09-09,Southampton,Watford,0,2,0.332,0.579
2017/2018,7151,2017-09-09,Leicester,Chelsea,1,2,1.35,1.0399999999999998
2017/2018,7149,2017-09-09,Manchester City,Liverpool,5,0,3.147,0.666
2017/2018,7152,2017-09-09,Arsenal,Bournemouth,3,0,2.488,0.578
2017/2018,7156,2017-09-10,Burnley,Crystal Palace,1,0,0.43,1.731
2017/2018,7157,2017-09-10,Swansea,Newcastle United,0,1,1.487,1.033
2017/2018,7158,2017-09-11,West Ham,Huddersfield,2,0,1.951,0.34
2017/2018,7159,2017-09-15,Bournemouth,Brighton,2,1,1.396,0.875
2017/2018,7165,2017-09-16,West Bromwich Albion,West Ham,0,0,0.783,0.267
2017/2018,7163,2017-09-16,Newcastle United,Stoke,2,1,2.661,0.677
2017/2018,7166,2017-09-16,Tottenham,Swansea,0,0,1.18,0.155
2017/2018,7161,2017-09-16,Huddersfield,Leicester,1,1,0.701,1.243
2017/2018,7160,2017-09-16,Crystal Palace,Southampton,0,1,2.033,1.115
2017/2018,7162,2017-09-16,Liverpool,Burnley,1,1,2.188,0.335
2017/2018,7164,2017-09-16,Watford,Manchester City,0,6,0.805,3.994
2017/2018,7168,2017-09-17,Manchester United,Everton,4,0,3.288,1.0639999999999998
2017/2018,7167,2017-09-17,Chelsea,Arsenal,0,0,0.763,1.4229999999999998
2017/2018,7169,2017-09-23,West Ham,Tottenham,2,3,0.678,1.454
2017/2018,7170,2017-09-23,Stoke,Chelsea,0,4,0.602,1.599
2017/2018,7171,2017-09-23,Swansea,Watford,1,2,1.509,1.259
2017/2018,7172,2017-09-23,Southampton,Manchester United,0,1,0.803,1.073
2017/2018,7173,2017-09-23,Manchester City,Crystal Palace,5,0,5.726,0.612
2017/2018,7174,2017-09-23,Burnley,Huddersfield,0,0,0.37,0.314
2017/2018,7175,2017-09-23,Everton,Bournemouth,2,1,2.212,0.386
2017/2018,7176,2017-09-23,Leicester,Liverpool,2,3,2.889,1.93
2017/2018,7177,2017-09-24,Brighton,Newcastle United,1,0,0.508,1.371
2017/2018,7178,2017-09-25,Arsenal,West Bromwich Albion,2,0,2.394,0.768
2017/2018,7185,2017-09-30,Chelsea,Manchester City,0,1,0.913,1.232
2017/2018,7184,2017-09-30,Bournemouth,Leicester,0,0,1.4,0.596
2017/2018,7182,2017-09-30,West Bromwich Albion,Watford,2,2,1.94,1.626
2017/2018,7183,2017-09-30,West Ham,Swansea,1,0,0.693,0.18
2017/2018,7180,2017-09-30,Manchester United,Crystal Palace,4,0,3.476,0.245
2017/2018,7179,2017-09-30,Huddersfield,Tottenham,0,4,0.198,1.5619999999999998
2017/2018,7181,2017-09-30,Stoke,Southampton,2,1,2.682,1.4289999999999998
2017/2018,7186,2017-10-01,Arsenal,Brighton,2,0,2.479,0.387
2017/2018,7187,2017-10-01,Everton,Burnley,0,1,0.935,0.385
2017/2018,7188,2017-10-01,Newcastle United,Liverpool,1,1,0.281,1.646
2017/2018,7190,2017-10-14,Burnley,West Ham,1,1,0.703,0.836
2017/2018,7191,2017-10-14,Crystal Palace,Chelsea,2,1,1.5199999999999998,0.653
2017/2018,7193,2017-10-14,Liverpool,Manchester United,0,0,1.928,0.231
2017/2018,7194,2017-10-14,Manchester City,Stoke,7,2,4.455,0.682
2017/2018,7196,2017-10-14,Swansea,Huddersfield,2,0,1.6549999999999998,0.597
2017/2018,7197,2017-10-14,Tottenham,Bournemouth,1,0,1.958,0.176
2017/2018,7198,2017-10-14,Watford,Arsenal,2,1,1.6349999999999998,0.989
2017/2018,7195,2017-10-15,Southampton,Newcastle United,2,2,1.715,0.952
2017/2018,7189,2017-10-15,Brighton,Everton,1,1,1.0599999999999998,1.456
2017/2018,7192,2017-10-16,Leicester,West Bromwich Albion,1,1,0.965,0.156
2017/2018,7208,2017-10-20,West Ham,Brighton,0,3,0.57,1.984
2017/2018,7199,2017-10-21,Chelsea,Watford,4,2,1.7839999999999998,1.7979999999999998
2017/2018,7201,2017-10-21,Huddersfield,Manchester United,2,1,1.2679999999999998,0.808
2017/2018,7202,2017-10-21,Manchester City,Burnley,3,0,3.719,0.15
2017/2018,7203,2017-10-21,Newcastle United,Crystal Palace,1,0,0.271,0.568
2017/2018,7204,2017-10-21,Southampton,West Bromwich Albion,1,0,2.024,0.505
2017/2018,7205,2017-10-21,Stoke,Bournemouth,1,2,1.602,1.119
2017/2018,7206,2017-10-21,Swansea,Leicester,1,2,0.561,1.809
2017/2018,7200,2017-10-22,Everton,Arsenal,2,5,0.812,3.861
2017/2018,7207,2017-10-22,Tottenham,Liverpool,4,1,2.621,0.669
2017/2018,7217,2017-10-28,Liverpool,Huddersfield,3,0,2.144,0.056
2017/2018,7216,2017-10-28,Watford,Stoke,0,1,1.1349999999999998,0.78
2017/2018,7215,2017-10-28,West Bromwich Albion,Manchester City,2,3,1.12,2.772
2017/2018,7218,2017-10-28,Manchester United,Tottenham,1,0,0.944,1.088
2017/2018,7210,2017-10-28,Bournemouth,Chelsea,0,1,0.456,1.785
2017/2018,7209,2017-10-28,Arsenal,Swansea,2,1,2.379,0.837
2017/2018,7213,2017-10-28,Crystal Palace,West Ham,2,2,2.918,0.744
2017/2018,7211,2017-10-29,Brighton,Southampton,1,1,1.5059999999999998,0.545
2017/2018,7214,2017-10-29,Leicester,Everton,2,0,1.369,0.576
2017/2018,7212,2017-10-30,Burnley,Newcastle United,1,0,1.0279999999999998,0.517
2017/2018,7227,2017-11-04,West Ham,Liverpool,1,4,1.1309999999999998,2.878
2017/2018,7225,2017-11-04,Swansea,Brighton,0,1,1.247,0.876
2017/2018,7224,2017-11-04,Stoke,Leicester,2,2,1.231,1.3969999999999998
2017/2018,7223,2017-11-04,Southampton,Burnley,0,1,0.79,0.139
2017/2018,7221,2017-11-04,Huddersfield,West Bromwich Albion,1,0,0.261,0.383
2017/2018,7222,2017-11-04,Newcastle United,Bournemouth,0,1,0.677,1.2879999999999998
2017/2018,7219,2017-11-05,Chelsea,Manchester United,1,0,1.843,0.775
2017/2018,7220,2017-11-05,Everton,Watford,3,2,2.581,2.056
2017/2018,7226,2017-11-05,Tottenham,Crystal Palace,1,0,0.993,1.103
2017/2018,7228,2017-11-05,Manchester City,Arsenal,3,1,2.151,0.341
2017/2018,7234,2017-11-18,Crystal Palace,Everton,2,2,2.031,1.688
2017/2018,7233,2017-11-18,Burnley,Swansea,2,0,1.5439999999999998,0.432
2017/2018,7235,2017-11-18,Leicester,Manchester City,0,2,0.098,2.402
2017/2018,7231,2017-11-18,Liverpool,Southampton,3,0,2.064,0.565
2017/2018,7229,2017-11-18,West Bromwich Albion,Chelsea,0,4,0.592,1.718
2017/2018,7236,2017-11-18,Arsenal,Tottenham,2,0,2.243,0.592
2017/2018,7232,2017-11-18,Manchester United,Newcastle United,4,1,2.575,1.088
2017/2018,7237,2017-11-18,Bournemouth,Huddersfield,4,0,1.3889999999999998,1.164
2017/2018,7230,2017-11-19,Watford,West Ham,2,0,1.246,1.4349999999999998
2017/2018,7238,2017-11-20,Brighton,Stoke,2,2,0.491,1.206
2017/2018,7247,2017-11-24,West Ham,Leicester,1,1,0.776,0.455
2017/2018,7239,2017-11-25,Tottenham,West Bromwich Albion,1,1,1.916,0.718
2017/2018,7240,2017-11-25,Swansea,Bournemouth,0,0,0.881,0.45
2017/2018,7242,2017-11-25,Newcastle United,Watford,0,3,0.861,2.059
2017/2018,7243,2017-11-25,Manchester United,Brighton,1,0,1.5019999999999998,0.566
2017/2018,7244,2017-11-25,Liverpool,Chelsea,1,1,1.505,0.741
2017/2018,7246,2017-11-25,Crystal Palace,Stoke,2,1,1.484,0.629
2017/2018,7248,2017-11-26,Burnley,Arsenal,0,1,0.404,1.753
2017/2018,7241,2017-11-26,Southampton,Everton,4,1,1.971,0.149
2017/2018,7245,2017-11-26,Huddersfield,Manchester City,1,2,0.539,2.663
2017/2018,7249,2017-11-28,Leicester,Tottenham,2,1,0.926,2.507
2017/2018,7250,2017-11-28,Brighton,Crystal Palace,0,0,0.476,0.585
2017/2018,7251,2017-11-28,Watford,Manchester United,2,4,1.2939999999999998,1.636
2017/2018,7252,2017-11-28,West Bromwich Albion,Newcastle United,2,2,0.846,1.1349999999999998
2017/2018,7257,2017-11-29,Manchester City,Southampton,2,1,1.6509999999999998,1.708
2017/2018,7258,2017-11-29,Stoke,Liverpool,0,3,0.848,2.589
2017/2018,7256,2017-11-29,Everton,West Ham,4,0,1.7659999999999998,1.0379999999999998
2017/2018,7254,2017-11-29,Arsenal,Huddersfield,5,0,4.48,0.477
2017/2018,7253,2017-11-29,Bournemouth,Burnley,1,2,0.916,1.086
2017/2018,7255,2017-11-29,Chelsea,Swansea,1,0,2.301,0.042
2017/2018,7259,2017-12-02,Chelsea,Newcastle United,3,1,3.079,0.521
2017/2018,7260,2017-12-02,Everton,Huddersfield,2,0,0.821,0.224
2017/2018,7261,2017-12-02,Leicester,Burnley,1,0,1.614,0.79
2017/2018,7263,2017-12-02,Stoke,Swansea,2,1,1.248,0.322
2017/2018,7264,2017-12-02,Watford,Tottenham,1,1,0.354,0.79
2017/2018,7265,2017-12-02,West Bromwich Albion,Crystal Palace,0,0,1.6529999999999998,0.81
2017/2018,7266,2017-12-02,Arsenal,Manchester United,1,3,4.242,2.069
2017/2018,7268,2017-12-02,Brighton,Liverpool,1,5,1.66,1.777
2017/2018,7262,2017-12-03,Manchester City,West Ham,2,1,2.457,0.475
2017/2018,7267,2017-12-03,Bournemouth,Southampton,1,1,1.113,1.0039999999999998
2017/2018,7274,2017-12-09,Huddersfield,Brighton,2,0,2.682,0.275
2017/2018,7277,2017-12-09,Newcastle United,Leicester,2,3,0.966,0.445
2017/2018,7273,2017-12-09,Crystal Palace,Bournemouth,2,2,4.613,0.963
2017/2018,7270,2017-12-09,Tottenham,Stoke,5,1,4.0200000000000005,0.75
2017/2018,7271,2017-12-09,Swansea,West Bromwich Albion,1,0,1.0119999999999998,0.253
2017/2018,7272,2017-12-09,Burnley,Watford,1,0,0.487,0.82
2017/2018,7269,2017-12-09,West Ham,Chelsea,1,0,0.419,1.19
2017/2018,7275,2017-12-10,Liverpool,Everton,1,1,1.897,0.824
2017/2018,7276,2017-12-10,Manchester United,Manchester City,1,2,1.4389999999999998,2.031
2017/2018,7278,2017-12-10,Southampton,Arsenal,1,1,1.22,0.609
2017/2018,7279,2017-12-12,Burnley,Stoke,1,0,0.361,0.917
2017/2018,7280,2017-12-12,Huddersfield,Chelsea,1,3,0.478,1.872
2017/2018,7282,2017-12-12,Crystal Palace,Watford,2,1,1.106,1.4049999999999998
2017/2018,7287,2017-12-13,Liverpool,West Bromwich Albion,0,0,2.14,0.521
2017/2018,7286,2017-12-13,West Ham,Arsenal,0,0,0.406,1.023
2017/2018,7285,2017-12-13,Southampton,Leicester,1,4,1.118,2.247
2017/2018,7288,2017-12-13,Tottenham,Brighton,2,0,1.874,0.317
2017/2018,7283,2017-12-13,Manchester United,Bournemouth,1,0,1.241,0.817
2017/2018,7281,2017-12-13,Swansea,Manchester City,0,4,0.59,3.569
2017/2018,7284,2017-12-13,Newcastle United,Everton,0,1,0.572,1.388
2017/2018,7298,2017-12-16,Manchester City,Tottenham,4,1,4.147,0.183
2017/2018,7296,2017-12-16,Watford,Huddersfield,1,4,0.59,3.493
2017/2018,7294,2017-12-16,Leicester,Crystal Palace,0,3,0.759,2.26
2017/2018,7297,2017-12-16,Stoke,West Ham,0,3,0.984,3.083
2017/2018,7291,2017-12-16,Brighton,Burnley,0,0,1.491,1.3259999999999998
2017/2018,7289,2017-12-16,Arsenal,Newcastle United,1,0,2.026,0.288
2017/2018,7292,2017-12-16,Chelsea,Southampton,1,0,1.291,0.588
2017/2018,7290,2017-12-17,Bournemouth,Liverpool,0,4,0.54,3.251
2017/2018,7295,2017-12-17,West Bromwich Albion,Manchester United,1,2,1.077,0.9
2017/2018,7293,2017-12-18,Everton,Swansea,3,1,2.019,0.767
2017/2018,7301,2017-12-22,Arsenal,Liverpool,3,3,1.132,2.06
2017/2018,7306,2017-12-23,Stoke,West Bromwich Albion,3,1,1.7999999999999998,2.055
2017/2018,7308,2017-12-23,Manchester City,Bournemouth,4,0,1.5579999999999998,0.336
2017/2018,7307,2017-12-23,Southampton,Huddersfield,1,1,1.739,1.095
2017/2018,7305,2017-12-23,Brighton,Watford,1,0,1.402,1.301
2017/2018,7304,2017-12-23,Burnley,Tottenham,0,3,0.161,3.31
2017/2018,7303,2017-12-23,Everton,Chelsea,0,0,0.343,1.851
2017/2018,7302,2017-12-23,Leicester,Manchester United,2,2,1.5659999999999998,2.154
2017/2018,7300,2017-12-23,West Ham,Newcastle United,2,3,2.32,1.907
2017/2018,7299,2017-12-23,Swansea,Crystal Palace,1,1,0.548,1.2559999999999998
2017/2018,7318,2017-12-26,West Bromwich Albion,Everton,0,0,1.1829999999999998,0.407
2017/2018,7317,2017-12-26,Watford,Leicester,2,1,1.4309999999999998,1.549
2017/2018,7316,2017-12-26,Tottenham,Southampton,5,2,3.085,0.592
2017/2018,7314,2017-12-26,Manchester United,Burnley,2,2,1.809,0.787
2017/2018,7312,2017-12-26,Huddersfield,Stoke,1,1,1.877,1.2009999999999998
2017/2018,7310,2017-12-26,Chelsea,Brighton,2,0,2.17,0.454
2017/2018,7309,2017-12-26,Bournemouth,West Ham,3,3,2.85,1.877
2017/2018,7313,2017-12-26,Liverpool,Swansea,5,0,3.065,0.273
2017/2018,7315,2017-12-27,Newcastle United,Manchester City,0,1,0.176,1.933
2017/2018,7311,2017-12-28,Crystal Palace,Arsenal,2,3,1.146,1.842
2017/2018,7325,2017-12-30,Newcastle United,Brighton,0,0,0.505,0.631
2017/2018,7327,2017-12-30,Watford,Swansea,1,2,1.1789999999999998,1.3159999999999998
2017/2018,7324,2017-12-30,Manchester United,Southampton,0,0,1.873,0.851
2017/2018,7320,2017-12-30,Chelsea,Stoke,5,0,3.096,0.283
2017/2018,7322,2017-12-30,Huddersfield,Burnley,0,0,0.05,1.21
2017/2018,7319,2017-12-30,Bournemouth,Everton,2,1,1.4009999999999998,0.601
2017/2018,7323,2017-12-30,Liverpool,Leicester,2,1,2.567,0.791
2017/2018,7321,2017-12-31,Crystal Palace,Manchester City,0,0,1.723,1.097
2017/2018,7328,2017-12-31,West Bromwich Albion,Arsenal,1,1,1.3949999999999998,0.919
2017/2018,7331,2018-01-01,Brighton,Bournemouth,2,2,2.374,1.283
2017/2018,7332,2018-01-01,Burnley,Liverpool,1,2,0.901,1.626
2017/2018,7333,2018-01-01,Everton,Manchester United,0,2,1.241,1.263
2017/2018,7334,2018-01-01,Leicester,Huddersfield,3,0,1.452,0.228
2017/2018,7337,2018-01-01,Stoke,Newcastle United,0,1,1.501,2.021
2017/2018,7336,2018-01-02,Southampton,Crystal Palace,1,2,0.446,1.344
2017/2018,7329,2018-01-02,West Ham,West Bromwich Albion,2,1,1.0599999999999998,0.636
2017/2018,7335,2018-01-02,Manchester City,Watford,3,1,2.775,0.966
2017/2018,7338,2018-01-02,Swansea,Tottenham,0,2,0.399,1.619
2017/2018,7330,2018-01-03,Arsenal,Chelsea,2,2,1.233,3.078
2017/2018,7326,2018-01-04,Tottenham,West Ham,1,1,1.65,0.614
2017/2018,7340,2018-01-13,Chelsea,Leicester,0,0,0.624,1.364
2017/2018,7341,2018-01-13,Crystal Palace,Burnley,1,0,1.811,0.909
2017/2018,7342,2018-01-13,Huddersfield,West Ham,1,4,0.682,0.988
2017/2018,7345,2018-01-13,Newcastle United,Swansea,1,1,1.828,0.897
2017/2018,7346,2018-01-13,Tottenham,Everton,4,0,4.215000000000001,0.291
2017/2018,7347,2018-01-13,Watford,Southampton,2,2,1.6749999999999998,0.859
2017/2018,7348,2018-01-13,West Bromwich Albion,Brighton,2,0,1.386,0.532
2017/2018,7339,2018-01-14,Bournemouth,Arsenal,2,1,0.823,1.011
2017/2018,7343,2018-01-14,Liverpool,Manchester City,4,3,1.017,0.724
2017/2018,7344,2018-01-15,Manchester United,Stoke,3,0,1.949,1.477
2017/2018,7358,2018-01-20,West Ham,Bournemouth,1,1,0.981,0.503
2017/2018,7356,2018-01-20,Stoke,Huddersfield,2,0,0.989,0.239
2017/2018,7353,2018-01-20,Leicester,Watford,2,0,1.5199999999999998,0.742
2017/2018,7354,2018-01-20,Manchester City,Newcastle United,3,1,2.551,0.993
2017/2018,7351,2018-01-20,Burnley,Manchester United,0,1,0.569,0.862
2017/2018,7352,2018-01-20,Everton,West Bromwich Albion,1,1,0.925,1.351
2017/2018,7350,2018-01-20,Brighton,Chelsea,0,4,0.882,1.521
2017/2018,7349,2018-01-20,Arsenal,Crystal Palace,4,1,3.566,0.502
2017/2018,7355,2018-01-21,Southampton,Tottenham,1,1,1.1529999999999998,1.3079999999999998
2017/2018,7357,2018-01-22,Swansea,Liverpool,1,0,0.5,2.198
2017/2018,7360,2018-01-30,West Ham,Crystal Palace,1,1,1.117,1.1589999999999998
2017/2018,7361,2018-01-30,Swansea,Arsenal,3,1,2.38,1.1569999999999998
2017/2018,7359,2018-01-30,Huddersfield,Liverpool,0,3,0.289,2.052
2017/2018,7362,2018-01-31,Chelsea,Bournemouth,0,3,1.1489999999999998,1.4249999999999998
2017/2018,7363,2018-01-31,Southampton,Brighton,1,1,1.275,1.0799999999999998
2017/2018,7364,2018-01-31,Newcastle United,Burnley,1,1,2.524,1.229
2017/2018,7365,2018-01-31,Everton,Leicester,2,1,1.5319999999999998,2.651
2017/2018,7366,2018-01-31,Manchester City,West Bromwich Albion,3,0,2.691,0.119
2017/2018,7367,2018-01-31,Tottenham,Manchester United,2,0,2.013,0.819
2017/2018,7368,2018-01-31,Stoke,Watford,0,0,0.723,0.742
2017/2018,7374,2018-02-03,Leicester,Swansea,1,1,1.486,0.571
2017/2018,7372,2018-02-03,Burnley,Manchester City,1,1,0.797,2.25
2017/2018,7376,2018-02-03,Manchester United,Huddersfield,2,0,1.6349999999999998,0.131
2017/2018,7370,2018-02-03,Bournemouth,Stoke,2,1,1.912,0.722
2017/2018,7369,2018-02-03,Arsenal,Everton,5,1,3.197,1.492
2017/2018,7371,2018-02-03,Brighton,West Ham,3,1,1.6429999999999998,0.445
2017/2018,7378,2018-02-03,West Bromwich Albion,Southampton,2,3,0.878,0.998
2017/2018,7375,2018-02-04,Liverpool,Tottenham,2,2,1.291,2.545
2017/2018,7373,2018-02-04,Crystal Palace,Newcastle United,1,1,3.003,1.1449999999999998
2017/2018,7377,2018-02-05,Watford,Chelsea,4,1,2.128,0.575
2017/2018,7380,2018-02-10,Everton,Crystal Palace,3,1,1.489,1.658
2017/2018,7382,2018-02-10,Manchester City,Leicester,5,1,2.592,0.111
2017/2018,7385,2018-02-10,Stoke,Brighton,1,1,1.396,0.899
2017/2018,7386,2018-02-10,Swansea,Burnley,1,0,0.844,0.432
2017/2018,7387,2018-02-10,Tottenham,Arsenal,1,0,2.637,0.488
2017/2018,7388,2018-02-10,West Ham,Watford,2,0,1.835,0.801
2017/2018,7381,2018-02-11,Huddersfield,Bournemouth,4,1,2.568,0.435
2017/2018,7383,2018-02-11,Newcastle United,Manchester United,1,0,0.678,1.721
2017/2018,7384,2018-02-11,Southampton,Liverpool,0,2,0.855,2.357
2017/2018,7379,2018-02-12,Chelsea,West Bromwich Albion,3,0,2.381,0.63
2017/2018,7398,2018-02-24,Burnley,Southampton,1,1,1.283,0.66
2017/2018,7395,2018-02-24,Liverpool,West Ham,4,1,3.922,0.336
2017/2018,7394,2018-02-24,West Bromwich Albion,Huddersfield,1,2,1.503,1.182
2017/2018,7396,2018-02-24,Leicester,Stoke,1,1,1.126,0.167
2017/2018,7391,2018-02-24,Brighton,Swansea,4,1,3.292,0.444
2017/2018,7390,2018-02-24,Bournemouth,Newcastle United,2,2,1.207,4.237
2017/2018,7392,2018-02-24,Watford,Everton,1,0,0.608,0.666
2017/2018,7393,2018-02-25,Manchester United,Chelsea,2,1,1.301,1.6909999999999998
2017/2018,7397,2018-02-25,Crystal Palace,Tottenham,0,1,0.186,1.652
2017/2018,7389,2018-03-01,Arsenal,Manchester City,0,3,1.303,1.927
2017/2018,7408,2018-03-03,Watford,West Bromwich Albion,1,0,1.236,1.092
2017/2018,7407,2018-03-03,Tottenham,Huddersfield,2,0,1.6389999999999998,0.139
2017/2018,7406,2018-03-03,Swansea,West Ham,4,1,2.309,0.498
2017/2018,7405,2018-03-03,Southampton,Stoke,0,0,0.984,0.386
2017/2018,7402,2018-03-03,Leicester,Bournemouth,1,1,2.979,1.404
2017/2018,7400,2018-03-03,Burnley,Everton,2,1,2.336,1.801
2017/2018,7403,2018-03-03,Liverpool,Newcastle United,2,0,1.5699999999999998,0.256
2017/2018,7399,2018-03-04,Brighton,Arsenal,2,1,1.486,0.803
2017/2018,7404,2018-03-04,Manchester City,Chelsea,1,0,0.954,0.119
2017/2018,7401,2018-03-05,Crystal Palace,Manchester United,2,3,0.742,1.255
2017/2018,7417,2018-03-10,West Bromwich Albion,Leicester,1,4,0.362,1.866
2017/2018,7418,2018-03-10,West Ham,Burnley,0,3,0.728,1.42
2017/2018,7415,2018-03-10,Newcastle United,Southampton,3,0,1.359,0.498
2017/2018,7413,2018-03-10,Huddersfield,Swansea,0,0,1.3949999999999998,0.001
2017/2018,7412,2018-03-10,Everton,Brighton,2,0,1.69,0.323
2017/2018,7411,2018-03-10,Chelsea,Crystal Palace,2,1,3.879,1.14
2017/2018,7414,2018-03-10,Manchester United,Liverpool,2,1,0.846,0.778
2017/2018,7409,2018-03-11,Arsenal,Watford,3,0,2.384,1.5479999999999998
2017/2018,7410,2018-03-11,Bournemouth,Tottenham,1,4,1.1749999999999998,2.532
2017/2018,7416,2018-03-12,Stoke,Manchester City,0,2,0.158,1.6469999999999998
2017/2018,7419,2018-03-17,Bournemouth,West Bromwich Albion,2,1,0.686,1.746
2017/2018,7421,2018-03-17,Huddersfield,Crystal Palace,0,2,0.221,2.748
2017/2018,7423,2018-03-17,Liverpool,Watford,5,0,1.813,0.356
2017/2018,7425,2018-03-17,Stoke,Everton,1,2,0.895,2.98
2017/2018,7437,2018-03-31,Watford,Bournemouth,2,2,0.762,2.116
2017/2018,7438,2018-03-31,West Bromwich Albion,Burnley,1,2,0.396,1.416
2017/2018,7436,2018-03-31,Newcastle United,Huddersfield,1,0,2.537,0.282
2017/2018,7435,2018-03-31,Manchester United,Swansea,2,0,2.145,0.14
2017/2018,7433,2018-03-31,Everton,Manchester City,1,3,0.861,1.914
2017/2018,7432,2018-03-31,Crystal Palace,Liverpool,1,2,1.91,1.721
2017/2018,7430,2018-03-31,Brighton,Leicester,0,2,1.604,1.267
2017/2018,7434,2018-03-31,West Ham,Southampton,3,0,1.4509999999999998,0.448
2017/2018,7429,2018-04-01,Arsenal,Stoke,3,0,3.567,0.344
2017/2018,7431,2018-04-01,Chelsea,Tottenham,1,3,1.21,1.39
2017/2018,7440,2018-04-07,Bournemouth,Crystal Palace,2,2,2.093,1.1469999999999998
2017/2018,7441,2018-04-07,Brighton,Huddersfield,1,1,1.533,1.491
2017/2018,7443,2018-04-07,Everton,Liverpool,0,0,0.724,0.948
2017/2018,7444,2018-04-07,Leicester,Newcastle United,1,2,1.093,0.286
2017/2018,7445,2018-04-07,Manchester City,Manchester United,2,3,3.431,1.218
2017/2018,7446,2018-04-07,Stoke,Tottenham,1,2,1.402,1.7999999999999998
2017/2018,7447,2018-04-07,Watford,Burnley,1,2,1.368,1.384
2017/2018,7448,2018-04-07,West Bromwich Albion,Swansea,1,1,1.23,0.657
2017/2018,7439,2018-04-08,Arsenal,Southampton,3,2,1.59,2.168
2017/2018,7442,2018-04-08,Chelsea,West Ham,1,1,2.122,0.304
2017/2018,7456,2018-04-14,Swansea,Everton,1,1,1.1989999999999998,1.616
2017/2018,7457,2018-04-14,Tottenham,Manchester City,1,3,0.446,3.621
2017/2018,7455,2018-04-14,Southampton,Chelsea,2,3,1.293,0.665
2017/2018,7449,2018-04-14,Burnley,Leicester,2,1,1.061,1.999
2017/2018,7451,2018-04-14,Huddersfield,Watford,1,0,0.931,0.307
2017/2018,7450,2018-04-14,Crystal Palace,Brighton,3,2,2.5,1.5459999999999998
2017/2018,7452,2018-04-14,Liverpool,Bournemouth,3,0,2.641,0.542
2017/2018,7453,2018-04-15,Manchester United,West Bromwich Albion,0,1,0.641,0.826
2017/2018,7454,2018-04-15,Newcastle United,Arsenal,2,1,0.889,1.416
2017/2018,7458,2018-04-16,West Ham,Stoke,1,1,0.808,1.412
2017/2018,7462,2018-04-17,Brighton,Tottenham,1,1,0.989,1.363
2017/2018,7463,2018-04-18,Bournemouth,Manchester United,0,2,1.184,1.617
2017/2018,7420,2018-04-19,Burnley,Chelsea,1,2,0.223,1.773
2017/2018,7464,2018-04-19,Leicester,Southampton,0,0,0.516,0.652
2017/2018,7467,2018-04-21,Watford,Crystal Palace,0,0,0.596,0.183
2017/2018,7468,2018-04-21,West Bromwich Albion,Liverpool,2,2,1.398,1.64
2017/2018,7465,2018-04-22,Manchester City,Swansea,5,0,3.418,0.298
2017/2018,7466,2018-04-22,Stoke,Burnley,1,1,0.357,1.614
2017/2018,7459,2018-04-22,Arsenal,West Ham,4,1,2.074,0.624
2017/2018,7461,2018-04-23,Everton,Newcastle United,1,0,0.95,0.482
2017/2018,7469,2018-04-28,Burnley,Brighton,0,0,1.547,0.379
2017/2018,7470,2018-04-28,Crystal Palace,Leicester,5,0,2.789,0.942
2017/2018,7471,2018-04-28,Huddersfield,Everton,0,2,0.566,0.945
2017/2018,7472,2018-04-28,Liverpool,Stoke,0,0,2.118,0.779
2017/2018,7474,2018-04-28,Newcastle United,West Bromwich Albion,0,1,1.585,0.704
2017/2018,7475,2018-04-28,Southampton,Bournemouth,2,1,1.727,1.0179999999999998
2017/2018,7476,2018-04-28,Swansea,Chelsea,0,1,0.504,1.4549999999999998
2017/2018,7473,2018-04-29,Manchester United,Arsenal,2,1,1.5479999999999998,0.653
2017/2018,7478,2018-04-29,West Ham,Manchester City,1,4,0.23,2.292
2017/2018,7477,2018-04-30,Tottenham,Watford,2,0,1.769,1.37
2017/2018,7484,2018-05-04,Brighton,Manchester United,1,0,0.924,0.653
2017/2018,7488,2018-05-05,Bournemouth,Swansea,1,0,1.6969999999999998,1.015
2017/2018,7483,2018-05-05,West Bromwich Albion,Tottenham,1,0,1.219,0.97
2017/2018,7486,2018-05-05,Everton,Southampton,1,1,0.422,0.636
2017/2018,7481,2018-05-05,Stoke,Crystal Palace,1,2,0.751,1.3159999999999998
2017/2018,7482,2018-05-05,Watford,Newcastle United,2,1,2.813,0.615
2017/2018,7479,2018-05-05,Leicester,West Ham,0,2,0.393,1.4309999999999998
2017/2018,7480,2018-05-06,Manchester City,Huddersfield,0,0,0.787,0.547
2017/2018,7485,2018-05-06,Chelsea,Liverpool,1,0,0.807,0.428
2017/2018,7487,2018-05-06,Arsenal,Burnley,5,0,2.925,0.218
2017/2018,7426,2018-05-08,Swansea,Southampton,0,1,0.391,1.49
2017/2018,7422,2018-05-09,Leicester,Arsenal,3,1,2.199,1.545
2017/2018,7427,2018-05-09,Tottenham,Newcastle United,1,0,0.836,0.831
2017/2018,7460,2018-05-09,Chelsea,Huddersfield,1,1,2.254,0.632
2017/2018,7424,2018-05-09,Manchester City,Brighton,3,1,1.6489999999999998,1.0099999999999998
2017/2018,7428,2018-05-10,West Ham,Manchester United,0,0,0.784,0.597
2017/2018,7498,2018-05-13,Southampton,Manchester City,0,1,0.508,0.767
2017/2018,7494,2018-05-13,Huddersfield,Arsenal,0,1,1.311,2.333
2017/2018,7497,2018-05-13,Newcastle United,Chelsea,3,0,2.243,0.844
2017/2018,7496,2018-05-13,Manchester United,Watford,1,0,0.459,0.655
2017/2018,7495,2018-05-13,Liverpool,Brighton,4,0,3.511,0.042
2017/2018,7493,2018-05-13,Crystal Palace,West Bromwich Albion,2,0,2.366,0.217
2017/2018,7491,2018-05-13,Swansea,Stoke,1,2,1.71,1.755
2017/2018,7490,2018-05-13,Tottenham,Leicester,5,4,1.833,1.275
2017/2018,7489,2018-05-13,West Ham,Everton,3,1,1.184,1.68
2017/2018,7492,2018-05-13,Burnley,Bournemouth,1,2,1.1629999999999998,1.3869999999999998
2018/2019,9197,2018-08-10,Manchester United,Leicester,2,1,1.515,1.739
2018/2019,9198,2018-08-11,Newcastle United,Tottenham,1,2,0.975,2.582
2018/2019,9199,2018-08-11,Watford,Brighton,2,0,1.4249999999999998,0.456
2018/2019,9200,2018-08-11,Huddersfield,Chelsea,0,3,0.397,2.315
2018/2019,9201,2018-08-11,Fulham,Crystal Palace,0,2,0.639,1.079
2018/2019,9202,2018-08-11,Bournemouth,Cardiff,2,0,2.601,1.5079999999999998
2018/2019,9203,2018-08-11,Wolverhampton Wanderers,Everton,2,2,0.892,0.716
2018/2019,9204,2018-08-12,Southampton,Burnley,0,0,1.021,1.4089999999999998
2018/2019,9205,2018-08-12,Liverpool,West Ham,4,0,4.345000000000001,0.405
2018/2019,9206,2018-08-12,Arsenal,Manchester City,0,2,0.446,2.019
2018/2019,9212,2018-08-18,Chelsea,Arsenal,3,2,1.719,2.459
2018/2019,9211,2018-08-18,Everton,Southampton,2,1,2.021,1.7759999999999998
2018/2019,9210,2018-08-18,Leicester,Wolverhampton Wanderers,2,0,0.224,1.094
2018/2019,9208,2018-08-18,West Ham,Bournemouth,1,2,1.104,1.692
2018/2019,9207,2018-08-18,Cardiff,Newcastle United,0,0,1.156,1.555
2018/2019,9209,2018-08-18,Tottenham,Fulham,3,1,3.268,1.444
2018/2019,9213,2018-08-19,Manchester City,Huddersfield,6,1,4.605,0.665
2018/2019,9214,2018-08-19,Burnley,Watford,1,3,0.394,1.918
2018/2019,9215,2018-08-19,Brighton,Manchester United,3,2,1.638,1.567
2018/2019,9216,2018-08-20,Crystal Palace,Liverpool,0,2,0.37,2.823
2018/2019,9217,2018-08-25,Wolverhampton Wanderers,Manchester City,1,1,1.265,1.844
2018/2019,9218,2018-08-25,Southampton,Leicester,1,2,0.543,0.519
2018/2019,9219,2018-08-25,Huddersfield,Cardiff,0,0,0.204,1.065
2018/2019,9221,2018-08-25,Bournemouth,Everton,2,2,2.59,0.545
2018/2019,9222,2018-08-25,Arsenal,West Ham,3,1,1.7859999999999998,1.18
2018/2019,9223,2018-08-25,Liverpool,Brighton,1,0,1.815,0.537
2018/2019,9224,2018-08-26,Watford,Crystal Palace,2,1,1.1469999999999998,1.22
2018/2019,9220,2018-08-26,Fulham,Burnley,4,2,1.926,1.5699999999999998
2018/2019,9225,2018-08-26,Newcastle United,Chelsea,1,2,0.21,1.498
2018/2019,9226,2018-08-27,Manchester United,Tottenham,0,3,1.404,1.809
2018/2019,9227,2018-09-01,Leicester,Liverpool,1,2,0.982,1.228
2018/2019,9228,2018-09-01,West Ham,Wolverhampton Wanderers,0,1,0.89,1.224
2018/2019,9229,2018-09-01,Everton,Huddersfield,1,1,0.617,0.661
2018/2019,9230,2018-09-01,Crystal Palace,Southampton,0,2,2.353,3.137
2018/2019,9231,2018-09-01,Chelsea,Bournemouth,2,0,1.1649999999999998,0.952
2018/2019,9233,2018-09-01,Brighton,Fulham,2,2,2.683,1.517
2018/2019,9234,2018-09-01,Manchester City,Newcastle United,2,1,2.47,0.556
2018/2019,9232,2018-09-02,Burnley,Manchester United,0,2,1.1,2.905
2018/2019,9235,2018-09-02,Cardiff,Arsenal,2,3,0.775,1.4109999999999998
2018/2019,9236,2018-09-02,Watford,Tottenham,2,1,0.455,0.584
2018/2019,9241,2018-09-15,Chelsea,Cardiff,4,1,2.672,0.829
2018/2019,9240,2018-09-15,Huddersfield,Crystal Palace,0,1,0.878,0.748
2018/2019,9242,2018-09-15,Bournemouth,Leicester,4,2,2.228,1.826
2018/2019,9238,2018-09-15,Newcastle United,Arsenal,1,2,0.413,0.906
2018/2019,9237,2018-09-15,Tottenham,Liverpool,1,2,0.789,3.011
2018/2019,9239,2018-09-15,Manchester City,Fulham,3,0,4.917000000000001,0.344
2018/2019,9243,2018-09-15,Watford,Manchester United,1,2,1.176,1.65
2018/2019,9245,2018-09-16,Everton,West Ham,1,3,1.269,1.525
2018/2019,9244,2018-09-16,Wolverhampton Wanderers,Burnley,1,0,3.393,0.21
2018/2019,9246,2018-09-17,Southampton,Brighton,2,2,2.196,1.972
2018/2019,9247,2018-09-22,Fulham,Watford,1,1,1.773,1.7619999999999998
2018/2019,9248,2018-09-22,Manchester United,Wolverhampton Wanderers,1,1,0.624,1.12
2018/2019,9249,2018-09-22,Liverpool,Southampton,3,0,1.7799999999999998,0.311
2018/2019,9250,2018-09-22,Leicester,Huddersfield,3,1,1.805,0.689
2018/2019,9251,2018-09-22,Crystal Palace,Newcastle United,0,0,0.932,0.23
2018/2019,9252,2018-09-22,Cardiff,Manchester City,0,5,0.099,3.085
2018/2019,9253,2018-09-22,Burnley,Bournemouth,4,0,2.295,0.977
2018/2019,9254,2018-09-22,Brighton,Tottenham,1,2,0.818,2.118
2018/2019,9255,2018-09-23,West Ham,Chelsea,0,0,1.019,1.884
2018/2019,9256,2018-09-23,Arsenal,Everton,2,0,0.932,1.0659999999999998
2018/2019,9259,2018-09-29,Newcastle United,Leicester,0,2,0.398,1.344
2018/2019,9264,2018-09-29,Chelsea,Liverpool,1,1,1.777,1.742
2018/2019,9263,2018-09-29,Arsenal,Watford,2,0,1.5719999999999998,2.622
2018/2019,9262,2018-09-29,Everton,Fulham,3,0,2.316,0.537
2018/2019,9257,2018-09-29,West Ham,Manchester United,3,1,1.3039999999999998,0.867
2018/2019,9260,2018-09-29,Manchester City,Brighton,2,0,2.908,0.231
2018/2019,9258,2018-09-29,Wolverhampton Wanderers,Southampton,2,0,1.426,0.681
2018/2019,9261,2018-09-29,Huddersfield,Tottenham,0,2,0.34,2.338
2018/2019,9265,2018-09-30,Cardiff,Burnley,1,2,1.5679999999999998,0.113
2018/2019,9266,2018-10-01,Bournemouth,Crystal Palace,2,1,1.972,0.387
2018/2019,9267,2018-10-05,Brighton,West Ham,1,0,1.027,1.438
2018/2019,9272,2018-10-06,Burnley,Huddersfield,1,1,0.354,1.0259999999999998
2018/2019,9271,2018-10-06,Crystal Palace,Wolverhampton Wanderers,0,1,1.0379999999999998,0.757
2018/2019,9273,2018-10-06,Manchester United,Newcastle United,3,2,2.407,1.561
2018/2019,9269,2018-10-06,Tottenham,Cardiff,1,0,2.653,1.1389999999999998
2018/2019,9268,2018-10-06,Watford,Bournemouth,0,4,1.067,3.286
2018/2019,9270,2018-10-06,Leicester,Everton,1,2,1.106,1.1509999999999998
2018/2019,9275,2018-10-07,Southampton,Chelsea,0,3,1.488,3.548
2018/2019,9276,2018-10-07,Liverpool,Manchester City,0,0,0.435,1.0759999999999998
2018/2019,9274,2018-10-07,Fulham,Arsenal,1,5,1.317,1.138
2018/2019,9284,2018-10-20,Huddersfield,Liverpool,0,1,0.639,0.665
2018/2019,9283,2018-10-20,Bournemouth,Southampton,0,0,0.841,0.591
2018/2019,9282,2018-10-20,Cardiff,Fulham,4,2,1.757,0.949
2018/2019,9281,2018-10-20,Manchester City,Burnley,5,0,4.487,0.371
2018/2019,9278,2018-10-20,Wolverhampton Wanderers,Watford,0,2,0.475,1.069
2018/2019,9279,2018-10-20,West Ham,Tottenham,0,1,0.545,1.119
2018/2019,9277,2018-10-20,Chelsea,Manchester United,2,2,2.213,1.116
2018/2019,9280,2018-10-20,Newcastle United,Brighton,0,1,1.713,0.677
2018/2019,9285,2018-10-21,Everton,Crystal Palace,2,0,1.929,1.503
2018/2019,9286,2018-10-22,Arsenal,Leicester,3,1,2.917,0.933
2018/2019,9288,2018-10-27,Liverpool,Cardiff,4,1,2.303,0.644
2018/2019,9289,2018-10-27,Fulham,Bournemouth,0,3,0.385,2.107
2018/2019,9290,2018-10-27,Brighton,Wolverhampton Wanderers,1,0,1.0139999999999998,1.3809999999999998
2018/2019,9291,2018-10-27,Watford,Huddersfield,3,0,2.297,0.481
2018/2019,9292,2018-10-27,Southampton,Newcastle United,0,0,1.1929999999999998,0.299
2018/2019,9293,2018-10-27,Leicester,West Ham,1,1,1.954,1.561
2018/2019,9294,2018-10-28,Crystal Palace,Arsenal,2,2,2.382,0.846
2018/2019,9295,2018-10-28,Burnley,Chelsea,0,4,0.271,3.017
2018/2019,9287,2018-10-28,Manchester United,Everton,2,1,2.515,1.674
2018/2019,9296,2018-10-29,Tottenham,Manchester City,0,1,0.443,1.937
2018/2019,9297,2018-11-03,Bournemouth,Manchester United,1,2,1.929,3.293
2018/2019,9298,2018-11-03,West Ham,Burnley,4,2,2.558,0.884
2018/2019,9299,2018-11-03,Newcastle United,Watford,1,0,0.693,2.546
2018/2019,9301,2018-11-03,Everton,Brighton,3,1,2.594,0.677
2018/2019,9302,2018-11-03,Cardiff,Leicester,0,1,0.923,2.184
2018/2019,9303,2018-11-03,Arsenal,Liverpool,1,1,1.624,1.1969999999999998
2018/2019,9304,2018-11-03,Wolverhampton Wanderers,Tottenham,2,3,2.407,1.632
2018/2019,9300,2018-11-04,Manchester City,Southampton,6,1,2.764,1.816
2018/2019,9305,2018-11-04,Chelsea,Crystal Palace,3,1,1.888,0.456
2018/2019,9306,2018-11-05,Huddersfield,Fulham,1,0,0.515,0.355
2018/2019,9311,2018-11-10,Huddersfield,West Ham,1,1,1.176,1.442
2018/2019,9310,2018-11-10,Leicester,Burnley,0,0,1.5099999999999998,0.369
2018/2019,9312,2018-11-10,Crystal Palace,Tottenham,0,1,0.689,1.555
2018/2019,9308,2018-11-10,Southampton,Watford,1,1,1.2029999999999998,1.077
2018/2019,9307,2018-11-10,Cardiff,Brighton,2,1,1.944,0.768
2018/2019,9309,2018-11-10,Newcastle United,Bournemouth,2,1,2.576,1.918
2018/2019,9313,2018-11-11,Liverpool,Fulham,2,0,2.225,0.572
2018/2019,9314,2018-11-11,Chelsea,Everton,0,0,1.164,0.199
2018/2019,9315,2018-11-11,Manchester City,Manchester United,3,1,2.029,0.972
2018/2019,9316,2018-11-11,Arsenal,Wolverhampton Wanderers,1,1,0.967,1.866
2018/2019,9317,2018-11-24,West Ham,Manchester City,0,4,0.831,2.96
2018/2019,9318,2018-11-24,Watford,Liverpool,0,3,0.674,1.454
2018/2019,9319,2018-11-24,Manchester United,Crystal Palace,0,0,1.343,1.0539999999999998
2018/2019,9320,2018-11-24,Fulham,Southampton,3,2,1.388,1.6729999999999998
2018/2019,9321,2018-11-24,Everton,Cardiff,1,0,2.482,0.88
2018/2019,9322,2018-11-24,Brighton,Leicester,1,1,0.863,1.126
2018/2019,9323,2018-11-24,Tottenham,Chelsea,3,1,3.347,0.964
2018/2019,9324,2018-11-25,Bournemouth,Arsenal,1,2,0.652,1.711
2018/2019,9325,2018-11-25,Wolverhampton Wanderers,Huddersfield,0,2,0.702,0.628
2018/2019,9326,2018-11-26,Burnley,Newcastle United,1,2,1.496,1.678
2018/2019,9335,2018-11-30,Cardiff,Wolverhampton Wanderers,2,1,1.094,0.989
2018/2019,9327,2018-12-01,Southampton,Manchester United,2,2,0.625,0.906
2018/2019,9328,2018-12-01,Newcastle United,West Ham,0,3,1.1269999999999998,2.628
2018/2019,9329,2018-12-01,Manchester City,Bournemouth,3,1,2.837,0.716
2018/2019,9331,2018-12-01,Leicester,Watford,2,0,1.4189999999999998,1.2
2018/2019,9332,2018-12-01,Huddersfield,Brighton,1,2,0.559,1.6809999999999998
2018/2019,9333,2018-12-01,Crystal Palace,Burnley,2,0,2.039,0.303
2018/2019,9330,2018-12-02,Liverpool,Everton,1,0,3.077,1.231
2018/2019,9334,2018-12-02,Chelsea,Fulham,2,0,2.172,0.286
2018/2019,9336,2018-12-02,Arsenal,Tottenham,4,2,2.715,1.094
2018/2019,9337,2018-12-04,Brighton,Crystal Palace,3,1,1.253,1.5339999999999998
2018/2019,9338,2018-12-04,Bournemouth,Huddersfield,2,1,1.075,1.5639999999999998
2018/2019,9340,2018-12-04,West Ham,Cardiff,3,1,1.5759999999999998,1.935
2018/2019,9341,2018-12-04,Watford,Manchester City,1,2,1.6729999999999998,2.52
2018/2019,9344,2018-12-05,Manchester United,Arsenal,2,2,1.338,1.733
2018/2019,9343,2018-12-05,Burnley,Liverpool,1,3,1.059,2.74
2018/2019,9345,2018-12-05,Everton,Newcastle United,1,1,2.11,1.523
2018/2019,9339,2018-12-05,Wolverhampton Wanderers,Chelsea,2,1,0.684,1.108
2018/2019,9342,2018-12-05,Fulham,Leicester,1,1,1.477,1.217
2018/2019,9346,2018-12-05,Tottenham,Southampton,3,1,1.737,1.825
2018/2019,9353,2018-12-08,Cardiff,Southampton,1,0,1.559,0.502
2018/2019,9352,2018-12-08,Chelsea,Manchester City,2,0,0.527,0.741
2018/2019,9354,2018-12-08,Burnley,Brighton,1,0,1.814,0.953
2018/2019,9349,2018-12-08,Manchester United,Fulham,4,1,3.155,1.234
2018/2019,9347,2018-12-08,West Ham,Crystal Palace,3,2,1.537,0.936
2018/2019,9355,2018-12-08,Bournemouth,Liverpool,0,4,0.28,1.807
2018/2019,9350,2018-12-08,Leicester,Tottenham,0,2,0.359,0.919
2018/2019,9356,2018-12-08,Arsenal,Huddersfield,1,0,2.023,0.309
2018/2019,9348,2018-12-09,Newcastle United,Wolverhampton Wanderers,1,2,0.461,1.579
2018/2019,9351,2018-12-10,Everton,Watford,2,2,1.728,1.6309999999999998
2018/2019,9357,2018-12-15,Wolverhampton Wanderers,Bournemouth,2,0,2.023,0.528
2018/2019,9358,2018-12-15,Watford,Cardiff,3,2,1.6509999999999998,0.487
2018/2019,9359,2018-12-15,Tottenham,Burnley,1,0,1.747,0.452
2018/2019,9361,2018-12-15,Manchester City,Everton,3,1,1.799,1.624
2018/2019,9363,2018-12-15,Huddersfield,Newcastle United,0,1,0.672,0.932
2018/2019,9364,2018-12-15,Fulham,West Ham,0,2,1.035,0.754
2018/2019,9365,2018-12-15,Crystal Palace,Leicester,1,0,0.398,0.896
2018/2019,9360,2018-12-16,Southampton,Arsenal,3,2,1.213,1.859
2018/2019,9362,2018-12-16,Liverpool,Manchester United,3,1,2.605,0.659
2018/2019,9366,2018-12-16,Brighton,Chelsea,1,2,0.262,1.612
2018/2019,9367,2018-12-21,Wolverhampton Wanderers,Liverpool,0,2,0.765,2.165
2018/2019,9376,2018-12-22,Arsenal,Burnley,3,1,1.467,1.033
2018/2019,9375,2018-12-22,Bournemouth,Brighton,2,0,0.894,0.826
2018/2019,9374,2018-12-22,Cardiff,Manchester United,1,5,1.273,2.726
2018/2019,9373,2018-12-22,Chelsea,Leicester,0,1,2.406,0.457
2018/2019,9370,2018-12-22,Manchester City,Crystal Palace,2,3,1.2719999999999998,1.1469999999999998
2018/2019,9369,2018-12-22,Newcastle United,Fulham,0,0,0.291,0.246
2018/2019,9368,2018-12-22,West Ham,Watford,0,2,2.066,2.331
2018/2019,9371,2018-12-22,Huddersfield,Southampton,1,3,1.005,2.603
2018/2019,9372,2018-12-23,Everton,Tottenham,2,6,1.0019999999999998,2.556
2018/2019,9381,2018-12-26,Liverpool,Newcastle United,4,0,3.251,0.457
2018/2019,9377,2018-12-26,Watford,Chelsea,1,2,1.245,2.197
2018/2019,9378,2018-12-26,Tottenham,Bournemouth,5,0,2.236,1.218
2018/2019,9380,2018-12-26,Manchester United,Huddersfield,3,1,1.799,1.4069999999999998
2018/2019,9382,2018-12-26,Leicester,Manchester City,2,1,1.5579999999999998,1.349
2018/2019,9383,2018-12-26,Fulham,Wolverhampton Wanderers,1,1,1.2779999999999998,1.36
2018/2019,9384,2018-12-26,Crystal Palace,Cardiff,0,0,2.433,1.0599999999999998
2018/2019,9385,2018-12-26,Burnley,Everton,1,5,1.887,1.888
2018/2019,9386,2018-12-26,Brighton,Arsenal,1,1,1.386,0.79
2018/2019,9379,2018-12-27,Southampton,West Ham,1,2,1.2879999999999998,1.271
2018/2019,9393,2018-12-29,Fulham,Huddersfield,1,0,1.725,0.278
2018/2019,9396,2018-12-29,Brighton,Everton,1,0,1.604,0.657
2018/2019,9392,2018-12-29,Leicester,Cardiff,0,1,1.517,0.494
2018/2019,9387,2018-12-29,Watford,Newcastle United,1,1,1.057,0.663
2018/2019,9388,2018-12-29,Tottenham,Wolverhampton Wanderers,1,3,0.279,1.21
2018/2019,9391,2018-12-29,Liverpool,Arsenal,5,1,3.706,1.083
2018/2019,9389,2018-12-30,Southampton,Manchester City,1,3,0.222,2.969
2018/2019,9390,2018-12-30,Manchester United,Bournemouth,4,1,3.42,0.707
2018/2019,9394,2018-12-30,Crystal Palace,Chelsea,0,1,0.2,0.742
2018/2019,9395,2018-12-30,Burnley,West Ham,2,0,2.9,0.657
2018/2019,9402,2019-01-01,Everton,Leicester,0,1,0.872,0.645
2018/2019,9404,2019-01-01,Cardiff,Tottenham,0,3,1.0799999999999998,1.384
2018/2019,9406,2019-01-01,Arsenal,Fulham,4,1,4.434,1.714
2018/2019,9403,2019-01-02,Chelsea,Southampton,0,0,0.852,0.159
2018/2019,9401,2019-01-02,Huddersfield,Burnley,1,2,0.623,2.664
2018/2019,9405,2019-01-02,Bournemouth,Watford,3,3,2.849,0.978
2018/2019,9398,2019-01-02,West Ham,Brighton,2,2,0.64,0.6880000000000001
2018/2019,9397,2019-01-02,Wolverhampton Wanderers,Crystal Palace,0,2,0.657,1.948
2018/2019,9399,2019-01-02,Newcastle United,Manchester United,0,2,0.693,2.676
2018/2019,9400,2019-01-03,Manchester City,Liverpool,2,1,1.005,1.3809999999999998
2018/2019,9416,2019-01-12,Brighton,Liverpool,0,1,0.385,2.268
2018/2019,9415,2019-01-12,Burnley,Fulham,2,1,0.811,0.904
2018/2019,9413,2019-01-12,Chelsea,Newcastle United,2,1,1.325,0.396
2018/2019,9414,2019-01-12,Cardiff,Huddersfield,0,0,0.126,0.396
2018/2019,9410,2019-01-12,Leicester,Southampton,1,2,1.761,1.418
2018/2019,9407,2019-01-12,West Ham,Arsenal,1,0,0.67,0.687
2018/2019,9412,2019-01-12,Crystal Palace,Watford,1,2,1.1629999999999998,1.5639999999999998
2018/2019,9408,2019-01-13,Tottenham,Manchester United,0,1,1.805,0.959
2018/2019,9411,2019-01-13,Everton,Bournemouth,2,0,1.7819999999999998,1.529
2018/2019,9409,2019-01-14,Manchester City,Wolverhampton Wanderers,3,0,3.12,0.1
2018/2019,9425,2019-01-19,Bournemouth,West Ham,2,0,1.249,0.973
2018/2019,9426,2019-01-19,Arsenal,Chelsea,2,0,2.095,0.756
2018/2019,9421,2019-01-19,Manchester United,Brighton,2,1,2.641,0.636
2018/2019,9422,2019-01-19,Liverpool,Crystal Palace,4,3,2.831,0.696
2018/2019,9419,2019-01-19,Southampton,Everton,2,1,1.061,1.313
2018/2019,9420,2019-01-19,Newcastle United,Cardiff,3,0,2.519,0.257
2018/2019,9418,2019-01-19,Watford,Burnley,0,0,1.071,1.974
2018/2019,9417,2019-01-19,Wolverhampton Wanderers,Leicester,4,3,2.218,1.339
2018/2019,9423,2019-01-20,Huddersfield,Manchester City,0,3,0.765,2.015
2018/2019,9424,2019-01-20,Fulham,Tottenham,1,2,0.939,1.934
2018/2019,9427,2019-01-29,Wolverhampton Wanderers,West Ham,3,0,2.037,0.131
2018/2019,9428,2019-01-29,Huddersfield,Everton,0,1,0.732,1.061
2018/2019,9429,2019-01-29,Fulham,Brighton,4,2,3.462,2.37
2018/2019,9431,2019-01-29,Arsenal,Cardiff,2,1,2.694,0.599
2018/2019,9432,2019-01-29,Manchester United,Burnley,2,2,3.235,0.936
2018/2019,9434,2019-01-29,Newcastle United,Manchester City,2,1,0.993,1.34
2018/2019,9436,2019-01-30,Liverpool,Leicester,1,1,0.577,1.128
2018/2019,9435,2019-01-30,Tottenham,Watford,2,1,1.363,0.481
2018/2019,9430,2019-01-30,Bournemouth,Chelsea,4,0,2.152,0.72
2018/2019,9433,2019-01-30,Southampton,Crystal Palace,1,1,1.334,1.5339999999999998
2018/2019,9438,2019-02-02,Tottenham,Newcastle United,1,0,3.105,0.401
2018/2019,9441,2019-02-02,Everton,Wolverhampton Wanderers,1,3,1.364,1.858
2018/2019,9442,2019-02-02,Crystal Palace,Fulham,2,0,2.197,0.562
2018/2019,9443,2019-02-02,Chelsea,Huddersfield,5,0,2.943,0.261
2018/2019,9444,2019-02-02,Cardiff,Bournemouth,2,0,2.532,0.353
2018/2019,9445,2019-02-02,Burnley,Southampton,1,1,2.003,0.789
2018/2019,9446,2019-02-02,Brighton,Watford,0,0,1.836,0.28
2018/2019,9439,2019-02-03,Manchester City,Arsenal,3,1,3.032,0.705
2018/2019,9440,2019-02-03,Leicester,Manchester United,0,1,1.402,1.498
2018/2019,9437,2019-02-04,West Ham,Liverpool,1,1,0.792,1.126
2018/2019,9461,2019-02-06,Everton,Manchester City,0,2,0.113,2.61
2018/2019,9453,2019-02-09,Southampton,Cardiff,1,2,1.708,0.982
2018/2019,9455,2019-02-09,Liverpool,Bournemouth,3,0,2.531,0.392
2018/2019,9451,2019-02-09,Watford,Everton,1,0,1.5339999999999998,0.642
2018/2019,9456,2019-02-09,Huddersfield,Arsenal,1,2,1.969,1.469
2018/2019,9448,2019-02-09,Crystal Palace,West Ham,1,1,2.685,1.748
2018/2019,9447,2019-02-09,Fulham,Manchester United,0,3,2.188,2.133
2018/2019,9449,2019-02-09,Brighton,Burnley,1,3,1.317,1.831
2018/2019,9452,2019-02-10,Tottenham,Leicester,3,1,1.212,3.023
2018/2019,9454,2019-02-10,Manchester City,Chelsea,6,0,4.043,0.903
2018/2019,9450,2019-02-11,Wolverhampton Wanderers,Newcastle United,1,1,2.311,0.436
2018/2019,9457,2019-02-22,West Ham,Fulham,3,1,2.73,1.237
2018/2019,9463,2019-02-22,Cardiff,Watford,1,5,1.901,2.759
2018/2019,9465,2019-02-23,Bournemouth,Wolverhampton Wanderers,1,1,2.134,1.204
2018/2019,9464,2019-02-23,Burnley,Tottenham,2,1,1.086,0.846
2018/2019,9458,2019-02-23,Newcastle United,Huddersfield,2,0,3.034,0.135
2018/2019,9460,2019-02-23,Leicester,Crystal Palace,1,4,0.948,1.5779999999999998
2018/2019,9459,2019-02-24,Manchester United,Liverpool,0,0,0.476,0.382
2018/2019,9466,2019-02-24,Arsenal,Southampton,2,0,2.352,0.614
2018/2019,9467,2019-02-26,Leicester,Brighton,2,1,1.923,1.207
2018/2019,9468,2019-02-26,Huddersfield,Wolverhampton Wanderers,1,0,1.463,0.574
2018/2019,9469,2019-02-26,Cardiff,Everton,0,3,0.22,1.1429999999999998
2018/2019,9473,2019-02-26,Newcastle United,Burnley,2,0,1.704,1.743
2018/2019,9475,2019-02-27,Manchester City,West Ham,1,0,3.678,0.401
2018/2019,9476,2019-02-27,Liverpool,Watford,5,0,2.744,0.631
2018/2019,9474,2019-02-27,Chelsea,Tottenham,2,0,0.627,0.723
2018/2019,9470,2019-02-27,Arsenal,Bournemouth,5,1,3.188,0.887
2018/2019,9471,2019-02-27,Crystal Palace,Manchester United,1,3,1.694,1.5419999999999998
2018/2019,9472,2019-02-27,Southampton,Fulham,2,0,1.1589999999999998,0.8
2018/2019,9477,2019-03-02,Wolverhampton Wanderers,Cardiff,2,0,3.209,0.703
2018/2019,9478,2019-03-02,West Ham,Newcastle United,2,0,1.89,1.186
2018/2019,9480,2019-03-02,Tottenham,Arsenal,1,1,1.769,3.458
2018/2019,9481,2019-03-02,Manchester United,Southampton,3,2,2.543,0.579
2018/2019,9484,2019-03-02,Burnley,Crystal Palace,1,3,1.91,0.707
2018/2019,9485,2019-03-02,Brighton,Huddersfield,1,0,1.4,0.202
2018/2019,9486,2019-03-02,Bournemouth,Manchester City,0,1,0.001,1.596
2018/2019,9479,2019-03-03,Watford,Leicester,2,1,1.366,0.796
2018/2019,9482,2019-03-03,Fulham,Chelsea,1,2,0.899,1.537
2018/2019,9483,2019-03-03,Everton,Liverpool,0,0,0.243,0.812
2018/2019,9492,2019-03-09,Huddersfield,Bournemouth,0,2,0.34,2.165
2018/2019,9493,2019-03-09,Crystal Palace,Brighton,1,2,1.444,0.13
2018/2019,9491,2019-03-09,Leicester,Fulham,3,1,2.136,0.152
2018/2019,9495,2019-03-09,Cardiff,West Ham,2,0,3.494,0.297
2018/2019,9488,2019-03-09,Newcastle United,Everton,3,2,2.38,1.152
2018/2019,9489,2019-03-09,Manchester City,Watford,3,1,3.758,0.408
2018/2019,9487,2019-03-09,Southampton,Tottenham,2,1,2.079,1.2699999999999998
2018/2019,9490,2019-03-10,Liverpool,Burnley,4,2,4.1240000000000006,0.473
2018/2019,9494,2019-03-10,Chelsea,Wolverhampton Wanderers,1,1,1.0479999999999998,0.61
2018/2019,9496,2019-03-10,Arsenal,Manchester United,2,0,1.5279999999999998,2.371
2018/2019,9498,2019-03-16,West Ham,Huddersfield,4,3,1.882,1.67
2018/2019,9504,2019-03-16,Burnley,Leicester,1,2,1.1709999999999998,0.61
2018/2019,9506,2019-03-16,Bournemouth,Newcastle United,2,2,1.618,1.029
2018/2019,9503,2019-03-17,Everton,Chelsea,2,0,2.241,1.245
2018/2019,9502,2019-03-17,Fulham,Liverpool,1,2,0.917,2.735
2018/2019,9516,2019-03-30,Brighton,Southampton,0,1,0.562,0.858
2018/2019,9508,2019-03-30,West Ham,Everton,0,2,0.09,2.661
2018/2019,9509,2019-03-30,Manchester United,Watford,2,1,1.982,1.353
2018/2019,9511,2019-03-30,Leicester,Bournemouth,2,0,1.894,0.791
2018/2019,9512,2019-03-30,Fulham,Manchester City,0,2,0.662,2.316
2018/2019,9513,2019-03-30,Crystal Palace,Huddersfield,2,0,2.848,0.928
2018/2019,9515,2019-03-30,Burnley,Wolverhampton Wanderers,2,0,0.574,0.399
2018/2019,9514,2019-03-31,Cardiff,Chelsea,1,2,0.447,2.079
2018/2019,9510,2019-03-31,Liverpool,Tottenham,2,1,1.094,1.049
2018/2019,9507,2019-04-01,Arsenal,Newcastle United,2,0,1.0459999999999998,0.045
2018/2019,9517,2019-04-02,Wolverhampton Wanderers,Manchester United,2,1,1.6509999999999998,2.039
2018/2019,9518,2019-04-02,Watford,Fulham,4,1,1.594,1.91
2018/2019,9462,2019-04-03,Chelsea,Brighton,3,0,3.125,0.442
2018/2019,9500,2019-04-03,Tottenham,Crystal Palace,2,0,2.575,0.565
2018/2019,9522,2019-04-03,Manchester City,Cardiff,2,0,3.54,0.137
2018/2019,9520,2019-04-05,Southampton,Liverpool,1,3,0.719,2.008
2018/2019,9521,2019-04-06,Newcastle United,Crystal Palace,0,1,0.944,0.909
2018/2019,9523,2019-04-06,Huddersfield,Leicester,1,4,1.624,3.62
2018/2019,9526,2019-04-06,Bournemouth,Burnley,1,3,1.21,1.39
2018/2019,9524,2019-04-07,Everton,Arsenal,1,0,2.695,0.203
2018/2019,9525,2019-04-08,Chelsea,West Ham,2,0,2.234,0.472
2018/2019,9532,2019-04-12,Leicester,Newcastle United,0,1,0.878,0.947
2018/2019,9536,2019-04-13,Brighton,Bournemouth,0,5,0.208,2.77
2018/2019,9535,2019-04-13,Burnley,Cardiff,2,0,2.845,0.873
2018/2019,9530,2019-04-13,Manchester United,West Ham,2,1,2.652,1.4289999999999998
2018/2019,9529,2019-04-13,Southampton,Wolverhampton Wanderers,3,1,3.809,0.644
2018/2019,9533,2019-04-13,Fulham,Everton,2,0,1.664,1.2919999999999998
2018/2019,9528,2019-04-13,Tottenham,Huddersfield,4,0,2.787,0.985
2018/2019,9531,2019-04-14,Liverpool,Chelsea,2,0,1.309,0.874
2018/2019,9534,2019-04-14,Crystal Palace,Manchester City,1,3,0.319,2.863
2018/2019,9527,2019-04-15,Watford,Arsenal,0,1,1.1269999999999998,2.268
2018/2019,9505,2019-04-16,Brighton,Cardiff,0,2,0.59,0.82
2018/2019,9545,2019-04-20,Bournemouth,Fulham,0,1,2.838,2.618
2018/2019,9541,2019-04-20,Huddersfield,Watford,1,2,1.092,1.086
2018/2019,9540,2019-04-20,Manchester City,Tottenham,1,0,2.063,1.2
2018/2019,9539,2019-04-20,Newcastle United,Southampton,3,1,1.231,1.2719999999999998
2018/2019,9538,2019-04-20,West Ham,Leicester,2,2,1.367,0.807
2018/2019,9537,2019-04-20,Wolverhampton Wanderers,Brighton,0,0,2.605,0.116
2018/2019,9542,2019-04-21,Everton,Manchester United,4,0,1.521,0.307
2018/2019,9544,2019-04-21,Cardiff,Liverpool,0,2,1.12,2.425
2018/2019,9546,2019-04-21,Arsenal,Crystal Palace,2,3,1.543,2.563
2018/2019,9543,2019-04-22,Chelsea,Burnley,2,2,1.283,0.79
2018/2019,9519,2019-04-23,Tottenham,Brighton,1,0,1.0039999999999998,0.144
2018/2019,9499,2019-04-23,Watford,Southampton,1,1,1.2739999999999998,2.121
2018/2019,9497,2019-04-24,Wolverhampton Wanderers,Arsenal,3,1,0.983,0.941
2018/2019,9501,2019-04-24,Manchester United,Manchester City,0,2,0.516,0.531
2018/2019,9551,2019-04-26,Liverpool,Huddersfield,5,0,3.59,0.163
2018/2019,9547,2019-04-27,Watford,Wolverhampton Wanderers,1,2,0.897,2.445
2018/2019,9548,2019-04-27,Tottenham,West Ham,0,1,1.355,0.993
2018/2019,9549,2019-04-27,Southampton,Bournemouth,3,3,2.736,2.623
2018/2019,9553,2019-04-27,Fulham,Cardiff,1,0,0.52,1.114
2018/2019,9554,2019-04-27,Crystal Palace,Everton,0,0,0.262,1.1529999999999998
2018/2019,9556,2019-04-27,Brighton,Newcastle United,1,1,1.206,0.439
2018/2019,9550,2019-04-28,Manchester United,Chelsea,1,1,1.126,1.6309999999999998
2018/2019,9552,2019-04-28,Leicester,Arsenal,3,0,3.681,0.602
2018/2019,9555,2019-04-28,Burnley,Manchester City,0,1,0.091,2.35
2018/2019,9562,2019-05-03,Everton,Burnley,2,0,1.7659999999999998,0.474
2018/2019,9564,2019-05-04,Cardiff,Crystal Palace,2,3,1.501,1.811
2018/2019,9565,2019-05-04,Bournemouth,Tottenham,1,0,2.227,0.714
2018/2019,9558,2019-05-04,West Ham,Southampton,3,0,2.0,0.445
2018/2019,9557,2019-05-04,Wolverhampton Wanderers,Fulham,1,0,2.095,0.513
2018/2019,9559,2019-05-04,Newcastle United,Liverpool,2,3,1.2979999999999998,1.482
2018/2019,9561,2019-05-05,Huddersfield,Manchester United,1,1,0.738,1.881
2018/2019,9563,2019-05-05,Chelsea,Watford,3,0,2.966,1.2719999999999998
2018/2019,9566,2019-05-05,Arsenal,Brighton,1,1,2.363,1.907
2018/2019,9560,2019-05-06,Manchester City,Leicester,1,0,1.087,0.538
2018/2019,9567,2019-05-12,Watford,West Ham,1,4,2.071,3.202
2018/2019,9568,2019-05-12,Tottenham,Everton,2,2,0.884,2.07
2018/2019,9569,2019-05-12,Southampton,Huddersfield,1,1,0.942,0.858
2018/2019,9570,2019-05-12,Manchester United,Cardiff,0,2,1.897,1.712
2018/2019,9571,2019-05-12,Liverpool,Wolverhampton Wanderers,2,0,1.7029999999999998,0.885
2018/2019,9572,2019-05-12,Leicester,Chelsea,0,0,0.346,1.2679999999999998
2018/2019,9573,2019-05-12,Fulham,Newcastle United,0,4,0.571,1.96
2018/2019,9574,2019-05-12,Crystal Palace,Bournemouth,5,3,2.86,1.899
2018/2019,9575,2019-05-12,Burnley,Arsenal,1,3,1.73,2.874
2018/2019,9576,2019-05-12,Brighton,Manchester City,1,4,0.596,2.223
2019/2020,11643,2019-08-09,Liverpool,Norwich,4,1,2.236,0.843
2019/2020,11644,2019-08-10,West Ham,Manchester City,0,5,1.2009999999999998,3.185
2019/2020,11645,2019-08-10,Bournemouth,Sheffield United,1,1,1.342,1.6
2019/2020,11646,2019-08-10,Burnley,Southampton,3,0,0.91,1.089
2019/2020,11647,2019-08-10,Crystal Palace,Everton,0,0,0.873,1.226
2019/2020,11648,2019-08-10,Watford,Brighton,0,3,0.671,0.857
2019/2020,11649,2019-08-10,Tottenham,Aston Villa,3,1,2.574,0.641
2019/2020,11650,2019-08-11,Newcastle United,Arsenal,0,1,0.382,1.134
2019/2020,11651,2019-08-11,Leicester,Wolverhampton Wanderers,0,0,0.545,0.814
2019/2020,11652,2019-08-11,Manchester United,Chelsea,4,0,2.375,1.096
2019/2020,11653,2019-08-17,Arsenal,Burnley,2,1,1.1649999999999998,1.3929999999999998
2019/2020,11654,2019-08-17,Aston Villa,Bournemouth,1,2,1.652,1.6289999999999998
2019/2020,11655,2019-08-17,Brighton,West Ham,1,1,2.406,1.0099999999999998
2019/2020,11656,2019-08-17,Everton,Watford,1,0,0.834,1.174
2019/2020,11657,2019-08-17,Norwich,Newcastle United,3,1,2.097,0.921
2019/2020,11658,2019-08-17,Southampton,Liverpool,1,2,2.141,1.521
2019/2020,11659,2019-08-17,Manchester City,Tottenham,2,2,3.202,0.076
2019/2020,11661,2019-08-18,Chelsea,Leicester,1,1,1.227,0.949
2019/2020,11660,2019-08-18,Sheffield United,Crystal Palace,1,0,1.849,0.243
2019/2020,11662,2019-08-19,Wolverhampton Wanderers,Manchester United,1,1,0.308,1.144
2019/2020,11663,2019-08-23,Aston Villa,Everton,2,0,0.857,1.2579999999999998
2019/2020,11664,2019-08-24,Norwich,Chelsea,2,3,1.0799999999999998,1.895
2019/2020,11665,2019-08-24,Sheffield United,Leicester,1,2,0.655,0.706
2019/2020,11666,2019-08-24,Brighton,Southampton,0,2,0.999,2.079
2019/2020,11667,2019-08-24,Watford,West Ham,1,3,2.294,3.459
2019/2020,11669,2019-08-24,Manchester United,Crystal Palace,1,2,2.237,0.678
2019/2020,11670,2019-08-24,Liverpool,Arsenal,3,1,2.789,0.987
2019/2020,11668,2019-08-25,Wolverhampton Wanderers,Burnley,1,1,1.329,1.229
2019/2020,11671,2019-08-25,Bournemouth,Manchester City,1,3,1.894,3.13
2019/2020,11672,2019-08-25,Tottenham,Newcastle United,0,1,1.2599999999999998,0.515
2019/2020,11678,2019-08-31,Manchester City,Brighton,4,0,2.309,0.862
2019/2020,11680,2019-08-31,Burnley,Liverpool,0,3,0.618,1.202
2019/2020,11679,2019-08-31,Newcastle United,Watford,1,1,1.0419999999999998,1.108
2019/2020,11677,2019-08-31,Leicester,Bournemouth,3,1,2.239,0.556
2019/2020,11675,2019-08-31,Chelsea,Sheffield United,2,2,2.307,1.047
2019/2020,11674,2019-08-31,West Ham,Norwich,2,0,2.208,1.168
2019/2020,11673,2019-08-31,Southampton,Manchester United,1,1,0.771,1.905
2019/2020,11676,2019-08-31,Crystal Palace,Aston Villa,1,0,1.4149999999999998,0.305
2019/2020,11681,2019-09-01,Everton,Wolverhampton Wanderers,3,2,1.489,2.003
2019/2020,11682,2019-09-01,Arsenal,Tottenham,2,2,1.926,1.956
2019/2020,11685,2019-09-14,Brighton,Burnley,1,1,1.686,0.343
2019/2020,11683,2019-09-14,Liverpool,Newcastle United,3,1,2.934,0.292
2019/2020,11684,2019-09-14,Manchester United,Leicester,1,0,1.101,0.46
2019/2020,11686,2019-09-14,Sheffield United,Southampton,0,1,1.881,1.5779999999999998
2019/2020,11687,2019-09-14,Tottenham,Crystal Palace,4,0,1.0499999999999998,0.578
2019/2020,11688,2019-09-14,Wolverhampton Wanderers,Chelsea,2,5,1.495,3.069
2019/2020,11689,2019-09-14,Norwich,Manchester City,3,2,1.742,2.345
2019/2020,11690,2019-09-15,Bournemouth,Everton,3,1,1.416,1.507
2019/2020,11691,2019-09-15,Watford,Arsenal,2,2,2.833,1.007
2019/2020,11692,2019-09-16,Aston Villa,West Ham,0,0,1.406,0.536
2019/2020,11693,2019-09-20,Southampton,Bournemouth,1,3,2.181,1.299
2019/2020,11698,2019-09-21,Everton,Sheffield United,0,2,1.261,0.509
2019/2020,11696,2019-09-21,Burnley,Norwich,2,0,2.394,0.802
2019/2020,11699,2019-09-21,Newcastle United,Brighton,0,0,1.099,1.217
2019/2020,11694,2019-09-21,Leicester,Tottenham,2,1,1.289,1.338
2019/2020,11695,2019-09-21,Manchester City,Watford,8,0,6.631,0.346
2019/2020,11697,2019-09-22,Crystal Palace,Wolverhampton Wanderers,1,1,0.986,1.757
2019/2020,11700,2019-09-22,West Ham,Manchester United,2,0,0.515,1.279
2019/2020,11701,2019-09-22,Chelsea,Liverpool,1,2,1.234,1.031
2019/2020,11702,2019-09-22,Arsenal,Aston Villa,3,2,2.533,1.716
2019/2020,11711,2019-09-28,Everton,Manchester City,1,3,2.36,3.109
2019/2020,11709,2019-09-28,Crystal Palace,Norwich,2,0,1.806,0.713
2019/2020,11708,2019-09-28,Chelsea,Brighton,2,0,4.265000000000001,0.617
2019/2020,11707,2019-09-28,Bournemouth,West Ham,2,2,2.321,1.2959999999999998
2019/2020,11705,2019-09-28,Wolverhampton Wanderers,Watford,2,0,1.1649999999999998,1.067
2019/2020,11704,2019-09-28,Tottenham,Southampton,2,1,1.1909999999999998,1.164
2019/2020,11703,2019-09-28,Sheffield United,Liverpool,0,1,1.1709999999999998,1.972
2019/2020,11706,2019-09-28,Aston Villa,Burnley,2,2,0.915,1.67
2019/2020,11710,2019-09-29,Leicester,Newcastle United,5,0,1.825,0.055
2019/2020,11712,2019-09-30,Manchester United,Arsenal,1,1,1.134,1.7049999999999998
2019/2020,11719,2019-10-05,Watford,Sheffield United,0,0,1.444,0.355
2019/2020,11720,2019-10-05,West Ham,Crystal Palace,1,2,1.237,2.069
2019/2020,11717,2019-10-05,Norwich,Aston Villa,1,5,1.849,3.679
2019/2020,11715,2019-10-05,Liverpool,Leicester,2,1,3.75,0.099
2019/2020,11714,2019-10-05,Burnley,Everton,1,0,0.56,1.3079999999999998
2019/2020,11713,2019-10-05,Brighton,Tottenham,3,0,2.601,0.48
2019/2020,11716,2019-10-06,Manchester City,Wolverhampton Wanderers,0,2,1.62,1.1889999999999998
2019/2020,11718,2019-10-06,Southampton,Chelsea,1,4,1.271,2.153
2019/2020,11721,2019-10-06,Newcastle United,Manchester United,1,0,0.651,0.97
2019/2020,11722,2019-10-06,Arsenal,Bournemouth,1,0,1.242,0.685
2019/2020,11723,2019-10-19,Aston Villa,Brighton,2,1,2.968,1.323
2019/2020,11724,2019-10-19,Bournemouth,Norwich,0,0,0.677,0.404
2019/2020,11725,2019-10-19,Chelsea,Newcastle United,1,0,2.302,0.198
2019/2020,11726,2019-10-19,Crystal Palace,Manchester City,0,2,0.618,4.022
2019/2020,11727,2019-10-19,Everton,West Ham,2,0,2.234,0.46
2019/2020,11728,2019-10-19,Leicester,Burnley,2,1,0.83,1.797
2019/2020,11731,2019-10-19,Tottenham,Watford,1,1,0.893,0.848
2019/2020,11732,2019-10-19,Wolverhampton Wanderers,Southampton,1,1,0.888,1.378
2019/2020,11729,2019-10-20,Manchester United,Liverpool,1,1,0.793,1.033
2019/2020,11730,2019-10-21,Sheffield United,Arsenal,1,0,0.897,0.951
2019/2020,11740,2019-10-25,Southampton,Leicester,0,9,0.458,4.381
2019/2020,11734,2019-10-26,Brighton,Everton,3,2,1.154,1.0479999999999998
2019/2020,11735,2019-10-26,Burnley,Chelsea,2,4,2.236,0.989
2019/2020,11737,2019-10-26,Manchester City,Aston Villa,3,0,3.191,0.981
2019/2020,11741,2019-10-26,Watford,Bournemouth,0,0,0.676,0.901
2019/2020,11742,2019-10-26,West Ham,Sheffield United,1,1,2.34,1.1629999999999998
2019/2020,11733,2019-10-27,Arsenal,Crystal Palace,2,2,1.541,1.7799999999999998
2019/2020,11736,2019-10-27,Liverpool,Tottenham,2,1,2.19,1.352
2019/2020,11738,2019-10-27,Newcastle United,Wolverhampton Wanderers,1,1,0.604,1.934
2019/2020,11739,2019-10-27,Norwich,Manchester United,1,3,0.893,4.513
2019/2020,11752,2019-11-02,West Ham,Newcastle United,2,3,1.537,1.933
2019/2020,11750,2019-11-02,Sheffield United,Burnley,3,0,2.585,0.718
2019/2020,11749,2019-11-02,Manchester City,Southampton,2,1,3.362,0.895
2019/2020,11751,2019-11-02,Watford,Chelsea,1,2,1.475,2.184
2019/2020,11745,2019-11-02,Bournemouth,Manchester United,1,0,1.87,0.642
2019/2020,11744,2019-11-02,Aston Villa,Liverpool,1,2,0.743,2.389
2019/2020,11743,2019-11-02,Arsenal,Wolverhampton Wanderers,1,1,1.027,1.511
2019/2020,11746,2019-11-02,Brighton,Norwich,2,0,2.656,0.456
2019/2020,11747,2019-11-03,Crystal Palace,Leicester,0,2,0.444,0.982
2019/2020,11748,2019-11-03,Everton,Tottenham,1,1,1.156,0.244
2019/2020,11757,2019-11-08,Norwich,Watford,0,2,0.622,1.361
2019/2020,11762,2019-11-09,Leicester,Arsenal,2,0,1.372,0.962
2019/2020,11759,2019-11-09,Tottenham,Sheffield United,1,1,1.511,0.924
2019/2020,11758,2019-11-09,Southampton,Everton,1,2,0.743,2.09
2019/2020,11756,2019-11-09,Newcastle United,Bournemouth,2,1,2.332,1.922
2019/2020,11753,2019-11-09,Burnley,West Ham,3,0,2.417,0.475
2019/2020,11754,2019-11-09,Chelsea,Crystal Palace,2,0,3.29,0.48
2019/2020,11755,2019-11-10,Liverpool,Manchester City,3,1,1.333,1.482
2019/2020,11760,2019-11-10,Wolverhampton Wanderers,Aston Villa,2,1,2.1,0.474
2019/2020,11761,2019-11-10,Manchester United,Brighton,3,1,3.654,1.1349999999999998
2019/2020,11769,2019-11-23,Manchester City,Chelsea,2,1,1.237,0.821
2019/2020,11772,2019-11-23,West Ham,Tottenham,2,3,0.662,2.208
2019/2020,11771,2019-11-23,Watford,Burnley,0,3,0.903,2.664
2019/2020,11768,2019-11-23,Everton,Norwich,0,2,0.814,1.809
2019/2020,11767,2019-11-23,Crystal Palace,Liverpool,1,2,1.0239999999999998,1.644
2019/2020,11766,2019-11-23,Brighton,Leicester,0,2,0.786,3.51
2019/2020,11765,2019-11-23,Bournemouth,Wolverhampton Wanderers,1,2,0.851,1.277
2019/2020,11763,2019-11-23,Arsenal,Southampton,2,2,1.609,2.604
2019/2020,11770,2019-11-24,Sheffield United,Manchester United,3,3,1.561,1.332
2019/2020,11764,2019-11-25,Aston Villa,Newcastle United,2,0,2.7,0.699
2019/2020,11773,2019-11-30,Burnley,Crystal Palace,0,2,1.852,0.938
2019/2020,11774,2019-11-30,Chelsea,West Ham,0,1,2.733,1.121
2019/2020,11776,2019-11-30,Liverpool,Brighton,2,1,1.369,0.869
2019/2020,11777,2019-11-30,Newcastle United,Manchester City,2,2,0.209,2.445
2019/2020,11778,2019-11-30,Southampton,Watford,2,1,1.968,0.505
2019/2020,11779,2019-11-30,Tottenham,Bournemouth,3,2,2.933,1.0299999999999998
2019/2020,11775,2019-12-01,Leicester,Everton,2,1,2.244,1.251
2019/2020,11780,2019-12-01,Wolverhampton Wanderers,Sheffield United,1,1,1.275,1.474
2019/2020,11781,2019-12-01,Norwich,Arsenal,2,2,0.812,1.963
2019/2020,11782,2019-12-01,Manchester United,Aston Villa,2,2,1.849,1.2979999999999998
2019/2020,11791,2019-12-03,Crystal Palace,Bournemouth,1,0,0.385,0.344
2019/2020,11784,2019-12-03,Burnley,Manchester City,1,4,0.488,2.562
2019/2020,11785,2019-12-04,Leicester,Watford,2,0,2.288,0.201
2019/2020,11787,2019-12-04,Wolverhampton Wanderers,West Ham,2,0,1.823,0.503
2019/2020,11788,2019-12-04,Manchester United,Tottenham,2,1,1.478,0.543
2019/2020,11789,2019-12-04,Chelsea,Aston Villa,2,1,1.978,0.862
2019/2020,11790,2019-12-04,Southampton,Norwich,2,1,2.003,0.898
2019/2020,11792,2019-12-04,Liverpool,Everton,5,2,2.415,1.7659999999999998
2019/2020,11783,2019-12-05,Arsenal,Brighton,1,2,0.966,1.535
2019/2020,11786,2019-12-05,Sheffield United,Newcastle United,0,2,1.093,0.535
2019/2020,11794,2019-12-07,Bournemouth,Liverpool,0,3,0.156,3.045
2019/2020,11796,2019-12-07,Everton,Chelsea,3,1,2.04,1.2579999999999998
2019/2020,11797,2019-12-07,Manchester City,Manchester United,1,2,2.072,1.6349999999999998
2019/2020,11800,2019-12-07,Tottenham,Burnley,5,0,2.398,1.087
2019/2020,11801,2019-12-07,Watford,Crystal Palace,0,0,1.5719999999999998,0.212
2019/2020,11798,2019-12-08,Newcastle United,Southampton,2,1,1.105,1.894
2019/2020,11799,2019-12-08,Norwich,Sheffield United,1,2,0.587,0.714
2019/2020,11793,2019-12-08,Aston Villa,Leicester,1,4,1.242,4.034000000000001
2019/2020,11795,2019-12-08,Brighton,Wolverhampton Wanderers,2,2,0.953,1.873
2019/2020,11802,2019-12-09,West Ham,Arsenal,1,3,0.523,1.793
2019/2020,11804,2019-12-14,Burnley,Newcastle United,1,0,1.4369999999999998,1.088
2019/2020,11805,2019-12-14,Chelsea,Bournemouth,0,1,2.022,1.209
2019/2020,11807,2019-12-14,Leicester,Norwich,1,1,1.065,1.1649999999999998
2019/2020,11808,2019-12-14,Liverpool,Watford,2,0,1.5679999999999998,1.013
2019/2020,11810,2019-12-14,Sheffield United,Aston Villa,2,0,1.889,0.974
2019/2020,11811,2019-12-14,Southampton,West Ham,0,1,0.807,0.904
2019/2020,11803,2019-12-15,Arsenal,Manchester City,0,3,0.283,1.6969999999999998
2019/2020,11809,2019-12-15,Manchester United,Everton,1,1,1.484,0.278
2019/2020,11812,2019-12-15,Wolverhampton Wanderers,Tottenham,1,2,0.72,0.99
2019/2020,11806,2019-12-16,Crystal Palace,Brighton,1,1,0.486,2.485
2019/2020,11819,2019-12-21,Norwich,Wolverhampton Wanderers,1,2,1.2659999999999998,1.6529999999999998
2019/2020,11818,2019-12-21,Newcastle United,Crystal Palace,1,0,0.715,0.986
2019/2020,11816,2019-12-21,Everton,Arsenal,0,0,0.488,0.883
2019/2020,11817,2019-12-21,Manchester City,Leicester,3,1,3.592,1.015
2019/2020,11814,2019-12-21,Bournemouth,Burnley,0,1,0.14,0.145
2019/2020,11813,2019-12-21,Aston Villa,Southampton,1,3,0.922,2.635
2019/2020,11815,2019-12-21,Brighton,Sheffield United,0,1,0.429,1.66
2019/2020,11820,2019-12-22,Tottenham,Chelsea,0,2,0.278,1.495
2019/2020,11821,2019-12-22,Watford,Manchester United,2,0,1.594,1.5319999999999998
2019/2020,11831,2019-12-26,Tottenham,Brighton,2,1,1.027,1.091
2019/2020,11830,2019-12-26,Sheffield United,Watford,1,1,2.046,0.598
2019/2020,11829,2019-12-26,Manchester United,Newcastle United,4,1,1.997,1.051
2019/2020,11828,2019-12-26,Leicester,Liverpool,0,4,0.122,3.771
2019/2020,11826,2019-12-26,Crystal Palace,West Ham,2,1,2.143,0.797
2019/2020,11825,2019-12-26,Chelsea,Southampton,0,2,0.861,0.982
2019/2020,11824,2019-12-26,Bournemouth,Arsenal,1,1,1.5559999999999998,1.426
2019/2020,11823,2019-12-26,Aston Villa,Norwich,1,0,0.655,1.4509999999999998
2019/2020,11827,2019-12-26,Everton,Burnley,1,0,1.476,0.566
2019/2020,11832,2019-12-27,Wolverhampton Wanderers,Manchester City,3,2,2.395,1.521
2019/2020,11842,2019-12-28,West Ham,Leicester,1,2,0.783,2.624
2019/2020,11841,2019-12-28,Watford,Aston Villa,3,0,3.254,0.612
2019/2020,11840,2019-12-28,Southampton,Crystal Palace,1,1,1.48,0.139
2019/2020,11839,2019-12-28,Norwich,Tottenham,2,2,0.269,1.823
2019/2020,11835,2019-12-28,Burnley,Manchester United,0,2,0.388,2.106
2019/2020,11834,2019-12-28,Brighton,Bournemouth,2,0,1.0599999999999998,0.502
2019/2020,11838,2019-12-28,Newcastle United,Everton,1,2,1.6329999999999998,2.827
2019/2020,11833,2019-12-29,Arsenal,Chelsea,1,2,0.786,1.498
2019/2020,11836,2019-12-29,Liverpool,Wolverhampton Wanderers,1,0,1.492,0.365
2019/2020,11837,2019-12-29,Manchester City,Sheffield United,2,0,1.087,1.234
2019/2020,11843,2020-01-01,West Ham,Bournemouth,4,0,2.329,0.722
2019/2020,11844,2020-01-01,Arsenal,Manchester United,2,0,1.908,0.717
2019/2020,11845,2020-01-01,Brighton,Chelsea,1,1,1.571,1.5759999999999998
2019/2020,11846,2020-01-01,Burnley,Aston Villa,1,2,2.345,1.749
2019/2020,11848,2020-01-01,Manchester City,Everton,2,1,1.799,0.85
2019/2020,11849,2020-01-01,Newcastle United,Leicester,0,3,0.781,2.437
2019/2020,11850,2020-01-01,Norwich,Crystal Palace,1,1,1.666,1.2999999999999998
2019/2020,11851,2020-01-01,Southampton,Tottenham,1,0,1.513,1.079
2019/2020,11852,2020-01-01,Watford,Wolverhampton Wanderers,2,1,1.0719999999999998,1.234
2019/2020,11847,2020-01-02,Liverpool,Sheffield United,2,0,3.047,0.636
2019/2020,11855,2020-01-10,Sheffield United,West Ham,1,0,2.029,0.906
2019/2020,11853,2020-01-11,Wolverhampton Wanderers,Newcastle United,1,1,2.049,0.185
2019/2020,11854,2020-01-11,Tottenham,Liverpool,0,1,1.107,1.747
2019/2020,11858,2020-01-11,Chelsea,Burnley,3,0,2.877,0.718
2019/2020,11859,2020-01-11,Crystal Palace,Arsenal,1,1,0.319,1.44
2019/2020,11860,2020-01-11,Everton,Brighton,1,0,2.026,1.5339999999999998
2019/2020,11861,2020-01-11,Leicester,Southampton,1,2,0.781,2.407
2019/2020,11862,2020-01-11,Manchester United,Norwich,4,0,3.136,0.277
2019/2020,11856,2020-01-12,Aston Villa,Manchester City,1,6,1.1269999999999998,3.752
2019/2020,11857,2020-01-12,Bournemouth,Watford,0,3,0.321,2.299
2019/2020,11863,2020-01-18,Arsenal,Sheffield United,1,1,1.23,1.1849999999999998
2019/2020,11864,2020-01-18,Manchester City,Crystal Palace,2,2,2.474,0.588
2019/2020,11867,2020-01-18,Brighton,Aston Villa,1,1,1.301,1.021
2019/2020,11869,2020-01-18,Norwich,Bournemouth,1,0,1.761,0.559
2019/2020,11870,2020-01-18,Southampton,Wolverhampton Wanderers,2,3,0.788,2.178
2019/2020,11871,2020-01-18,Watford,Tottenham,0,0,2.393,1.7679999999999998
2019/2020,11900,2020-02-09,Sheffield United,Bournemouth,2,1,2.046,1.073
2019/2020,11902,2020-02-14,Wolverhampton Wanderers,Leicester,0,0,1.146,0.528
2019/2020,11899,2020-02-15,Norwich,Liverpool,0,1,0.384,2.074
2019/2020,11901,2020-02-15,Southampton,Burnley,1,2,0.695,0.894
2019/2020,11893,2020-02-16,Arsenal,Newcastle United,4,0,3.024,1.168
2019/2020,11894,2020-02-16,Aston Villa,Tottenham,2,3,1.714,3.861
2019/2020,11896,2020-02-17,Chelsea,Manchester United,0,2,0.941,0.683
2019/2020,11898,2020-02-19,Manchester City,West Ham,2,0,2.139,0.091
2019/2020,11904,2020-02-22,Leicester,Manchester City,0,1,0.724,2.428
2019/2020,11905,2020-02-22,Crystal Palace,Newcastle United,1,0,1.757,0.165
2019/2020,11906,2020-02-22,Chelsea,Tottenham,2,1,1.783,0.267
2019/2020,11907,2020-02-22,Burnley,Bournemouth,3,0,3.1,1.7579999999999998
2019/2020,11908,2020-02-22,Southampton,Aston Villa,2,0,3.03,0.473
2019/2020,11909,2020-02-22,Sheffield United,Brighton,1,1,1.6609999999999998,1.061
2019/2020,11903,2020-02-23,Arsenal,Everton,3,2,1.337,2.658
2019/2020,11910,2020-02-23,Manchester United,Watford,3,0,2.505,0.296
2019/2020,11912,2020-02-23,Wolverhampton Wanderers,Norwich,3,0,3.251,0.362
2019/2020,11911,2020-02-24,Liverpool,West Ham,3,2,2.483,0.639
2019/2020,11919,2020-02-28,Norwich,Leicester,1,0,0.593,1.4269999999999998
2019/2020,11914,2020-02-29,Bournemouth,Chelsea,2,2,1.586,1.984
2019/2020,11915,2020-02-29,Brighton,Crystal Palace,0,1,1.7879999999999998,2.173
2019/2020,11918,2020-02-29,Newcastle United,Burnley,0,0,1.118,0.619
2019/2020,11921,2020-02-29,Watford,Liverpool,3,0,2.715,0.207
2019/2020,11922,2020-02-29,West Ham,Southampton,3,1,2.788,0.87
2019/2020,11916,2020-03-01,Everton,Manchester United,1,1,2.414,1.1269999999999998
2019/2020,11920,2020-03-01,Tottenham,Wolverhampton Wanderers,2,3,1.632,2.624
2019/2020,11931,2020-03-07,Wolverhampton Wanderers,Brighton,0,0,0.899,0.31
2019/2020,11930,2020-03-07,Southampton,Newcastle United,0,1,0.35,3.065
2019/2020,11929,2020-03-07,Sheffield United,Norwich,1,0,1.174,2.555
2019/2020,11924,2020-03-07,Burnley,Tottenham,1,1,3.334,1.138
2019/2020,11926,2020-03-07,Crystal Palace,Watford,1,0,0.857,0.45
2019/2020,11923,2020-03-07,Arsenal,West Ham,1,0,1.561,1.617
2019/2020,11928,2020-03-07,Liverpool,Bournemouth,2,1,1.896,1.2959999999999998
2019/2020,11932,2020-03-08,Manchester United,Manchester City,2,0,1.74,0.586
2019/2020,11925,2020-03-08,Chelsea,Everton,4,0,2.03,0.447
2019/2020,11927,2020-03-09,Leicester,Aston Villa,4,0,2.413,0.673
2019/2020,11917,2020-06-17,Manchester City,Arsenal,3,0,2.738,0.498
2019/2020,11913,2020-06-17,Aston Villa,Sheffield United,0,0,1.0099999999999998,0.237
2019/2020,11936,2020-06-19,Tottenham,Manchester United,1,1,0.536,1.7739999999999998
2019/2020,11937,2020-06-19,Norwich,Southampton,0,3,0.656,1.872
2019/2020,11934,2020-06-20,West Ham,Wolverhampton Wanderers,0,2,0.443,1.065
2019/2020,11935,2020-06-20,Watford,Leicester,1,1,1.009,1.053
2019/2020,11941,2020-06-20,Brighton,Arsenal,2,1,0.672,0.697
2019/2020,11942,2020-06-20,Bournemouth,Crystal Palace,0,2,0.365,0.789
2019/2020,11938,2020-06-21,Newcastle United,Sheffield United,3,0,2.152,0.572
2019/2020,11993,2020-07-15,Arsenal,Liverpool,2,1,1.3159999999999998,2.224
2019/2020,11999,2020-07-15,Manchester City,Bournemouth,2,1,0.829,1.6669999999999998
2019/2020,12000,2020-07-15,Newcastle United,Tottenham,1,3,1.0579999999999998,1.751
2019/2020,12002,2020-07-16,Southampton,Brighton,1,1,2.338,0.674
2019/2020,11998,2020-07-16,Leicester,Sheffield United,2,0,3.059,0.661
2019/2020,11997,2020-07-16,Everton,Aston Villa,1,1,0.945,1.521
2019/2020,11996,2020-07-16,Crystal Palace,Manchester United,0,2,0.573,1.905
2019/2020,12001,2020-07-17,West Ham,Watford,3,1,0.835,1.035
2019/2020,12008,2020-07-18,Norwich,Burnley,0,2,0.578,1.824
2019/2020,12004,2020-07-19,Bournemouth,Southampton,0,2,0.584,2.246
2019/2020,12010,2020-07-19,Tottenham,Leicester,3,0,0.768,1.202
2019/2020,12005,2020-07-20,Brighton,Newcastle United,0,0,0.857,0.93
2019/2020,12009,2020-07-20,Sheffield United,Everton,0,1,0.469,0.626
2019/2020,12012,2020-07-20,Wolverhampton Wanderers,Crystal Palace,2,0,1.488,0.441
2019/2020,12003,2020-07-21,Aston Villa,Arsenal,1,0,0.575,0.738
2019/2020,12011,2020-07-21,Watford,Manchester City,0,4,0.133,3.739
2019/2020,12006,2020-07-22,Liverpool,Chelsea,5,3,1.4529999999999998,2.383
2019/2020,12007,2020-07-22,Manchester United,West Ham,1,1,0.985,1.291
2019/2020,12021,2020-07-26,Chelsea,Wolverhampton Wanderers,2,0,1.16,0.166
2019/2020,12019,2020-07-26,Everton,Bournemouth,1,3,1.748,1.466
2019/2020,12022,2020-07-26,Burnley,Brighton,1,2,1.4429999999999998,1.371
2019/2020,12018,2020-07-26,Leicester,Manchester United,0,2,0.756,1.4109999999999998
2019/2020,12020,2020-07-26,Crystal Palace,Tottenham,1,1,0.99,0.311
2019/2020,12016,2020-07-26,Newcastle United,Liverpool,1,3,0.34,0.569
2019/2020,12013,2020-07-26,West Ham,Aston Villa,1,1,0.782,0.985
2019/2020,12014,2020-07-26,Arsenal,Watford,3,2,1.954,3.921
2019/2020,12017,2020-07-26,Manchester City,Norwich,5,0,3.568,0.788
2019/2020,12015,2020-07-26,Southampton,Sheffield United,3,1,1.644,1.412
2020/2021,14086,2020-09-12,Fulham,Arsenal,0,3,0.127,2.164
2020/2021,14087,2020-09-12,Crystal Palace,Southampton,1,0,1.3969999999999998,1.2639999999999998
2020/2021,14090,2020-09-12,Liverpool,Leeds,4,3,3.155,0.271
2020/2021,14091,2020-09-12,West Ham,Newcastle United,0,2,0.862,1.66
2020/2021,14093,2020-09-13,Tottenham,Everton,0,1,0.824,1.269
2020/2021,14092,2020-09-13,West Bromwich Albion,Leicester,0,3,0.354,2.957
2020/2021,14094,2020-09-14,Sheffield United,Wolverhampton Wanderers,0,2,0.95,1.614
2020/2021,14095,2020-09-14,Brighton,Chelsea,1,3,1.444,1.2719999999999998
2020/2021,14096,2020-09-19,Everton,West Bromwich Albion,5,2,4.164000000000001,0.316
2020/2021,14097,2020-09-19,Leeds,Fulham,4,3,1.454,1.5559999999999998
2020/2021,14098,2020-09-19,Manchester United,Crystal Palace,1,3,1.098,1.916
2020/2021,14099,2020-09-19,Arsenal,West Ham,2,1,1.3299999999999998,2.065
2020/2021,14102,2020-09-20,Chelsea,Liverpool,0,2,0.905,2.253
2020/2021,14103,2020-09-20,Leicester,Burnley,4,2,0.988,1.525
2020/2021,14101,2020-09-20,Newcastle United,Brighton,0,3,0.522,1.878
2020/2021,14100,2020-09-20,Southampton,Tottenham,2,5,2.278,2.281
2020/2021,14104,2020-09-21,Aston Villa,Sheffield United,1,0,0.806,0.851
2020/2021,14105,2020-09-21,Wolverhampton Wanderers,Manchester City,1,3,0.729,2.078
2020/2021,14106,2020-09-26,Brighton,Manchester United,2,3,2.978,1.577
2020/2021,14107,2020-09-26,Crystal Palace,Everton,1,2,0.444,2.273
2020/2021,14108,2020-09-26,West Bromwich Albion,Chelsea,3,3,0.912,2.361
2020/2021,14109,2020-09-26,Burnley,Southampton,0,1,0.348,0.708
2020/2021,14111,2020-09-27,Tottenham,Newcastle United,1,1,3.189,0.944
2020/2021,14110,2020-09-27,Sheffield United,Leeds,0,1,1.5339999999999998,1.467
2020/2021,14112,2020-09-27,Manchester City,Leicester,2,5,1.4469999999999998,2.868
2020/2021,14113,2020-09-27,West Ham,Wolverhampton Wanderers,4,0,3.058,0.386
2020/2021,14114,2020-09-28,Fulham,Aston Villa,0,3,0.536,2.033
2020/2021,14115,2020-09-28,Liverpool,Arsenal,3,1,2.739,1.1789999999999998
2020/2021,14468,2020-10-03,Everton,Brighton,4,2,2.341,1.1669999999999998
2020/2021,14469,2020-10-03,Leeds,Manchester City,1,1,2.568,1.416
2020/2021,14467,2020-10-03,Chelsea,Crystal Palace,4,0,2.515,0.104
2020/2021,14472,2020-10-03,Newcastle United,Burnley,3,1,1.957,0.44
2020/2021,14473,2020-10-04,Southampton,West Bromwich Albion,2,0,0.95,0.162
2020/2021,14471,2020-10-04,Manchester United,Tottenham,1,6,0.874,3.303
2020/2021,14474,2020-10-04,Wolverhampton Wanderers,Fulham,1,0,0.895,0.97
2020/2021,14466,2020-10-04,Aston Villa,Liverpool,7,2,3.077,1.658
2020/2021,14465,2020-10-04,Arsenal,Sheffield United,2,1,0.668,0.146
2020/2021,14470,2020-10-04,Leicester,West Ham,0,3,0.457,2.033
2020/2021,14481,2020-10-17,Newcastle United,Manchester United,1,4,0.868,2.218
2020/2021,14480,2020-10-17,Manchester City,Arsenal,1,0,1.4309999999999998,0.839
2020/2021,14477,2020-10-17,Everton,Liverpool,2,2,1.361,2.496
2020/2021,14475,2020-10-17,Chelsea,Southampton,3,3,1.988,1.424
2020/2021,14476,2020-10-18,Crystal Palace,Brighton,1,1,0.762,1.094
2020/2021,14479,2020-10-18,Leicester,Aston Villa,0,1,0.673,0.875
2020/2021,14482,2020-10-18,Sheffield United,Fulham,1,1,1.6649999999999998,1.357
2020/2021,14483,2020-10-18,Tottenham,West Ham,3,3,1.777,1.501
2020/2021,14478,2020-10-19,Leeds,Wolverhampton Wanderers,0,1,1.084,0.619
2020/2021,14484,2020-10-19,West Bromwich Albion,Burnley,0,0,0.733,1.086
2020/2021,14486,2020-10-23,Aston Villa,Leeds,0,3,1.5019999999999998,2.378
2020/2021,14489,2020-10-24,Fulham,Crystal Palace,1,2,1.0539999999999998,2.811
2020/2021,14490,2020-10-24,Liverpool,Sheffield United,2,1,2.404,1.3989999999999998
2020/2021,14491,2020-10-24,Manchester United,Chelsea,0,0,0.649,0.221
2020/2021,14493,2020-10-24,West Ham,Manchester City,1,1,0.265,0.893
2020/2021,14485,2020-10-25,Arsenal,Leicester,0,1,0.74,0.737
2020/2021,14492,2020-10-25,Southampton,Everton,2,0,0.743,0.288
2020/2021,14494,2020-10-25,Wolverhampton Wanderers,Newcastle United,1,1,0.76,0.255
2020/2021,14488,2020-10-26,Burnley,Tottenham,0,1,0.951,0.798
2020/2021,14487,2020-10-26,Brighton,West Bromwich Albion,1,1,0.548,0.297
2020/2021,14504,2020-10-30,Wolverhampton Wanderers,Crystal Palace,2,0,1.35,0.804
2020/2021,14496,2020-10-31,Burnley,Chelsea,0,3,0.408,1.232
2020/2021,14499,2020-10-31,Liverpool,West Ham,2,1,1.5639999999999998,0.27
2020/2021,14502,2020-10-31,Sheffield United,Manchester City,0,1,0.689,1.897
2020/2021,14503,2020-11-01,Tottenham,Brighton,2,1,1.973,0.325
2020/2021,14495,2020-11-01,Aston Villa,Southampton,3,4,2.45,1.0039999999999998
2020/2021,14500,2020-11-01,Manchester United,Arsenal,0,1,0.395,0.999
2020/2021,14501,2020-11-01,Newcastle United,Everton,2,1,2.632,1.219
2020/2021,14498,2020-11-02,Leeds,Leicester,1,4,1.749,3.078
2020/2021,14497,2020-11-02,Fulham,West Bromwich Albion,2,0,1.623,0.484
2020/2021,14506,2020-11-06,Brighton,Burnley,0,0,1.591,0.328
2020/2021,14512,2020-11-06,Southampton,Newcastle United,2,0,0.987,0.177
2020/2021,14507,2020-11-07,Chelsea,Sheffield United,4,1,2.877,0.745
2020/2021,14508,2020-11-07,Crystal Palace,Leeds,4,1,1.303,0.849
2020/2021,14509,2020-11-07,Everton,Manchester United,1,3,0.377,1.597
2020/2021,14514,2020-11-07,West Ham,Fulham,1,0,1.4269999999999998,1.85
2020/2021,14513,2020-11-08,West Bromwich Albion,Tottenham,0,1,0.8,1.872
2020/2021,14511,2020-11-08,Manchester City,Liverpool,1,1,1.586,1.1889999999999998
2020/2021,14505,2020-11-08,Arsenal,Aston Villa,0,3,1.3909999999999998,1.987
2020/2021,14510,2020-11-08,Leicester,Wolverhampton Wanderers,1,0,2.055,0.58
2020/2021,14515,2020-11-21,Aston Villa,Brighton,1,2,1.7659999999999998,1.501
2020/2021,14520,2020-11-21,Manchester United,West Bromwich Albion,1,0,2.431,0.44
2020/2021,14521,2020-11-21,Newcastle United,Chelsea,0,2,0.369,1.82
2020/2021,14523,2020-11-21,Tottenham,Manchester City,2,0,0.762,1.664
2020/2021,14519,2020-11-22,Liverpool,Leicester,3,0,3.773,1.985
2020/2021,14522,2020-11-22,Sheffield United,West Ham,0,1,0.693,2.115
2020/2021,14517,2020-11-22,Fulham,Everton,2,3,1.871,2.252
2020/2021,14518,2020-11-22,Leeds,Arsenal,0,0,1.963,0.712
2020/2021,14516,2020-11-23,Burnley,Crystal Palace,1,0,1.7539999999999998,1.2839999999999998
2020/2021,14524,2020-11-23,Wolverhampton Wanderers,Southampton,1,1,1.5759999999999998,1.0799999999999998
2020/2021,14530,2020-11-27,Crystal Palace,Newcastle United,0,2,0.536,1.2799999999999998
2020/2021,14527,2020-11-28,West Bromwich Albion,Sheffield United,1,0,1.717,3.366
2020/2021,14528,2020-11-28,Brighton,Liverpool,1,1,2.308,0.282
2020/2021,14531,2020-11-28,Everton,Leeds,0,1,1.293,3.114
2020/2021,14533,2020-11-28,Manchester City,Burnley,5,0,2.262,0.421
2020/2021,14534,2020-11-29,Southampton,Manchester United,2,3,0.5,2.476
2020/2021,14525,2020-11-29,Arsenal,Wolverhampton Wanderers,1,2,1.12,2.008
2020/2021,14529,2020-11-29,Chelsea,Tottenham,0,0,0.976,0.228
2020/2021,14526,2020-11-30,West Ham,Aston Villa,2,1,0.573,2.392
2020/2021,14532,2020-11-30,Leicester,Fulham,1,2,1.279,2.038
2020/2021,14537,2020-12-05,Burnley,Everton,1,1,0.731,2.282
2020/2021,14538,2020-12-05,Chelsea,Leeds,3,1,4.896,1.029
2020/2021,14540,2020-12-05,Manchester City,Fulham,2,0,3.264,0.288
2020/2021,14544,2020-12-05,West Ham,Manchester United,1,3,2.531,1.7879999999999998
2020/2021,14539,2020-12-06,Liverpool,Wolverhampton Wanderers,4,0,1.596,0.359
2020/2021,14541,2020-12-06,Sheffield United,Leicester,1,2,0.292,1.3909999999999998
2020/2021,14542,2020-12-06,Tottenham,Arsenal,2,0,0.392,0.596
2020/2021,14543,2020-12-06,West Bromwich Albion,Crystal Palace,1,5,0.568,1.688
2020/2021,14536,2020-12-07,Brighton,Southampton,1,2,2.035,1.349
2020/2021,14548,2020-12-11,Leeds,West Ham,1,2,1.567,1.7859999999999998
2020/2021,14552,2020-12-12,Wolverhampton Wanderers,Aston Villa,0,1,1.1369999999999998,1.2699999999999998
2020/2021,14550,2020-12-12,Newcastle United,West Bromwich Albion,2,1,0.905,0.574
2020/2021,14549,2020-12-12,Manchester United,Manchester City,0,0,0.593,1.285
2020/2021,14546,2020-12-12,Everton,Chelsea,1,0,1.223,1.007
2020/2021,14545,2020-12-13,Crystal Palace,Tottenham,1,1,1.845,1.4089999999999998
2020/2021,14547,2020-12-13,Fulham,Liverpool,1,1,1.726,1.825
2020/2021,14551,2020-12-13,Southampton,Sheffield United,3,0,2.281,0.22
2020/2021,14553,2020-12-13,Leicester,Brighton,3,0,1.6449999999999998,0.793
2020/2021,14554,2020-12-13,Arsenal,Burnley,0,1,1.855,0.816
2020/2021,14562,2020-12-15,Wolverhampton Wanderers,Chelsea,2,1,0.685,1.569
2020/2021,14564,2020-12-15,Manchester City,West Bromwich Albion,1,1,2.587,0.211
2020/2021,14563,2020-12-16,Liverpool,Tottenham,2,1,1.219,1.517
2020/2021,14561,2020-12-16,West Ham,Crystal Palace,1,1,0.45,1.092
2020/2021,14559,2020-12-16,Leicester,Everton,0,2,0.84,1.5159999999999998
2020/2021,14555,2020-12-16,Arsenal,Southampton,1,1,0.662,1.114
2020/2021,14557,2020-12-16,Fulham,Brighton,0,0,1.005,0.463
2020/2021,14558,2020-12-16,Leeds,Newcastle United,5,2,2.952,1.4449999999999998
2020/2021,14556,2020-12-17,Aston Villa,Burnley,0,0,1.812,0.318
2020/2021,14560,2020-12-17,Sheffield United,Manchester United,2,3,1.236,1.7879999999999998
2020/2021,14572,2020-12-19,Southampton,Manchester City,0,1,0.588,1.1569999999999998
2020/2021,14571,2020-12-19,Newcastle United,Fulham,1,1,1.2679999999999998,1.107
2020/2021,14568,2020-12-19,Crystal Palace,Liverpool,0,7,0.49,2.87
2020/2021,14569,2020-12-19,Everton,Arsenal,2,1,0.663,1.253
2020/2021,14565,2020-12-20,Brighton,Sheffield United,1,1,2.902,1.0379999999999998
2020/2021,14570,2020-12-20,Manchester United,Leeds,6,2,4.7780000000000005,1.636
2020/2021,14573,2020-12-20,Tottenham,Leicester,0,2,0.947,1.749
2020/2021,14574,2020-12-20,West Bromwich Albion,Aston Villa,0,3,0.04,2.621
2020/2021,14566,2020-12-21,Burnley,Wolverhampton Wanderers,2,1,1.206,1.458
2020/2021,14567,2020-12-21,Chelsea,West Ham,3,0,2.413,0.279
2020/2021,14582,2020-12-26,Sheffield United,Everton,0,1,1.2519999999999998,0.57
2020/2021,14575,2020-12-26,Arsenal,Chelsea,3,1,1.946,2.255
2020/2021,14576,2020-12-26,Aston Villa,Crystal Palace,3,0,4.583,0.85
2020/2021,14577,2020-12-26,Fulham,Southampton,0,0,0.783,0.121
2020/2021,14579,2020-12-26,Leicester,Manchester United,2,2,1.041,2.085
2020/2021,14581,2020-12-26,Manchester City,Newcastle United,2,0,3.197,0.202
2020/2021,14584,2020-12-27,Wolverhampton Wanderers,Tottenham,1,1,0.744,0.409
2020/2021,14583,2020-12-27,West Ham,Brighton,2,2,1.39,1.507
2020/2021,14580,2020-12-27,Liverpool,West Bromwich Albion,1,1,1.456,0.741
2020/2021,14578,2020-12-27,Leeds,Burnley,1,0,2.134,1.547
2020/2021,14586,2020-12-28,Chelsea,Aston Villa,1,1,1.5379999999999998,0.732
2020/2021,14594,2020-12-28,Crystal Palace,Leicester,1,1,0.322,1.722
2020/2021,14590,2020-12-29,West Bromwich Albion,Leeds,0,5,0.437,1.543
2020/2021,14588,2020-12-29,Southampton,West Ham,0,0,0.672,1.073
2020/2021,14592,2020-12-29,Manchester United,Wolverhampton Wanderers,1,0,1.483,0.412
2020/2021,14585,2020-12-29,Brighton,Arsenal,0,1,0.8,1.315
2020/2021,14587,2020-12-29,Burnley,Sheffield United,1,0,0.975,0.494
2020/2021,14591,2020-12-30,Newcastle United,Liverpool,0,0,0.819,1.321
2020/2021,14595,2021-01-01,Everton,West Ham,0,1,0.372,1.198
2020/2021,14596,2021-01-01,Manchester United,Aston Villa,2,1,2.466,1.565
2020/2021,14604,2021-01-02,Crystal Palace,Sheffield United,2,0,0.6,0.324
2020/2021,14599,2021-01-02,Tottenham,Leeds,3,0,2.53,1.1569999999999998
2020/2021,14600,2021-01-02,West Bromwich Albion,Arsenal,0,4,0.871,4.035
2020/2021,14601,2021-01-02,Brighton,Wolverhampton Wanderers,3,3,2.424,1.82
2020/2021,14603,2021-01-03,Chelsea,Manchester City,1,3,0.692,3.182
2020/2021,14597,2021-01-03,Newcastle United,Leicester,1,2,0.266,0.703
2020/2021,14598,2021-01-04,Southampton,Liverpool,1,0,0.501,1.373
2020/2021,14088,2021-01-12,Burnley,Manchester United,0,1,0.65,1.241
2020/2021,14610,2021-01-12,Sheffield United,Newcastle United,1,0,2.014,1.0479999999999998
2020/2021,14612,2021-01-12,Wolverhampton Wanderers,Everton,1,2,0.853,0.324
2020/2021,14589,2021-01-13,Tottenham,Fulham,1,1,3.145,1.0539999999999998
2020/2021,14614,2021-01-13,Manchester City,Brighton,1,0,2.91,0.178
2020/2021,14605,2021-01-14,Arsenal,Crystal Palace,0,0,0.37,0.711
2020/2021,14617,2021-01-16,Fulham,Chelsea,0,1,0.462,1.38
2020/2021,14618,2021-01-16,Leeds,Brighton,0,1,0.246,1.1449999999999998
2020/2021,14619,2021-01-16,Leicester,Southampton,2,0,2.121,0.379
2020/2021,14623,2021-01-16,West Ham,Burnley,1,0,1.735,0.397
2020/2021,14624,2021-01-16,Wolverhampton Wanderers,West Bromwich Albion,2,3,1.945,2.464
2020/2021,14620,2021-01-17,Liverpool,Manchester United,0,0,1.2029999999999998,1.19
2020/2021,14621,2021-01-17,Manchester City,Crystal Palace,4,0,0.962,0.053
2020/2021,14622,2021-01-17,Sheffield United,Tottenham,1,3,0.979,1.285
2020/2021,14615,2021-01-18,Arsenal,Newcastle United,3,0,2.308,0.17
2020/2021,14611,2021-01-19,West Ham,West Bromwich Albion,2,1,2.176,0.465
2020/2021,14609,2021-01-19,Leicester,Chelsea,2,0,1.146,0.617
2020/2021,14089,2021-01-20,Manchester City,Aston Villa,2,0,3.345,0.603
2020/2021,14607,2021-01-20,Fulham,Manchester United,1,2,0.755,1.6849999999999998
2020/2021,14613,2021-01-21,Liverpool,Burnley,0,1,1.65,1.082
2020/2021,14535,2021-01-23,Aston Villa,Newcastle United,2,0,2.604,0.401
2020/2021,14629,2021-01-26,West Bromwich Albion,Manchester City,0,5,0.569,2.249
2020/2021,14631,2021-01-26,Newcastle United,Leeds,1,2,1.1369999999999998,0.787
2020/2021,14632,2021-01-26,Southampton,Arsenal,1,3,0.996,2.435
2020/2021,14634,2021-01-26,Crystal Palace,West Ham,2,3,0.63,3.304
2020/2021,14625,2021-01-27,Brighton,Fulham,0,0,2.292,0.514
2020/2021,14626,2021-01-27,Burnley,Aston Villa,3,2,0.719,2.708
2020/2021,14627,2021-01-27,Everton,Leicester,1,1,0.476,0.793
2020/2021,14628,2021-01-27,Manchester United,Sheffield United,1,2,0.994,0.691
2020/2021,14630,2021-01-27,Chelsea,Wolverhampton Wanderers,0,0,0.664,0.633
2020/2021,14633,2021-01-28,Tottenham,Liverpool,1,3,0.106,2.589
2020/2021,14644,2021-01-30,Everton,Newcastle United,0,2,0.967,2.089
2020/2021,14642,2021-01-30,Manchester City,Sheffield United,1,0,1.5319999999999998,0.156
2020/2021,14641,2021-01-30,Southampton,Aston Villa,0,1,2.227,0.797
2020/2021,14638,2021-01-30,Crystal Palace,Wolverhampton Wanderers,1,0,1.37,0.452
2020/2021,14635,2021-01-30,Arsenal,Manchester United,0,0,0.748,1.5139999999999998
2020/2021,14640,2021-01-30,West Bromwich Albion,Fulham,2,2,0.996,1.521
2020/2021,14636,2021-01-31,Brighton,Tottenham,1,0,1.775,0.374
2020/2021,14637,2021-01-31,Chelsea,Burnley,2,0,1.4409999999999998,0.392
2020/2021,14639,2021-01-31,West Ham,Liverpool,1,3,0.884,2.059
2020/2021,14643,2021-01-31,Leicester,Leeds,1,3,1.735,1.815
2020/2021,14651,2021-02-02,Manchester United,Southampton,9,0,5.033,0.509
2020/2021,14652,2021-02-02,Newcastle United,Crystal Palace,1,2,1.909,0.81
2020/2021,14650,2021-02-02,Wolverhampton Wanderers,Arsenal,2,1,1.563,0.717
2020/2021,14649,2021-02-02,Sheffield United,West Bromwich Albion,2,1,1.359,1.62
2020/2021,14645,2021-02-03,Aston Villa,West Ham,1,3,0.742,1.7919999999999998
2020/2021,14646,2021-02-03,Burnley,Manchester City,0,2,0.05,2.123
2020/2021,14647,2021-02-03,Fulham,Leicester,0,2,0.732,1.714
2020/2021,14648,2021-02-03,Leeds,Everton,1,2,1.144,1.916
2020/2021,14654,2021-02-03,Liverpool,Brighton,0,1,1.096,1.1909999999999998
2020/2021,14653,2021-02-04,Tottenham,Chelsea,0,1,0.57,2.394
2020/2021,14661,2021-02-06,Newcastle United,Southampton,3,2,0.912,1.4349999999999998
2020/2021,14660,2021-02-06,Manchester United,Everton,3,3,1.719,1.5579999999999998
2020/2021,14655,2021-02-06,Aston Villa,Arsenal,1,0,1.1989999999999998,0.681
2020/2021,14656,2021-02-06,Burnley,Brighton,1,1,1.89,0.614
2020/2021,14657,2021-02-06,Fulham,West Ham,0,0,1.61,0.945
2020/2021,14659,2021-02-07,Liverpool,Manchester City,1,4,1.178,3.553
2020/2021,14662,2021-02-07,Sheffield United,Chelsea,1,2,0.624,1.642
2020/2021,14663,2021-02-07,Tottenham,West Bromwich Albion,2,0,1.931,0.7
2020/2021,14664,2021-02-07,Wolverhampton Wanderers,Leicester,0,0,1.356,0.633
2020/2021,14658,2021-02-08,Leeds,Crystal Palace,2,0,2.649,0.371
2020/2021,14666,2021-02-13,Brighton,Aston Villa,0,0,2.333,0.145
2020/2021,14668,2021-02-13,Crystal Palace,Burnley,0,3,0.647,1.956
2020/2021,14670,2021-02-13,Leicester,Liverpool,3,1,2.075,1.684
2020/2021,14671,2021-02-13,Manchester City,Tottenham,3,0,2.463,0.424
2020/2021,14665,2021-02-14,Arsenal,Leeds,4,2,2.507,0.772
2020/2021,14669,2021-02-14,Everton,Fulham,0,2,0.315,2.552
2020/2021,14672,2021-02-14,Southampton,Wolverhampton Wanderers,1,2,0.855,1.095
2020/2021,14673,2021-02-14,West Bromwich Albion,Manchester United,1,1,0.947,0.425
2020/2021,14674,2021-02-15,West Ham,Sheffield United,3,0,2.328,0.928
2020/2021,14667,2021-02-15,Chelsea,Newcastle United,2,0,2.544,0.434
2020/2021,14593,2021-02-17,Everton,Manchester City,1,3,1.0479999999999998,1.233
2020/2021,14602,2021-02-17,Burnley,Fulham,1,1,1.207,0.595
2020/2021,14684,2021-02-19,Wolverhampton Wanderers,Leeds,1,0,0.593,2.48
2020/2021,14678,2021-02-20,Burnley,West Bromwich Albion,0,0,0.536,1.72
2020/2021,14679,2021-02-20,Fulham,Sheffield United,1,0,1.211,0.979
2020/2021,14680,2021-02-20,Liverpool,Everton,0,2,1.541,2.016
2020/2021,14682,2021-02-20,Southampton,Chelsea,1,1,0.498,1.4489999999999998
2020/2021,14675,2021-02-21,Arsenal,Manchester City,0,1,0.332,2.09
2020/2021,14676,2021-02-21,Aston Villa,Leicester,1,2,1.709,1.24
2020/2021,14681,2021-02-21,Manchester United,Newcastle United,3,1,1.727,0.343
2020/2021,14683,2021-02-21,West Ham,Tottenham,2,1,1.093,0.772
2020/2021,14677,2021-02-22,Brighton,Crystal Palace,1,2,2.593,0.181
2020/2021,14608,2021-02-23,Leeds,Southampton,3,0,1.849,1.481
2020/2021,14692,2021-02-27,West Bromwich Albion,Brighton,1,0,0.6880000000000001,3.122
2020/2021,14691,2021-02-27,Leeds,Aston Villa,0,1,1.0019999999999998,0.877
2020/2021,14689,2021-02-27,Manchester City,West Ham,2,1,0.762,1.93
2020/2021,14688,2021-02-27,Newcastle United,Wolverhampton Wanderers,1,1,1.953,1.279
2020/2021,14685,2021-02-28,Chelsea,Manchester United,0,0,1.174,0.361
2020/2021,14687,2021-02-28,Crystal Palace,Fulham,0,0,0.089,0.814
2020/2021,14690,2021-02-28,Leicester,Arsenal,1,3,0.535,2.108
2020/2021,14693,2021-02-28,Tottenham,Burnley,4,0,2.359,0.604
2020/2021,14694,2021-02-28,Sheffield United,Liverpool,0,2,0.778,2.807
2020/2021,14686,2021-03-01,Everton,Southampton,1,0,1.422,0.667
2020/2021,14720,2021-03-02,Manchester City,Wolverhampton Wanderers,4,1,3.263,0.32
2020/2021,14716,2021-03-03,Burnley,Leicester,1,1,1.269,1.242
2020/2021,14717,2021-03-03,Crystal Palace,Manchester United,0,0,0.743,0.585
2020/2021,14721,2021-03-03,Sheffield United,Aston Villa,1,0,0.717,1.4429999999999998
2020/2021,14719,2021-03-04,Liverpool,Chelsea,0,1,0.248,1.227
2020/2021,14723,2021-03-04,West Bromwich Albion,Everton,0,1,1.021,1.4089999999999998
2020/2021,14757,2021-03-04,Fulham,Tottenham,0,1,1.172,1.553
2020/2021,14701,2021-03-06,Sheffield United,Southampton,0,2,0.909,2.375
2020/2021,14697,2021-03-06,Burnley,Arsenal,1,1,1.105,2.538
2020/2021,14696,2021-03-06,Brighton,Leicester,1,2,0.756,1.039
2020/2021,14695,2021-03-06,Aston Villa,Wolverhampton Wanderers,0,0,0.957,2.152
2020/2021,14699,2021-03-07,Liverpool,Fulham,0,1,0.703,1.371
2020/2021,14700,2021-03-07,Manchester City,Manchester United,0,2,1.277,2.115
2020/2021,14702,2021-03-07,Tottenham,Crystal Palace,4,1,2.243,0.56
2020/2021,14703,2021-03-07,West Bromwich Albion,Newcastle United,0,0,1.466,0.456
2020/2021,14698,2021-03-08,Chelsea,Everton,2,0,2.573,0.272
2020/2021,14704,2021-03-08,West Ham,Leeds,2,0,2.377,1.351
2020/2021,14761,2021-03-10,Manchester City,Southampton,5,2,3.106,1.607
2020/2021,14712,2021-03-12,Newcastle United,Aston Villa,1,1,0.874,0.75
2020/2021,14706,2021-03-13,Crystal Palace,West Bromwich Albion,1,0,1.3079999999999998,0.514
2020/2021,14707,2021-03-13,Everton,Burnley,1,2,1.6989999999999998,0.75
2020/2021,14708,2021-03-13,Fulham,Manchester City,0,3,0.45,2.727
2020/2021,14709,2021-03-13,Leeds,Chelsea,0,0,0.384,0.972
2020/2021,14711,2021-03-14,Manchester United,West Ham,1,0,1.702,0.465
2020/2021,14713,2021-03-14,Southampton,Brighton,1,2,1.0359999999999998,0.897
2020/2021,14705,2021-03-14,Arsenal,Tottenham,2,1,1.5659999999999998,0.707
2020/2021,14710,2021-03-14,Leicester,Sheffield United,5,0,4.547000000000001,0.094
2020/2021,14714,2021-03-15,Wolverhampton Wanderers,Liverpool,0,1,1.293,1.0559999999999998
2020/2021,14718,2021-03-19,Fulham,Leeds,1,2,1.476,1.408
2020/2021,14715,2021-03-20,Brighton,Newcastle United,3,0,0.953,0.102
2020/2021,14606,2021-03-21,Aston Villa,Tottenham,0,2,0.441,1.721
2020/2021,14724,2021-03-21,West Ham,Arsenal,3,3,2.507,1.353
2020/2021,14730,2021-04-03,Leicester,Manchester City,0,2,0.286,1.985
2020/2021,14729,2021-04-03,Leeds,Sheffield United,2,1,2.507,0.869
2020/2021,14727,2021-04-03,Chelsea,West Bromwich Albion,2,5,2.56,1.384
2020/2021,14725,2021-04-03,Arsenal,Liverpool,0,3,0.162,2.438
2020/2021,14726,2021-04-04,Aston Villa,Fulham,3,1,1.523,1.523
2020/2021,14731,2021-04-04,Manchester United,Brighton,2,1,1.736,1.412
2020/2021,14732,2021-04-04,Newcastle United,Tottenham,2,2,3.302,2.438
2020/2021,14733,2021-04-04,Southampton,Burnley,3,2,2.404,1.5039999999999998
2020/2021,14728,2021-04-05,Everton,Crystal Palace,1,1,2.535,0.605
2020/2021,14734,2021-04-05,Wolverhampton Wanderers,West Ham,2,3,1.957,1.598
2020/2021,14738,2021-04-09,Fulham,Wolverhampton Wanderers,0,1,0.734,0.429
2020/2021,14737,2021-04-10,Crystal Palace,Chelsea,1,4,0.603,3.856
2020/2021,14739,2021-04-10,Liverpool,Aston Villa,2,1,2.147,0.762
2020/2021,14740,2021-04-10,Manchester City,Leeds,1,2,1.989,0.176
2020/2021,14736,2021-04-11,Burnley,Newcastle United,1,2,1.844,1.344
2020/2021,14741,2021-04-11,Sheffield United,Arsenal,0,3,0.316,1.939
2020/2021,14742,2021-04-11,Tottenham,Manchester United,1,3,0.923,2.098
2020/2021,14744,2021-04-11,West Ham,Leicester,3,2,1.025,1.1729999999999998
2020/2021,14743,2021-04-12,West Bromwich Albion,Southampton,3,0,2.772,1.501
2020/2021,14735,2021-04-12,Brighton,Everton,0,0,1.166,0.307
2020/2021,14748,2021-04-16,Everton,Tottenham,2,2,2.261,1.483
2020/2021,14752,2021-04-17,Newcastle United,West Ham,3,2,2.432,2.068
2020/2021,14754,2021-04-17,Wolverhampton Wanderers,Sheffield United,1,0,1.227,0.297
2020/2021,14745,2021-04-18,Arsenal,Fulham,1,1,2.857,0.84
2020/2021,14751,2021-04-18,Manchester United,Burnley,3,1,2.876,0.961
2020/2021,14749,2021-04-19,Leeds,Liverpool,1,1,2.598,1.601
2020/2021,14747,2021-04-20,Chelsea,Brighton,0,0,0.808,0.461
2020/2021,14722,2021-04-21,Tottenham,Southampton,2,1,1.289,1.0619999999999998
2020/2021,14746,2021-04-21,Aston Villa,Manchester City,1,2,0.803,1.5639999999999998
2020/2021,14750,2021-04-22,Leicester,West Bromwich Albion,3,0,2.672,0.278
2020/2021,14755,2021-04-23,Arsenal,Everton,0,1,0.737,0.531
2020/2021,14760,2021-04-24,Liverpool,Newcastle United,1,1,2.848,0.862
2020/2021,14762,2021-04-24,Sheffield United,Brighton,1,0,0.787,2.061
2020/2021,14763,2021-04-24,West Ham,Chelsea,0,1,0.268,2.522
2020/2021,14756,2021-04-25,Aston Villa,West Bromwich Albion,2,2,2.655,1.569
2020/2021,14758,2021-04-25,Leeds,Manchester United,0,0,0.218,1.117
2020/2021,14764,2021-04-25,Wolverhampton Wanderers,Burnley,0,4,0.353,2.241
2020/2021,14759,2021-04-26,Leicester,Crystal Palace,2,1,1.235,0.724
2020/2021,14772,2021-04-30,Southampton,Leicester,1,1,0.955,2.516
2020/2021,14765,2021-05-01,Brighton,Leeds,2,0,2.526,0.512
2020/2021,14767,2021-05-01,Chelsea,Fulham,2,0,1.844,0.291
2020/2021,14768,2021-05-01,Crystal Palace,Manchester City,0,2,0.363,2.045
2020/2021,14769,2021-05-01,Everton,Aston Villa,1,2,1.224,1.589
2020/2021,14771,2021-05-02,Newcastle United,Arsenal,0,2,0.174,1.789
2020/2021,14773,2021-05-02,Tottenham,Sheffield United,4,0,2.261,0.47
2020/2021,14774,2021-05-03,West Bromwich Albion,Wolverhampton Wanderers,1,1,1.0719999999999998,0.845
2020/2021,14766,2021-05-03,Burnley,West Ham,1,2,1.684,2.426
2020/2021,14779,2021-05-07,Leicester,Newcastle United,2,4,2.316,2.874
2020/2021,14778,2021-05-08,Leeds,Tottenham,3,1,2.553,1.035
2020/2021,14780,2021-05-08,Liverpool,Southampton,2,0,2.265,1.23
2020/2021,14781,2021-05-08,Manchester City,Chelsea,1,2,1.793,0.621
2020/2021,14782,2021-05-08,Sheffield United,Crystal Palace,0,2,0.64,2.255
2020/2021,14783,2021-05-09,West Ham,Everton,0,1,1.098,1.563
2020/2021,14775,2021-05-09,Arsenal,West Bromwich Albion,3,1,1.071,1.832
2020/2021,14776,2021-05-09,Aston Villa,Manchester United,1,3,0.566,1.889
2020/2021,14784,2021-05-09,Wolverhampton Wanderers,Brighton,2,1,1.121,0.277
2020/2021,14777,2021-05-10,Fulham,Burnley,0,2,0.779,1.6589999999999998
2020/2021,14753,2021-05-11,Southampton,Crystal Palace,3,1,1.59,1.327
2020/2021,14788,2021-05-11,Manchester United,Leicester,1,2,0.214,0.993
2020/2021,14790,2021-05-12,Chelsea,Arsenal,0,1,1.569,0.693
2020/2021,14616,2021-05-13,Aston Villa,Everton,0,0,0.56,0.976
2020/2021,14770,2021-05-13,Manchester United,Liverpool,2,4,1.714,2.939
2020/2021,14791,2021-05-14,Newcastle United,Manchester City,3,4,2.184,1.478
2020/2021,14792,2021-05-15,Southampton,Fulham,3,1,2.292,0.877
2020/2021,14785,2021-05-15,Brighton,West Ham,1,1,0.924,1.925
2020/2021,14786,2021-05-15,Burnley,Leeds,0,4,1.414,1.858
2020/2021,14787,2021-05-16,Everton,Sheffield United,0,1,1.247,1.392
2020/2021,14789,2021-05-16,West Bromwich Albion,Liverpool,1,2,1.1429999999999998,2.08
2020/2021,14793,2021-05-16,Tottenham,Wolverhampton Wanderers,2,0,3.14,1.093
2020/2021,14794,2021-05-16,Crystal Palace,Aston Villa,3,2,1.954,1.231
2020/2021,14795,2021-05-18,Brighton,Manchester City,3,2,1.229,1.0719999999999998
2020/2021,14797,2021-05-18,Chelsea,Leicester,2,1,2.862,0.834
2020/2021,14800,2021-05-18,Manchester United,Fulham,1,1,0.923,0.874
2020/2021,14802,2021-05-18,Southampton,Leeds,0,2,1.309,1.582
2020/2021,14803,2021-05-19,Tottenham,Aston Villa,1,2,0.894,1.638
2020/2021,14804,2021-05-19,West Bromwich Albion,West Ham,1,3,1.108,3.571
2020/2021,14801,2021-05-19,Newcastle United,Sheffield United,1,0,1.826,0.883
2020/2021,14796,2021-05-19,Burnley,Liverpool,0,3,0.838,2.734
2020/2021,14798,2021-05-19,Crystal Palace,Arsenal,1,3,0.999,1.795
2020/2021,14799,2021-05-19,Everton,Wolverhampton Wanderers,1,0,0.672,0.267
2020/2021,14814,2021-05-23,Wolverhampton Wanderers,Manchester United,1,2,0.702,2.053
2020/2021,14813,2021-05-23,West Ham,Southampton,3,0,1.984,1.353
2020/2021,14811,2021-05-23,Manchester City,Everton,5,0,2.885,1.0739999999999998
2020/2021,14812,2021-05-23,Sheffield United,Burnley,1,0,0.421,0.56
2020/2021,14810,2021-05-23,Liverpool,Crystal Palace,2,0,2.204,0.773
2020/2021,14806,2021-05-23,Aston Villa,Chelsea,2,1,0.981,3.435
2020/2021,14808,2021-05-23,Leeds,West Bromwich Albion,3,1,2.491,1.023
2020/2021,14807,2021-05-23,Fulham,Newcastle United,0,2,0.99,1.603
2020/2021,14805,2021-05-23,Arsenal,Brighton,2,0,0.774,0.195
2020/2021,14809,2021-05-23,Leicester,Tottenham,2,4,1.827,1.853
2021/2022,16376,2021-08-13,Brentford,Arsenal,2,0,1.889,1.025
2021/2022,16381,2021-08-14,Leicester,Wolverhampton Wanderers,1,0,0.669,1.3279999999999998
2021/2022,16380,2021-08-14,Everton,Southampton,3,1,2.39,0.582
2021/2022,16382,2021-08-14,Watford,Aston Villa,3,2,1.351,1.138
2021/2022,16378,2021-08-14,Burnley,Brighton,1,2,1.7959999999999998,1.686
2021/2022,16377,2021-08-14,Manchester United,Leeds,5,1,1.6429999999999998,0.569
2021/2022,16379,2021-08-14,Chelsea,Crystal Palace,3,0,1.188,0.323
2021/2022,16383,2021-08-14,Norwich,Liverpool,0,3,1.334,1.7879999999999998
2021/2022,16385,2021-08-15,Tottenham,Manchester City,1,0,1.061,2.107
2021/2022,16384,2021-08-15,Newcastle United,West Ham,2,4,1.68,3.01
2021/2022,16386,2021-08-21,Liverpool,Burnley,2,0,2.64,0.691
2021/2022,16387,2021-08-21,Manchester City,Norwich,5,0,2.44,0.026
2021/2022,16388,2021-08-21,Aston Villa,Newcastle United,2,0,1.1849999999999998,0.633
2021/2022,16389,2021-08-21,Crystal Palace,Brentford,0,0,0.607,0.713
2021/2022,16390,2021-08-21,Leeds,Everton,2,2,0.967,1.858
2021/2022,16391,2021-08-21,Brighton,Watford,2,0,1.7799999999999998,0.408
2021/2022,16392,2021-08-22,Southampton,Manchester United,1,1,0.589,2.263
2021/2022,16393,2021-08-22,Wolverhampton Wanderers,Tottenham,0,1,1.5119999999999998,1.727
2021/2022,16394,2021-08-22,Arsenal,Chelsea,0,2,0.631,3.642
2021/2022,16395,2021-08-23,West Ham,Leicester,4,1,2.287,0.628
2021/2022,16401,2021-08-28,West Ham,Crystal Palace,2,2,1.448,1.678
2021/2022,16400,2021-08-28,Brighton,Everton,0,2,0.703,1.5499999999999998
2021/2022,16399,2021-08-28,Aston Villa,Brentford,1,1,0.432,1.134
2021/2022,16402,2021-08-28,Liverpool,Chelsea,1,1,2.086,0.575
2021/2022,16397,2021-08-28,Newcastle United,Southampton,2,2,1.192,3.461
2021/2022,16396,2021-08-28,Manchester City,Arsenal,5,0,4.474,0.118
2021/2022,16398,2021-08-28,Norwich,Leicester,1,2,1.442,1.275
2021/2022,16403,2021-08-29,Burnley,Leeds,1,1,1.712,1.5219999999999998
2021/2022,16404,2021-08-29,Tottenham,Watford,1,0,0.922,0.597
2021/2022,16405,2021-08-29,Wolverhampton Wanderers,Manchester United,0,1,1.797,0.945
2021/2022,16413,2021-09-11,Chelsea,Aston Villa,3,0,1.223,1.174
2021/2022,16412,2021-09-11,Watford,Wolverhampton Wanderers,0,2,0.186,2.56
2021/2022,16411,2021-09-11,Southampton,West Ham,0,0,0.693,0.726
2021/2022,16410,2021-09-11,Manchester United,Newcastle United,4,1,2.774,0.623
2021/2022,16409,2021-09-11,Leicester,Manchester City,0,1,0.801,2.752
2021/2022,16407,2021-09-11,Arsenal,Norwich,1,0,2.686,0.578
2021/2022,16406,2021-09-11,Crystal Palace,Tottenham,3,0,2.895,0.079
2021/2022,16408,2021-09-11,Brentford,Brighton,0,1,0.731,0.289
2021/2022,16414,2021-09-12,Leeds,Liverpool,0,3,0.654,4.4030000000000005
2021/2022,16415,2021-09-13,Everton,Burnley,3,1,1.805,1.822
2021/2022,16416,2021-09-17,Newcastle United,Leeds,1,1,1.178,1.4309999999999998
2021/2022,16421,2021-09-18,Manchester City,Southampton,0,0,1.226,0.492
2021/2022,16422,2021-09-18,Aston Villa,Everton,3,0,0.779,0.756
2021/2022,16419,2021-09-18,Burnley,Arsenal,0,1,0.777,1.1
2021/2022,16418,2021-09-18,Norwich,Watford,1,3,0.784,2.426
2021/2022,16417,2021-09-18,Wolverhampton Wanderers,Brentford,0,2,1.0239999999999998,2.328
2021/2022,16420,2021-09-18,Liverpool,Crystal Palace,3,0,2.769,0.645
2021/2022,16423,2021-09-19,Brighton,Leicester,2,1,1.475,1.255
2021/2022,16424,2021-09-19,West Ham,Manchester United,1,2,1.668,1.896
2021/2022,16425,2021-09-19,Tottenham,Chelsea,0,3,0.707,2.588
2021/2022,16429,2021-09-25,Leeds,West Ham,1,2,1.198,1.991
2021/2022,16426,2021-09-25,Chelsea,Manchester City,0,1,0.195,1.6929999999999998
2021/2022,16427,2021-09-25,Watford,Newcastle United,1,1,0.905,2.524
2021/2022,16428,2021-09-25,Everton,Norwich,2,0,2.268,0.802
2021/2022,16430,2021-09-25,Leicester,Burnley,2,2,2.163,0.43
2021/2022,16431,2021-09-25,Manchester United,Aston Villa,0,1,1.926,1.573
2021/2022,16432,2021-09-25,Brentford,Liverpool,3,3,2.942,2.258
2021/2022,16434,2021-09-26,Arsenal,Tottenham,3,1,1.446,0.981
2021/2022,16433,2021-09-26,Southampton,Wolverhampton Wanderers,0,1,0.91,0.911
2021/2022,16435,2021-09-27,Crystal Palace,Brighton,1,1,1.369,0.651
2021/2022,16445,2021-10-02,Wolverhampton Wanderers,Newcastle United,2,1,1.1589999999999998,0.866
2021/2022,16442,2021-10-02,Manchester United,Everton,1,1,1.051,1.323
2021/2022,16440,2021-10-02,Leeds,Watford,1,0,1.575,0.194
2021/2022,16436,2021-10-02,Brighton,Arsenal,0,0,1.117,0.365
2021/2022,16437,2021-10-02,Burnley,Norwich,0,0,0.586,0.675
2021/2022,16438,2021-10-02,Chelsea,Southampton,3,1,3.793,1.527
2021/2022,16439,2021-10-03,Crystal Palace,Leicester,2,2,1.1709999999999998,1.0439999999999998
2021/2022,16441,2021-10-03,Liverpool,Manchester City,2,2,0.95,1.0439999999999998
2021/2022,16443,2021-10-03,Tottenham,Aston Villa,2,1,1.783,1.075
2021/2022,16444,2021-10-03,West Ham,Brentford,1,2,1.374,1.3019999999999998
2021/2022,16453,2021-10-16,Norwich,Brighton,0,0,1.162,1.1769999999999998
2021/2022,16451,2021-10-16,Manchester City,Burnley,2,0,2.158,1.0779999999999998
2021/2022,16454,2021-10-16,Southampton,Leeds,1,0,1.832,0.447
2021/2022,16448,2021-10-16,Brentford,Chelsea,0,1,1.623,0.249
2021/2022,16447,2021-10-16,Aston Villa,Wolverhampton Wanderers,2,3,1.214,2.197
2021/2022,16450,2021-10-16,Leicester,Manchester United,4,2,2.967,1.0259999999999998
2021/2022,16455,2021-10-16,Watford,Liverpool,0,5,0.303,3.657
2021/2022,16449,2021-10-17,Everton,West Ham,0,1,0.855,2.031
2021/2022,16452,2021-10-17,Newcastle United,Tottenham,2,3,0.647,1.551
2021/2022,16446,2021-10-18,Arsenal,Crystal Palace,2,2,1.745,0.493
2021/2022,16456,2021-10-22,Arsenal,Aston Villa,3,1,3.499,1.412
2021/2022,16458,2021-10-23,Brighton,Manchester City,1,4,1.17,3.575
2021/2022,16459,2021-10-23,Chelsea,Norwich,7,0,3.106,0.268
2021/2022,16460,2021-10-23,Crystal Palace,Newcastle United,1,1,2.257,0.723
2021/2022,16461,2021-10-23,Everton,Watford,2,5,1.842,3.104
2021/2022,16462,2021-10-23,Leeds,Wolverhampton Wanderers,1,1,1.714,0.86
2021/2022,16464,2021-10-23,Southampton,Burnley,2,2,1.4269999999999998,0.674
2021/2022,16457,2021-10-24,Brentford,Leicester,1,2,1.1689999999999998,1.0039999999999998
2021/2022,16463,2021-10-24,Manchester United,Liverpool,0,5,1.357,4.049
2021/2022,16465,2021-10-24,West Ham,Tottenham,1,0,1.736,0.673
2021/2022,16473,2021-10-30,Tottenham,Manchester United,0,3,1.1589999999999998,1.3869999999999998
2021/2022,16471,2021-10-30,Newcastle United,Chelsea,0,3,0.159,2.167
2021/2022,16470,2021-10-30,Manchester City,Crystal Palace,0,2,0.658,1.051
2021/2022,16474,2021-10-30,Watford,Southampton,0,1,0.854,1.909
2021/2022,16468,2021-10-30,Leicester,Arsenal,0,2,1.989,1.104
2021/2022,16467,2021-10-30,Burnley,Brentford,3,1,2.73,0.835
2021/2022,16469,2021-10-30,Liverpool,Brighton,2,2,1.3989999999999998,1.511
2021/2022,16466,2021-10-31,Aston Villa,West Ham,1,4,0.689,2.665
2021/2022,16472,2021-10-31,Norwich,Leeds,1,2,0.663,1.17
2021/2022,16475,2021-11-01,Wolverhampton Wanderers,Everton,2,1,1.694,1.6989999999999998
2021/2022,16484,2021-11-05,Southampton,Aston Villa,1,0,0.899,0.537
2021/2022,16483,2021-11-06,Manchester United,Manchester City,0,2,0.761,2.043
2021/2022,16480,2021-11-06,Crystal Palace,Wolverhampton Wanderers,2,0,2.653,0.255
2021/2022,16479,2021-11-06,Chelsea,Burnley,1,1,3.007,0.675
2021/2022,16477,2021-11-06,Brentford,Norwich,1,2,2.793,1.1589999999999998
2021/2022,16478,2021-11-06,Brighton,Newcastle United,1,1,1.432,0.228
2021/2022,16476,2021-11-07,Arsenal,Watford,1,0,1.493,0.493
2021/2022,16481,2021-11-07,Everton,Tottenham,0,0,0.599,0.803
2021/2022,16482,2021-11-07,Leeds,Leicester,1,1,1.967,0.796
2021/2022,16485,2021-11-07,West Ham,Liverpool,3,2,1.2539999999999998,1.457
2021/2022,16494,2021-11-20,Watford,Manchester United,4,1,2.735,1.6689999999999998
2021/2022,16495,2021-11-20,Wolverhampton Wanderers,West Ham,1,0,1.3199999999999998,0.437
2021/2022,16492,2021-11-20,Norwich,Southampton,2,1,0.439,1.132
2021/2022,16491,2021-11-20,Newcastle United,Brentford,3,3,2.185,1.234
2021/2022,16488,2021-11-20,Leicester,Chelsea,0,3,0.501,2.573
2021/2022,16487,2021-11-20,Burnley,Crystal Palace,3,3,1.043,1.749
2021/2022,16486,2021-11-20,Aston Villa,Brighton,2,0,1.0699999999999998,0.584
2021/2022,16489,2021-11-20,Liverpool,Arsenal,4,0,3.975,0.269
2021/2022,16490,2021-11-21,Manchester City,Everton,3,0,2.614,0.268
2021/2022,16493,2021-11-21,Tottenham,Leeds,2,1,2.318,1.468
2021/2022,16503,2021-11-27,Liverpool,Southampton,4,0,3.074,0.967
2021/2022,16496,2021-11-27,Arsenal,Newcastle United,2,0,2.846,0.186
2021/2022,16498,2021-11-27,Brighton,Leeds,0,0,1.906,0.866
2021/2022,16501,2021-11-27,Crystal Palace,Aston Villa,1,2,0.963,0.455
2021/2022,16505,2021-11-27,Norwich,Wolverhampton Wanderers,0,0,1.406,0.298
2021/2022,16497,2021-11-28,Brentford,Everton,1,0,1.1989999999999998,0.969
2021/2022,16500,2021-11-28,Chelsea,Manchester United,1,1,2.346,0.564
2021/2022,16502,2021-11-28,Leicester,Watford,4,2,2.161,2.385
2021/2022,16504,2021-11-28,Manchester City,West Ham,2,1,2.723,0.173
2021/2022,16513,2021-11-30,Newcastle United,Norwich,1,1,1.1569999999999998,1.5119999999999998
2021/2022,16508,2021-11-30,Leeds,Crystal Palace,1,0,1.983,0.708
2021/2022,16511,2021-12-01,Wolverhampton Wanderers,Burnley,0,0,0.713,0.197
2021/2022,16514,2021-12-01,Southampton,Leicester,2,2,1.913,1.4409999999999998
2021/2022,16510,2021-12-01,West Ham,Brighton,1,1,1.148,1.2619999999999998
2021/2022,16506,2021-12-01,Aston Villa,Manchester City,1,2,0.773,1.0199999999999998
2021/2022,16507,2021-12-01,Everton,Liverpool,1,4,0.513,2.862
2021/2022,16509,2021-12-01,Watford,Chelsea,1,2,0.992,0.91
2021/2022,16512,2021-12-02,Manchester United,Arsenal,3,2,1.857,1.1669999999999998
2021/2022,16515,2021-12-02,Tottenham,Brentford,2,0,2.073,0.226
2021/2022,16525,2021-12-04,Wolverhampton Wanderers,Liverpool,0,1,0.096,2.424
2021/2022,16520,2021-12-04,Newcastle United,Burnley,1,0,1.707,0.606
2021/2022,16521,2021-12-04,Southampton,Brighton,1,1,1.343,1.488
2021/2022,16523,2021-12-04,Watford,Manchester City,1,3,0.676,4.033
2021/2022,16524,2021-12-04,West Ham,Chelsea,3,2,2.018,1.371
2021/2022,16519,2021-12-05,Manchester United,Crystal Palace,1,0,0.871,0.522
2021/2022,16522,2021-12-05,Tottenham,Norwich,3,0,2.008,1.067
2021/2022,16516,2021-12-05,Aston Villa,Leicester,2,1,1.849,0.984
2021/2022,16518,2021-12-05,Leeds,Brentford,2,2,1.42,1.2009999999999998
2021/2022,16517,2021-12-06,Everton,Arsenal,2,1,1.0619999999999998,1.0579999999999998
2021/2022,16527,2021-12-10,Brentford,Watford,2,1,1.829,0.5630000000000001
2021/2022,16526,2021-12-11,Arsenal,Southampton,3,0,2.085,0.503
2021/2022,16530,2021-12-11,Chelsea,Leeds,3,2,2.749,1.73
2021/2022,16533,2021-12-11,Liverpool,Aston Villa,1,0,2.713,0.142
2021/2022,16534,2021-12-11,Manchester City,Wolverhampton Wanderers,1,0,3.0,0.077
2021/2022,16535,2021-12-11,Norwich,Manchester United,0,1,0.987,2.099
2021/2022,16529,2021-12-12,Burnley,West Ham,0,0,0.549,1.0
2021/2022,16531,2021-12-12,Crystal Palace,Everton,3,1,2.1,1.277
2021/2022,16532,2021-12-12,Leicester,Newcastle United,4,0,2.059,0.513
2021/2022,16545,2021-12-14,Manchester City,Leeds,7,0,3.314,0.228
2021/2022,16541,2021-12-14,Norwich,Aston Villa,0,2,0.504,1.964
2021/2022,16536,2021-12-15,Arsenal,West Ham,2,0,2.816,0.34
2021/2022,16538,2021-12-15,Brighton,Wolverhampton Wanderers,0,1,1.202,1.118
2021/2022,16542,2021-12-15,Crystal Palace,Southampton,2,2,1.493,0.626
2021/2022,16543,2021-12-16,Chelsea,Everton,1,1,3.203,0.629
2021/2022,16544,2021-12-16,Liverpool,Newcastle United,3,1,2.94,0.207
2021/2022,16548,2021-12-18,Leeds,Arsenal,1,4,1.315,3.691
2021/2022,16555,2021-12-19,Wolverhampton Wanderers,Chelsea,0,0,0.322,0.795
2021/2022,16550,2021-12-19,Newcastle United,Manchester City,0,4,0.175,3.648
2021/2022,16552,2021-12-19,Tottenham,Liverpool,2,2,2.799,1.5499999999999998
2021/2022,16556,2021-12-26,Aston Villa,Chelsea,1,3,0.475,2.83
2021/2022,16557,2021-12-26,Brighton,Brentford,2,0,0.944,1.104
2021/2022,16560,2021-12-26,Manchester City,Leicester,6,3,3.83,2.435
2021/2022,16562,2021-12-26,Norwich,Arsenal,0,5,0.155,2.876
2021/2022,16563,2021-12-26,Tottenham,Crystal Palace,3,0,2.822,0.179
2021/2022,16564,2021-12-26,West Ham,Southampton,2,3,1.5379999999999998,1.357
2021/2022,16561,2021-12-27,Newcastle United,Manchester United,1,1,1.267,1.757
2021/2022,16569,2021-12-28,Watford,West Ham,1,4,1.015,2.842
2021/2022,16570,2021-12-28,Crystal Palace,Norwich,3,0,2.391,0.595
2021/2022,16573,2021-12-28,Leicester,Liverpool,1,0,0.617,2.728
2021/2022,16575,2021-12-28,Southampton,Tottenham,1,1,0.354,2.81
2021/2022,16567,2021-12-29,Brentford,Manchester City,0,1,0.24,1.019
2021/2022,16568,2021-12-29,Chelsea,Brighton,1,1,0.764,0.788
2021/2022,16574,2021-12-30,Manchester United,Burnley,3,1,1.809,0.873
2021/2022,16585,2022-01-01,Watford,Tottenham,0,1,0.305,1.939
2021/2022,16579,2022-01-01,Crystal Palace,West Ham,2,3,2.693,2.232
2021/2022,16576,2022-01-01,Arsenal,Manchester City,1,2,0.838,1.947
2021/2022,16577,2022-01-02,Brentford,Aston Villa,2,1,0.502,1.1389999999999998
2021/2022,16578,2022-01-02,Chelsea,Liverpool,2,2,1.39,1.7899999999999998
2021/2022,16580,2022-01-02,Everton,Brighton,2,3,1.828,1.485
2021/2022,16581,2022-01-02,Leeds,Burnley,3,1,2.043,0.961
2021/2022,16583,2022-01-03,Manchester United,Wolverhampton Wanderers,0,1,0.77,0.842
2021/2022,16551,2022-01-11,Southampton,Brentford,4,1,1.594,0.622
2021/2022,16554,2022-01-12,West Ham,Norwich,2,0,2.893,0.344
2021/2022,16587,2022-01-14,Brighton,Crystal Palace,1,1,2.182,0.511
2021/2022,16586,2022-01-15,Aston Villa,Manchester United,2,2,1.829,1.355
2021/2022,16590,2022-01-15,Manchester City,Chelsea,1,0,0.903,0.615
2021/2022,16591,2022-01-15,Newcastle United,Watford,1,1,1.0399999999999998,1.497
2021/2022,16592,2022-01-15,Norwich,Everton,2,1,1.003,0.542
2021/2022,16595,2022-01-15,Wolverhampton Wanderers,Southampton,3,1,2.3,0.918
2021/2022,16589,2022-01-16,Liverpool,Brentford,3,0,3.492,0.378
2021/2022,16594,2022-01-16,West Ham,Leeds,2,3,2.356,2.27
2021/2022,16607,2022-01-18,Brighton,Chelsea,1,1,0.749,0.574
2021/2022,16540,2022-01-19,Leicester,Tottenham,2,3,1.951,4.248
2021/2022,16537,2022-01-19,Brentford,Manchester United,1,3,2.082,2.061
2021/2022,16605,2022-01-21,Watford,Norwich,0,3,1.307,0.926
2021/2022,16597,2022-01-22,Brentford,Wolverhampton Wanderers,1,2,0.744,0.219
2021/2022,16600,2022-01-22,Everton,Aston Villa,0,1,1.239,0.861
2021/2022,16601,2022-01-22,Leeds,Newcastle United,0,1,1.1309999999999998,1.16
2021/2022,16603,2022-01-22,Manchester United,West Ham,1,0,1.7599999999999998,0.239
2021/2022,16604,2022-01-22,Southampton,Manchester City,1,1,1.003,1.63
2021/2022,16596,2022-01-23,Arsenal,Burnley,0,0,1.356,0.39
2021/2022,16598,2022-01-23,Chelsea,Tottenham,2,0,1.043,0.33
2021/2022,16599,2022-01-23,Crystal Palace,Liverpool,1,3,1.6269999999999998,1.498
2021/2022,16602,2022-01-23,Leicester,Brighton,1,1,1.711,1.198
2021/2022,16539,2022-02-05,Burnley,Watford,0,0,0.767,0.935
2021/2022,16608,2022-02-08,Burnley,Manchester United,1,1,0.774,1.835
2021/2022,16610,2022-02-08,West Ham,Watford,1,0,0.906,0.336
2021/2022,16612,2022-02-08,Newcastle United,Everton,3,1,2.688,0.825
2021/2022,16615,2022-02-09,Manchester City,Brentford,2,0,1.983,0.462
2021/2022,16613,2022-02-09,Tottenham,Southampton,2,3,1.744,1.734
2021/2022,16609,2022-02-09,Norwich,Crystal Palace,1,1,0.297,1.23
2021/2022,16606,2022-02-09,Aston Villa,Leeds,3,3,1.5019999999999998,2.53
2021/2022,16611,2022-02-10,Wolverhampton Wanderers,Arsenal,0,1,0.642,1.4529999999999998
2021/2022,16614,2022-02-10,Liverpool,Leicester,2,0,2.731,0.546
2021/2022,16616,2022-02-12,Brentford,Crystal Palace,0,0,1.977,0.499
2021/2022,16619,2022-02-12,Everton,Leeds,3,0,2.587,0.244
2021/2022,16621,2022-02-12,Manchester United,Southampton,1,1,2.993,0.678
2021/2022,16623,2022-02-12,Norwich,Manchester City,0,4,0.358,4.448
2021/2022,16625,2022-02-12,Watford,Brighton,0,2,0.534,1.806
2021/2022,16617,2022-02-13,Burnley,Liverpool,0,1,1.162,1.958
2021/2022,16620,2022-02-13,Leicester,West Ham,2,2,1.408,0.746
2021/2022,16622,2022-02-13,Newcastle United,Aston Villa,1,0,0.529,0.456
2021/2022,16624,2022-02-13,Tottenham,Wolverhampton Wanderers,0,2,0.839,1.871
2021/2022,16549,2022-02-15,Manchester United,Brighton,2,0,2.75,1.263
2021/2022,16634,2022-02-19,West Ham,Newcastle United,1,1,0.849,0.934
2021/2022,16633,2022-02-19,Southampton,Everton,2,0,2.73,0.201
2021/2022,16632,2022-02-19,Manchester City,Tottenham,2,3,2.319,2.003
2021/2022,16631,2022-02-19,Liverpool,Norwich,3,1,3.155,0.671
2021/2022,16628,2022-02-19,Brighton,Burnley,0,3,0.447,0.822
2021/2022,16627,2022-02-19,Aston Villa,Watford,0,1,1.0279999999999998,1.822
2021/2022,16626,2022-02-19,Arsenal,Brentford,2,1,1.523,0.642
2021/2022,16629,2022-02-19,Crystal Palace,Chelsea,0,1,0.625,1.124
2021/2022,16630,2022-02-20,Leeds,Manchester United,2,4,1.746,2.611
2021/2022,16635,2022-02-20,Wolverhampton Wanderers,Leicester,2,1,0.474,1.551
2021/2022,16559,2022-02-23,Liverpool,Leeds,6,0,5.331,0.143
2021/2022,16499,2022-02-23,Burnley,Tottenham,1,0,1.557,0.693
2021/2022,16553,2022-02-23,Watford,Crystal Palace,1,4,1.72,0.819
2021/2022,16566,2022-02-24,Arsenal,Wolverhampton Wanderers,2,1,2.511,1.11
2021/2022,16644,2022-02-25,Southampton,Norwich,2,0,3.09,0.426
2021/2022,16642,2022-02-26,Leeds,Tottenham,0,4,1.897,2.471
2021/2022,16641,2022-02-26,Everton,Manchester City,0,1,0.772,1.935
2021/2022,16643,2022-02-26,Manchester United,Watford,0,0,2.416,0.438
2021/2022,16638,2022-02-26,Brighton,Aston Villa,0,2,0.628,1.3039999999999998
2021/2022,16637,2022-02-26,Brentford,Newcastle United,0,2,0.495,2.255
2021/2022,16640,2022-02-26,Crystal Palace,Burnley,1,1,1.039,0.257
2021/2022,16645,2022-02-27,West Ham,Wolverhampton Wanderers,1,0,1.623,0.893
2021/2022,16588,2022-03-01,Burnley,Leicester,0,2,1.043,1.797
2021/2022,16646,2022-03-05,Aston Villa,Southampton,4,0,2.855,1.3299999999999998
2021/2022,16647,2022-03-05,Burnley,Chelsea,0,4,0.85,2.288
2021/2022,16648,2022-03-05,Leicester,Leeds,1,0,0.36,2.145
2021/2022,16649,2022-03-05,Liverpool,West Ham,1,0,2.19,1.339
2021/2022,16651,2022-03-05,Newcastle United,Brighton,2,1,1.581,1.6509999999999998
2021/2022,16652,2022-03-05,Norwich,Brentford,1,3,0.774,2.222
2021/2022,16655,2022-03-05,Wolverhampton Wanderers,Crystal Palace,0,2,0.712,2.539
2021/2022,16650,2022-03-06,Manchester City,Manchester United,4,1,2.745,0.363
2021/2022,16654,2022-03-06,Watford,Arsenal,2,3,1.297,1.0059999999999998
2021/2022,16653,2022-03-07,Tottenham,Everton,5,0,3.244,0.209
2021/2022,16565,2022-03-10,Wolverhampton Wanderers,Watford,4,0,1.551,0.5
2021/2022,16572,2022-03-10,Leeds,Aston Villa,0,3,0.195,1.2739999999999998
2021/2022,16584,2022-03-10,Southampton,Newcastle United,1,2,1.799,0.8130000000000001
2021/2022,16672,2022-03-10,Norwich,Chelsea,1,3,0.967,2.132
2021/2022,16657,2022-03-12,Brentford,Burnley,2,0,1.821,0.826
2021/2022,16658,2022-03-12,Brighton,Liverpool,0,2,0.63,2.484
2021/2022,16663,2022-03-12,Manchester United,Tottenham,3,2,1.019,1.625
2021/2022,16665,2022-03-13,West Ham,Aston Villa,2,1,1.586,1.055
2021/2022,16664,2022-03-13,Southampton,Watford,1,2,1.2579999999999998,1.295
2021/2022,16662,2022-03-13,Leeds,Norwich,2,1,3.119,1.402
2021/2022,16656,2022-03-13,Arsenal,Leicester,2,0,2.938,0.55
2021/2022,16659,2022-03-13,Chelsea,Newcastle United,1,0,1.0719999999999998,0.247
2021/2022,16661,2022-03-13,Everton,Wolverhampton Wanderers,0,1,0.398,0.713
2021/2022,16660,2022-03-14,Crystal Palace,Manchester City,0,0,0.475,2.041
2021/2022,16528,2022-03-16,Brighton,Tottenham,0,2,1.043,2.053
2021/2022,16636,2022-03-16,Arsenal,Liverpool,0,2,0.535,1.2779999999999998
2021/2022,16571,2022-03-17,Everton,Newcastle United,1,0,0.71,0.759
2021/2022,16675,2022-03-18,Wolverhampton Wanderers,Leeds,2,3,1.242,2.822
2021/2022,16666,2022-03-19,Aston Villa,Arsenal,0,1,0.31,1.146
2021/2022,16668,2022-03-20,Leicester,Brentford,2,1,1.2799999999999998,1.726
2021/2022,16673,2022-03-20,Tottenham,West Ham,3,1,2.549,0.646
2021/2022,16683,2022-04-02,Chelsea,Brentford,1,4,1.291,2.435
2021/2022,16685,2022-04-02,Brighton,Norwich,0,0,2.384,0.495
2021/2022,16684,2022-04-02,Burnley,Manchester City,0,2,0.06,1.621
2021/2022,16681,2022-04-02,Leeds,Southampton,1,1,1.5079999999999998,2.065
2021/2022,16679,2022-04-02,Manchester United,Leicester,1,1,0.903,1.077
2021/2022,16676,2022-04-02,Wolverhampton Wanderers,Aston Villa,2,1,1.623,1.914
2021/2022,16680,2022-04-02,Liverpool,Watford,2,0,2.238,0.754
2021/2022,16677,2022-04-03,West Ham,Everton,2,1,1.498,0.659
2021/2022,16678,2022-04-03,Tottenham,Newcastle United,5,1,3.609,0.539
2021/2022,16682,2022-04-04,Crystal Palace,Arsenal,3,0,1.398,1.053
2021/2022,16558,2022-04-06,Burnley,Everton,3,2,2.245,2.317
2021/2022,16689,2022-04-08,Newcastle United,Wolverhampton Wanderers,1,0,1.44,0.308
2021/2022,16686,2022-04-09,Watford,Leeds,0,3,1.075,0.897
2021/2022,16687,2022-04-09,Southampton,Chelsea,0,6,0.566,4.398000000000001
2021/2022,16692,2022-04-09,Everton,Manchester United,1,0,0.358,0.763
2021/2022,16694,2022-04-09,Aston Villa,Tottenham,0,4,1.488,0.985
2021/2022,16695,2022-04-09,Arsenal,Brighton,1,2,2.353,0.597
2021/2022,16691,2022-04-10,Leicester,Crystal Palace,2,1,0.88,1.529
2021/2022,16693,2022-04-10,Brentford,West Ham,2,0,1.856,0.246
2021/2022,16690,2022-04-10,Manchester City,Liverpool,2,2,1.347,1.301
2021/2022,16688,2022-04-10,Norwich,Burnley,2,0,1.6729999999999998,1.448
2021/2022,16698,2022-04-16,Watford,Brentford,1,2,1.505,2.126
2021/2022,16699,2022-04-16,Tottenham,Brighton,0,1,0.587,0.712
2021/2022,16700,2022-04-16,Southampton,Arsenal,1,0,1.041,1.351
2021/2022,16702,2022-04-16,Manchester United,Norwich,3,2,1.668,1.799
2021/2022,16697,2022-04-17,West Ham,Burnley,1,1,2.793,1.882
2021/2022,16701,2022-04-17,Newcastle United,Leicester,2,1,2.544,0.542
2021/2022,16669,2022-04-19,Liverpool,Manchester United,4,0,2.261,0.111
2021/2022,16547,2022-04-20,Everton,Leicester,1,1,1.6889999999999998,0.787
2021/2022,16618,2022-04-20,Chelsea,Arsenal,2,4,0.595,1.874
2021/2022,16670,2022-04-20,Manchester City,Brighton,3,0,1.529,0.118
2021/2022,16671,2022-04-20,Newcastle United,Crystal Palace,1,0,0.769,0.434
2021/2022,16667,2022-04-21,Burnley,Southampton,2,0,2.148,1.319
2021/2022,16715,2022-04-23,Arsenal,Manchester United,3,1,2.543,2.043
2021/2022,16709,2022-04-23,Leicester,Aston Villa,0,0,0.237,0.594
2021/2022,16714,2022-04-23,Brentford,Tottenham,0,0,1.3159999999999998,0.519
2021/2022,16706,2022-04-23,Norwich,Newcastle United,0,3,0.659,1.877
2021/2022,16707,2022-04-23,Manchester City,Watford,5,1,3.681,0.427
2021/2022,16708,2022-04-24,Liverpool,Everton,2,0,1.7049999999999998,0.426
2021/2022,16711,2022-04-24,Chelsea,West Ham,1,0,2.351,0.39
2021/2022,16712,2022-04-24,Burnley,Wolverhampton Wanderers,1,0,1.2739999999999998,0.594
2021/2022,16713,2022-04-24,Brighton,Southampton,2,2,1.874,0.928
2021/2022,16710,2022-04-25,Crystal Palace,Leeds,0,0,1.618,0.375
2021/2022,16742,2022-04-28,Manchester United,Chelsea,1,1,0.619,2.47
2021/2022,16716,2022-04-30,Wolverhampton Wanderers,Brighton,0,3,0.527,2.908
2021/2022,16718,2022-04-30,Watford,Burnley,1,2,0.787,1.371
2021/2022,16720,2022-04-30,Southampton,Crystal Palace,1,2,0.651,0.757
2021/2022,16721,2022-04-30,Newcastle United,Liverpool,0,1,0.116,2.735
2021/2022,16723,2022-04-30,Leeds,Manchester City,0,4,1.037,3.015
2021/2022,16725,2022-04-30,Aston Villa,Norwich,2,0,2.313,0.353
2021/2022,16724,2022-05-01,Everton,Chelsea,1,0,1.118,1.212
2021/2022,16717,2022-05-01,West Ham,Arsenal,1,2,0.453,0.966
2021/2022,16719,2022-05-01,Tottenham,Leicester,3,1,1.654,0.275
2021/2022,16722,2022-05-02,Manchester United,Brentford,3,0,1.842,0.682
2021/2022,16728,2022-05-07,Liverpool,Tottenham,1,1,1.049,0.984
2021/2022,16730,2022-05-07,Crystal Palace,Watford,1,0,2.492,0.256
2021/2022,16731,2022-05-07,Chelsea,Wolverhampton Wanderers,2,2,1.822,1.6849999999999998
2021/2022,16732,2022-05-07,Burnley,Aston Villa,1,3,1.311,1.814
2021/2022,16733,2022-05-07,Brighton,Manchester United,4,0,2.827,0.932
2021/2022,16734,2022-05-07,Brentford,Southampton,3,0,3.683,0.99
2021/2022,16726,2022-05-08,Norwich,West Ham,0,4,0.78,3.26
2021/2022,16727,2022-05-08,Manchester City,Newcastle United,5,0,4.057,0.996
2021/2022,16729,2022-05-08,Leicester,Everton,1,2,1.476,1.557
2021/2022,16735,2022-05-08,Arsenal,Leeds,2,1,2.724,0.698
2021/2022,16705,2022-05-10,Aston Villa,Liverpool,1,2,1.448,1.755
2021/2022,16674,2022-05-11,Watford,Everton,0,0,0.233,0.8130000000000001
2021/2022,16696,2022-05-11,Wolverhampton Wanderers,Manchester City,1,5,0.413,3.394
2021/2022,16582,2022-05-11,Leicester,Norwich,3,0,2.572,1.221
2021/2022,16703,2022-05-11,Leeds,Chelsea,0,3,0.501,1.47
2021/2022,16593,2022-05-12,Tottenham,Arsenal,3,0,3.426,0.388
2021/2022,16744,2022-05-15,Everton,Brentford,2,3,2.697,1.817
2021/2022,16738,2022-05-15,Watford,Leicester,1,5,2.591,2.274
2021/2022,16745,2022-05-15,Aston Villa,Crystal Palace,1,1,0.8,1.3909999999999998
2021/2022,16743,2022-05-15,Leeds,Brighton,1,1,2.224,2.26
2021/2022,16736,2022-05-15,Wolverhampton Wanderers,Norwich,1,1,1.0,1.533
2021/2022,16737,2022-05-15,West Ham,Manchester City,2,2,1.0099999999999998,2.148
2021/2022,16739,2022-05-15,Tottenham,Burnley,1,0,2.395,0.631
2021/2022,16741,2022-05-16,Newcastle United,Arsenal,2,0,1.684,0.493
2021/2022,16740,2022-05-17,Southampton,Liverpool,1,2,0.123,1.1929999999999998
2021/2022,16546,2022-05-19,Aston Villa,Burnley,1,1,0.997,1.632
2021/2022,16639,2022-05-19,Chelsea,Leicester,1,1,1.621,0.043
2021/2022,16704,2022-05-19,Everton,Crystal Palace,3,2,0.814,1.603
2021/2022,16755,2022-05-22,Norwich,Tottenham,0,5,0.312,3.816
2021/2022,16754,2022-05-22,Manchester City,Aston Villa,3,2,3.322,0.249
2021/2022,16752,2022-05-22,Leicester,Southampton,4,1,3.422,1.0519999999999998
2021/2022,16751,2022-05-22,Crystal Palace,Manchester United,1,0,0.356,0.783
2021/2022,16753,2022-05-22,Liverpool,Wolverhampton Wanderers,3,1,3.195,1.118
2021/2022,16749,2022-05-22,Burnley,Newcastle United,1,2,1.493,1.744
2021/2022,16748,2022-05-22,Brighton,West Ham,3,1,1.6789999999999998,0.27
2021/2022,16747,2022-05-22,Brentford,Leeds,1,2,0.846,1.479
2021/2022,16746,2022-05-22,Arsenal,Everton,5,1,4.357,1.087
2021/2022,16750,2022-05-22,Chelsea,Watford,2,1,2.593,0.577
2022/2023,18202,2022-08-05,Crystal Palace,Arsenal,0,2,1.207,1.4369999999999998
2022/2023,18208,2022-08-06,Everton,Chelsea,0,1,0.543,1.924
2022/2023,18207,2022-08-06,Tottenham,Southampton,4,1,1.618,0.388
2022/2023,18206,2022-08-06,Newcastle United,Nottingham Forest,2,0,1.86,0.237
2022/2023,18205,2022-08-06,Leeds,Wolverhampton Wanderers,2,1,0.89,1.102
2022/2023,18203,2022-08-06,Fulham,Liverpool,2,2,1.269,2.342
2022/2023,18204,2022-08-06,Bournemouth,Aston Villa,2,0,0.589,0.49
2022/2023,18209,2022-08-07,Manchester United,Brighton,1,2,1.422,1.73
2022/2023,18210,2022-08-07,Leicester,Brentford,2,2,0.457,0.932
2022/2023,18211,2022-08-07,West Ham,Manchester City,0,2,0.247,2.588
2022/2023,18216,2022-08-13,Wolverhampton Wanderers,Fulham,0,0,0.976,1.089
2022/2023,18218,2022-08-13,Brentford,Manchester United,4,0,1.3889999999999998,0.897
2022/2023,18215,2022-08-13,Southampton,Leeds,2,2,1.41,1.998
2022/2023,18217,2022-08-13,Arsenal,Leicester,4,2,3.012,0.692
2022/2023,18213,2022-08-13,Brighton,Newcastle United,0,0,1.609,0.185
2022/2023,18212,2022-08-13,Aston Villa,Everton,2,1,2.668,1.376
2022/2023,18214,2022-08-13,Manchester City,Bournemouth,4,0,1.692,0.125
2022/2023,18219,2022-08-14,Nottingham Forest,West Ham,1,0,1.973,2.087
2022/2023,18220,2022-08-14,Chelsea,Tottenham,2,2,1.84,1.588
2022/2023,18221,2022-08-15,Liverpool,Crystal Palace,1,1,2.237,1.646
2022/2023,18227,2022-08-20,Bournemouth,Arsenal,0,3,0.212,1.712
2022/2023,18226,2022-08-20,Leicester,Southampton,1,2,0.244,1.243
2022/2023,18225,2022-08-20,Fulham,Brentford,3,2,2.9,1.595
2022/2023,18223,2022-08-20,Crystal Palace,Aston Villa,3,1,2.912,0.805
2022/2023,18222,2022-08-20,Tottenham,Wolverhampton Wanderers,1,0,1.467,0.687
2022/2023,18224,2022-08-20,Everton,Nottingham Forest,1,1,1.4349999999999998,0.919
2022/2023,18228,2022-08-21,Leeds,Chelsea,3,0,2.211,0.693
2022/2023,18229,2022-08-21,West Ham,Brighton,0,2,0.77,1.827
2022/2023,18230,2022-08-21,Newcastle United,Manchester City,3,3,2.214,3.675
2022/2023,18231,2022-08-22,Manchester United,Liverpool,2,1,2.019,1.5239999999999998
2022/2023,18238,2022-08-27,Arsenal,Fulham,2,1,2.475,0.927
2022/2023,18237,2022-08-27,Manchester City,Crystal Palace,4,2,2.386,0.093
2022/2023,18236,2022-08-27,Liverpool,Bournemouth,9,0,4.861000000000001,0.182
2022/2023,18233,2022-08-27,Brentford,Everton,1,1,2.285,1.656
2022/2023,18234,2022-08-27,Brighton,Leeds,1,0,1.611,1.15
2022/2023,18232,2022-08-27,Southampton,Manchester United,0,1,1.36,1.345
2022/2023,18235,2022-08-27,Chelsea,Leicester,2,1,1.75,1.961
2022/2023,18239,2022-08-28,Aston Villa,West Ham,0,1,0.306,0.336
2022/2023,18240,2022-08-28,Wolverhampton Wanderers,Newcastle United,1,1,1.1329999999999998,1.935
2022/2023,18241,2022-08-28,Nottingham Forest,Tottenham,0,2,0.802,2.446
2022/2023,18242,2022-08-30,Fulham,Brighton,2,1,1.0719999999999998,1.755
2022/2023,18243,2022-08-30,Crystal Palace,Brentford,1,1,0.778,1.619
2022/2023,18244,2022-08-30,Southampton,Chelsea,2,1,1.442,1.5059999999999998
2022/2023,18245,2022-08-30,Leeds,Everton,1,1,1.047,1.1729999999999998
2022/2023,18249,2022-08-31,West Ham,Tottenham,1,1,1.5239999999999998,0.724
2022/2023,18246,2022-08-31,Manchester City,Nottingham Forest,6,0,3.839,0.731
2022/2023,18247,2022-08-31,Arsenal,Aston Villa,2,1,2.801,0.298
2022/2023,18248,2022-08-31,Bournemouth,Wolverhampton Wanderers,0,0,0.363,1.533
2022/2023,18250,2022-08-31,Liverpool,Newcastle United,2,1,1.7619999999999998,0.645
2022/2023,18251,2022-09-01,Leicester,Manchester United,0,1,0.616,1.101
2022/2023,18252,2022-09-03,Everton,Liverpool,0,0,1.3929999999999998,1.3869999999999998
2022/2023,18253,2022-09-03,Newcastle United,Crystal Palace,0,0,2.908,0.922
2022/2023,18254,2022-09-03,Nottingham Forest,Bournemouth,2,3,1.3299999999999998,0.906
2022/2023,18255,2022-09-03,Tottenham,Fulham,2,1,2.679,0.383
2022/2023,18256,2022-09-03,Wolverhampton Wanderers,Southampton,1,0,1.101,1.209
2022/2023,18257,2022-09-03,Brentford,Leeds,5,2,2.749,1.797
2022/2023,18258,2022-09-03,Aston Villa,Manchester City,1,1,0.28,1.922
2022/2023,18260,2022-09-03,Chelsea,West Ham,2,1,0.708,1.4209999999999998
2022/2023,18259,2022-09-04,Brighton,Leicester,5,2,2.733,1.0659999999999998
2022/2023,18261,2022-09-04,Manchester United,Arsenal,3,1,2.03,1.4229999999999998
2022/2023,18272,2022-09-16,Aston Villa,Southampton,1,0,1.345,0.219
2022/2023,18273,2022-09-16,Nottingham Forest,Fulham,2,3,1.416,1.351
2022/2023,18274,2022-09-17,Wolverhampton Wanderers,Manchester City,0,3,0.312,1.4249999999999998
2022/2023,18275,2022-09-17,Newcastle United,Bournemouth,1,1,1.549,0.978
2022/2023,18278,2022-09-17,Tottenham,Leicester,6,2,1.987,1.595
2022/2023,18280,2022-09-18,Brentford,Arsenal,0,3,0.541,1.321
2022/2023,18277,2022-09-18,Everton,West Ham,1,0,0.399,0.656
2022/2023,18282,2022-10-01,Arsenal,Tottenham,3,1,2.485,1.5039999999999998
2022/2023,18283,2022-10-01,Bournemouth,Brentford,0,0,0.759,1.047
2022/2023,18284,2022-10-01,Crystal Palace,Chelsea,1,2,0.711,1.2559999999999998
2022/2023,18285,2022-10-01,Fulham,Newcastle United,1,4,0.685,4.673
2022/2023,18288,2022-10-01,Liverpool,Brighton,3,3,2.152,2.367
2022/2023,18290,2022-10-01,Southampton,Everton,1,2,1.961,2.001
2022/2023,18291,2022-10-01,West Ham,Wolverhampton Wanderers,2,0,1.0399999999999998,0.577
2022/2023,18286,2022-10-02,Leeds,Aston Villa,0,0,0.3,1.897
2022/2023,18289,2022-10-02,Manchester City,Manchester United,6,3,3.012,1.714
2022/2023,18287,2022-10-03,Leicester,Nottingham Forest,4,0,1.251,1.223
2022/2023,18293,2022-10-08,Bournemouth,Leicester,2,1,1.15,1.182
2022/2023,18294,2022-10-08,Brighton,Tottenham,0,1,0.901,0.773
2022/2023,18295,2022-10-08,Chelsea,Wolverhampton Wanderers,3,0,2.432,0.749
2022/2023,18298,2022-10-08,Manchester City,Southampton,4,0,2.736,0.102
2022/2023,18299,2022-10-08,Newcastle United,Brentford,5,1,2.447,1.136
2022/2023,18301,2022-10-09,West Ham,Fulham,3,1,3.438,0.551
2022/2023,18297,2022-10-09,Everton,Manchester United,1,2,0.367,1.827
2022/2023,18296,2022-10-09,Crystal Palace,Leeds,2,1,1.6529999999999998,1.067
2022/2023,18292,2022-10-09,Arsenal,Liverpool,3,2,2.821,0.766
2022/2023,18300,2022-10-10,Nottingham Forest,Aston Villa,1,1,0.222,0.658
2022/2023,18303,2022-10-14,Brentford,Brighton,2,0,1.907,2.158
2022/2023,18304,2022-10-15,Fulham,Bournemouth,2,2,1.618,1.6289999999999998
2022/2023,18306,2022-10-15,Leicester,Crystal Palace,0,0,0.974,0.348
2022/2023,18310,2022-10-15,Tottenham,Everton,2,0,2.495,0.561
2022/2023,18311,2022-10-15,Wolverhampton Wanderers,Nottingham Forest,1,0,1.225,1.249
2022/2023,18302,2022-10-16,Aston Villa,Chelsea,0,2,2.446,1.237
2022/2023,18305,2022-10-16,Leeds,Arsenal,0,1,2.023,0.823
2022/2023,18307,2022-10-16,Liverpool,Manchester City,1,0,2.0,0.912
2022/2023,18308,2022-10-16,Manchester United,Newcastle United,0,0,1.4169999999999998,0.789
2022/2023,18309,2022-10-16,Southampton,West Ham,1,1,0.525,1.708
2022/2023,18315,2022-10-18,Brighton,Nottingham Forest,0,0,2.103,0.196
2022/2023,18318,2022-10-18,Crystal Palace,Wolverhampton Wanderers,2,1,1.257,0.859
2022/2023,18321,2022-10-19,Manchester United,Tottenham,2,0,1.711,0.66
2022/2023,18320,2022-10-19,Liverpool,West Ham,1,0,2.242,2.487
2022/2023,18314,2022-10-19,Brentford,Chelsea,0,0,1.4529999999999998,0.558
2022/2023,18313,2022-10-19,Bournemouth,Southampton,0,1,0.811,1.24
2022/2023,18319,2022-10-19,Newcastle United,Everton,1,0,1.1349999999999998,0.062
2022/2023,18316,2022-10-20,Fulham,Aston Villa,3,0,2.893,0.712
2022/2023,18317,2022-10-20,Leicester,Leeds,2,0,0.656,1.196
2022/2023,18323,2022-10-22,Chelsea,Manchester United,1,1,1.2029999999999998,0.732
2022/2023,18324,2022-10-22,Everton,Crystal Palace,3,0,1.935,0.598
2022/2023,18326,2022-10-22,Manchester City,Brighton,3,1,1.863,0.53
2022/2023,18327,2022-10-22,Nottingham Forest,Liverpool,1,0,2.503,2.199
2022/2023,18322,2022-10-23,Aston Villa,Brentford,4,0,3.457,1.0059999999999998
2022/2023,18325,2022-10-23,Leeds,Fulham,2,3,1.965,2.476
2022/2023,18328,2022-10-23,Southampton,Arsenal,1,1,0.624,1.5799999999999998
2022/2023,18329,2022-10-23,Tottenham,Newcastle United,1,2,1.5659999999999998,1.13
2022/2023,18331,2022-10-23,Wolverhampton Wanderers,Leicester,0,4,1.619,0.99
2022/2023,18330,2022-10-24,West Ham,Bournemouth,2,0,1.978,0.731
2022/2023,18339,2022-10-29,Liverpool,Leeds,1,2,1.91,1.614
2022/2023,18335,2022-10-29,Brighton,Chelsea,4,1,2.882,1.077
2022/2023,18341,2022-10-29,Newcastle United,Aston Villa,4,0,4.189,0.272
2022/2023,18338,2022-10-29,Leicester,Manchester City,0,1,0.695,0.705
2022/2023,18333,2022-10-29,Bournemouth,Tottenham,2,3,0.889,2.196
2022/2023,18336,2022-10-29,Crystal Palace,Southampton,1,0,1.005,1.359
2022/2023,18334,2022-10-29,Brentford,Wolverhampton Wanderers,1,1,1.2939999999999998,0.559
2022/2023,18337,2022-10-29,Fulham,Everton,0,0,1.765,1.1929999999999998
2022/2023,18332,2022-10-30,Arsenal,Nottingham Forest,5,0,3.008,0.207
2022/2023,18340,2022-10-30,Manchester United,West Ham,1,0,1.7519999999999998,1.001
2022/2023,18344,2022-11-05,Everton,Leicester,0,2,1.374,2.269
2022/2023,18345,2022-11-05,Leeds,Bournemouth,4,3,2.226,1.557
2022/2023,18346,2022-11-05,Manchester City,Fulham,2,1,2.394,0.845
2022/2023,18347,2022-11-05,Nottingham Forest,Brentford,2,2,1.2979999999999998,1.221
2022/2023,18351,2022-11-05,Wolverhampton Wanderers,Brighton,2,3,1.2939999999999998,1.875
2022/2023,18350,2022-11-06,West Ham,Crystal Palace,1,2,0.194,1.0339999999999998
2022/2023,18348,2022-11-06,Southampton,Newcastle United,1,4,1.6529999999999998,1.422
2022/2023,18349,2022-11-06,Tottenham,Liverpool,1,2,1.818,1.466
2022/2023,18342,2022-11-06,Aston Villa,Manchester United,3,1,0.58,0.518
2022/2023,18343,2022-11-06,Chelsea,Arsenal,0,1,0.28,2.379
2022/2023,18352,2022-11-12,Bournemouth,Everton,3,0,2.457,0.77
2022/2023,18355,2022-11-12,Liverpool,Southampton,3,1,2.745,1.4349999999999998
2022/2023,18356,2022-11-12,Manchester City,Brentford,1,2,1.606,3.291
2022/2023,18357,2022-11-12,Newcastle United,Chelsea,1,0,1.361,0.36
2022/2023,18358,2022-11-12,Nottingham Forest,Crystal Palace,1,0,1.239,1.1469999999999998
2022/2023,18359,2022-11-12,Tottenham,Leeds,4,3,2.581,1.718
2022/2023,18360,2022-11-12,West Ham,Leicester,0,2,0.722,1.607
2022/2023,18361,2022-11-12,Wolverhampton Wanderers,Arsenal,0,2,0.513,2.281
2022/2023,18353,2022-11-13,Brighton,Aston Villa,1,2,0.83,1.1549999999999998
2022/2023,18354,2022-11-13,Fulham,Manchester United,1,2,1.7029999999999998,3.378
2022/2023,18367,2022-12-26,Everton,Wolverhampton Wanderers,1,2,1.228,1.222
2022/2023,18369,2022-12-26,Leicester,Newcastle United,0,3,0.312,1.765
2022/2023,18366,2022-12-26,Crystal Palace,Fulham,0,3,0.423,2.7
2022/2023,18371,2022-12-26,Southampton,Brighton,1,3,1.708,1.0079999999999998
2022/2023,18363,2022-12-26,Aston Villa,Liverpool,1,3,1.6929999999999998,3.508
2022/2023,18362,2022-12-26,Arsenal,West Ham,3,1,1.889,1.0279999999999998
2022/2023,18364,2022-12-26,Brentford,Tottenham,2,2,2.254,0.885
2022/2023,18365,2022-12-27,Chelsea,Bournemouth,2,0,1.915,0.444
2022/2023,18370,2022-12-27,Manchester United,Nottingham Forest,3,0,2.138,0.478
2022/2023,18368,2022-12-28,Leeds,Manchester City,1,3,0.605,4.163
2022/2023,18375,2022-12-30,Liverpool,Leicester,2,1,2.026,0.864
2022/2023,18380,2022-12-30,West Ham,Brentford,0,2,1.1409999999999998,1.515
2022/2023,18381,2022-12-31,Wolverhampton Wanderers,Manchester United,0,1,0.589,2.448
2022/2023,18377,2022-12-31,Newcastle United,Leeds,0,0,2.789,0.518
2022/2023,18376,2022-12-31,Manchester City,Everton,1,1,2.364,0.077
2022/2023,18373,2022-12-31,Brighton,Arsenal,2,4,1.158,3.222
2022/2023,18372,2022-12-31,Bournemouth,Crystal Palace,0,2,0.897,1.7539999999999998
2022/2023,18374,2022-12-31,Fulham,Southampton,2,1,1.494,0.7
2022/2023,18378,2023-01-01,Nottingham Forest,Chelsea,1,1,0.986,1.374
2022/2023,18379,2023-01-01,Tottenham,Aston Villa,0,2,0.57,1.218
2022/2023,18384,2023-01-02,Brentford,Liverpool,3,1,2.1,2.106
2022/2023,18390,2023-01-03,Manchester United,Bournemouth,3,0,2.975,0.68
2022/2023,18389,2023-01-03,Leicester,Fulham,0,1,1.4529999999999998,1.336
2022/2023,18382,2023-01-03,Arsenal,Newcastle United,0,0,0.972,0.961
2022/2023,18387,2023-01-03,Everton,Brighton,1,4,1.17,2.508
2022/2023,18383,2023-01-04,Aston Villa,Wolverhampton Wanderers,1,1,1.033,0.834
2022/2023,18386,2023-01-04,Crystal Palace,Tottenham,0,4,0.789,1.666
2022/2023,18388,2023-01-04,Leeds,West Ham,2,2,1.259,1.293
2022/2023,18391,2023-01-04,Southampton,Nottingham Forest,0,1,0.63,1.224
2022/2023,18385,2023-01-05,Chelsea,Manchester City,0,1,0.495,1.721
2022/2023,18262,2023-01-12,Fulham,Chelsea,2,1,0.712,2.4
2022/2023,18392,2023-01-13,Aston Villa,Leeds,2,1,1.6469999999999998,2.464
2022/2023,18401,2023-01-14,Wolverhampton Wanderers,West Ham,1,0,0.807,0.736
2022/2023,18393,2023-01-14,Brentford,Bournemouth,2,0,1.299,0.27
2022/2023,18394,2023-01-14,Brighton,Liverpool,3,0,2.402,1.2899999999999998
2022/2023,18396,2023-01-14,Everton,Southampton,1,2,1.1829999999999998,1.085
2022/2023,18397,2023-01-14,Manchester United,Manchester City,2,1,1.983,0.738
2022/2023,18399,2023-01-14,Nottingham Forest,Leicester,2,0,1.7539999999999998,0.804
2022/2023,18398,2023-01-15,Newcastle United,Fulham,1,0,1.964,0.991
2022/2023,18400,2023-01-15,Tottenham,Arsenal,0,2,1.711,2.043
2022/2023,18395,2023-01-15,Chelsea,Crystal Palace,1,0,2.131,0.838
2022/2023,18270,2023-01-18,Crystal Palace,Manchester United,1,1,0.414,1.3949999999999998
2022/2023,18267,2023-01-19,Manchester City,Tottenham,4,2,2.343,1.166
2022/2023,18410,2023-01-21,Southampton,Aston Villa,0,1,0.673,1.1649999999999998
2022/2023,18408,2023-01-21,Liverpool,Chelsea,0,0,1.3019999999999998,1.846
2022/2023,18411,2023-01-21,West Ham,Everton,2,0,2.47,0.288
2022/2023,18404,2023-01-21,Crystal Palace,Newcastle United,0,0,0.334,1.4449999999999998
2022/2023,18403,2023-01-21,Bournemouth,Nottingham Forest,1,1,1.806,1.5759999999999998
2022/2023,18407,2023-01-21,Leicester,Brighton,2,2,1.36,1.946
2022/2023,18402,2023-01-22,Arsenal,Manchester United,3,2,2.904,0.273
2022/2023,18406,2023-01-22,Leeds,Brentford,0,0,0.376,0.172
2022/2023,18409,2023-01-22,Manchester City,Wolverhampton Wanderers,3,0,3.329,0.47
2022/2023,18405,2023-01-23,Fulham,Tottenham,0,1,1.094,0.995
2022/2023,18415,2023-02-03,Chelsea,Fulham,0,0,1.416,0.494
2022/2023,18418,2023-02-04,Newcastle United,West Ham,1,1,1.23,1.279
2022/2023,18421,2023-02-04,Wolverhampton Wanderers,Liverpool,3,0,2.634,1.303
2022/2023,18417,2023-02-04,Manchester United,Crystal Palace,2,1,2.071,1.3809999999999998
2022/2023,18414,2023-02-04,Brighton,Bournemouth,1,0,2.558,0.909
2022/2023,18413,2023-02-04,Brentford,Southampton,3,0,2.368,0.645
2022/2023,18412,2023-02-04,Aston Villa,Leicester,2,4,1.5,2.499
2022/2023,18416,2023-02-04,Everton,Arsenal,1,0,2.093,0.691
2022/2023,18419,2023-02-05,Nottingham Forest,Leeds,1,0,0.334,1.124
2022/2023,18420,2023-02-05,Tottenham,Manchester City,1,0,1.4229999999999998,0.775
2022/2023,18279,2023-02-08,Manchester United,Leeds,2,2,2.001,0.556
2022/2023,18422,2023-02-11,Arsenal,Brentford,1,1,1.368,2.176
2022/2023,18423,2023-02-11,Bournemouth,Newcastle United,1,1,1.5459999999999998,1.5499999999999998
2022/2023,18424,2023-02-11,Crystal Palace,Brighton,1,1,0.929,2.651
2022/2023,18425,2023-02-11,Fulham,Nottingham Forest,2,0,1.698,0.6880000000000001
2022/2023,18427,2023-02-11,Leicester,Tottenham,4,1,1.4129999999999998,1.118
2022/2023,18430,2023-02-11,Southampton,Wolverhampton Wanderers,1,2,1.303,0.617
2022/2023,18431,2023-02-11,West Ham,Chelsea,1,1,1.077,0.901
2022/2023,18426,2023-02-12,Leeds,Manchester United,0,2,1.893,1.305
2022/2023,18429,2023-02-12,Manchester City,Aston Villa,3,1,3.611,0.276
2022/2023,18428,2023-02-13,Liverpool,Everton,2,0,2.234,0.403
2022/2023,18312,2023-02-15,Arsenal,Manchester City,1,3,1.702,2.009
2022/2023,18432,2023-02-18,Aston Villa,Arsenal,2,4,0.337,2.861
2022/2023,18433,2023-02-18,Brentford,Crystal Palace,1,1,0.611,1.123
2022/2023,18434,2023-02-18,Brighton,Fulham,0,1,2.715,0.225
2022/2023,18435,2023-02-18,Chelsea,Southampton,0,1,1.618,0.621
2022/2023,18436,2023-02-18,Everton,Leeds,1,0,1.539,0.598
2022/2023,18438,2023-02-18,Newcastle United,Liverpool,0,2,1.75,2.166
2022/2023,18439,2023-02-18,Nottingham Forest,Manchester City,1,1,1.128,2.811
2022/2023,18441,2023-02-18,Wolverhampton Wanderers,Bournemouth,0,1,0.912,1.154
2022/2023,18437,2023-02-19,Manchester United,Leicester,3,0,4.248,1.398
2022/2023,18440,2023-02-19,Tottenham,West Ham,2,0,1.4309999999999998,0.366
2022/2023,18445,2023-02-24,Fulham,Wolverhampton Wanderers,1,1,0.914,0.998
2022/2023,18451,2023-02-25,West Ham,Nottingham Forest,4,0,3.051,0.352
2022/2023,18447,2023-02-25,Leicester,Arsenal,0,1,0.021,0.723
2022/2023,18446,2023-02-25,Leeds,Southampton,1,0,0.721,0.392
2022/2023,18443,2023-02-25,Crystal Palace,Liverpool,0,0,0.99,1.352
2022/2023,18442,2023-02-25,Bournemouth,Manchester City,1,4,1.086,2.983
2022/2023,18444,2023-02-25,Everton,Aston Villa,0,2,1.5419999999999998,2.061
2022/2023,18450,2023-02-26,Tottenham,Chelsea,2,0,0.927,0.263
2022/2023,18264,2023-03-01,Liverpool,Wolverhampton Wanderers,2,0,2.703,0.788
2022/2023,18269,2023-03-01,Arsenal,Everton,4,0,3.07,1.605
2022/2023,18452,2023-03-04,Arsenal,Bournemouth,3,2,2.464,1.744
2022/2023,18453,2023-03-04,Aston Villa,Crystal Palace,1,0,0.892,0.154
2022/2023,18455,2023-03-04,Brighton,West Ham,4,0,3.501,0.251
2022/2023,18456,2023-03-04,Chelsea,Leeds,1,0,1.869,0.635
2022/2023,18458,2023-03-04,Manchester City,Newcastle United,2,0,1.342,0.361
2022/2023,18460,2023-03-04,Southampton,Leicester,1,0,1.344,1.672
2022/2023,18461,2023-03-04,Wolverhampton Wanderers,Tottenham,1,0,0.5630000000000001,1.257
2022/2023,18459,2023-03-05,Nottingham Forest,Everton,2,2,0.801,1.71
2022/2023,18457,2023-03-05,Liverpool,Manchester United,7,0,3.444,0.839
2022/2023,18454,2023-03-06,Brentford,Fulham,3,2,2.445,1.676
2022/2023,18467,2023-03-11,Leicester,Chelsea,1,3,2.362,1.496
2022/2023,18466,2023-03-11,Leeds,Brighton,2,2,0.598,1.515
2022/2023,18470,2023-03-11,Tottenham,Nottingham Forest,3,1,1.736,1.6289999999999998
2022/2023,18463,2023-03-11,Crystal Palace,Manchester City,0,1,0.186,2.189
2022/2023,18464,2023-03-11,Everton,Brentford,1,0,1.717,1.952
2022/2023,18462,2023-03-11,Bournemouth,Liverpool,1,0,1.102,2.136
2022/2023,18465,2023-03-12,Fulham,Arsenal,0,3,0.619,2.645
2022/2023,18468,2023-03-12,Manchester United,Southampton,0,0,0.912,1.182
2022/2023,18469,2023-03-12,Newcastle United,Wolverhampton Wanderers,2,1,2.456,0.711
2022/2023,18471,2023-03-12,West Ham,Aston Villa,1,1,2.147,1.992
2022/2023,18265,2023-03-15,Southampton,Brentford,0,2,0.36,1.6669999999999998
2022/2023,18276,2023-03-15,Brighton,Crystal Palace,1,0,0.59,1.216
2022/2023,18479,2023-03-17,Nottingham Forest,Newcastle United,1,2,0.533,2.501
2022/2023,18473,2023-03-18,Aston Villa,Bournemouth,3,0,3.456,0.501
2022/2023,18474,2023-03-18,Brentford,Leicester,1,1,0.477,1.422
2022/2023,18476,2023-03-18,Chelsea,Everton,2,2,1.901,1.648
2022/2023,18480,2023-03-18,Southampton,Tottenham,3,3,2.522,1.886
2022/2023,18481,2023-03-18,Wolverhampton Wanderers,Leeds,2,4,2.765,1.656
2022/2023,18472,2023-03-19,Arsenal,Crystal Palace,4,1,1.537,1.1929999999999998
2022/2023,18488,2023-04-01,Manchester City,Liverpool,4,1,3.013,0.319
2022/2023,18484,2023-04-01,Brighton,Brentford,3,3,3.821,1.2799999999999998
2022/2023,18490,2023-04-01,Nottingham Forest,Wolverhampton Wanderers,1,1,1.115,0.385
2022/2023,18486,2023-04-01,Crystal Palace,Leicester,2,1,1.936,0.2
2022/2023,18483,2023-04-01,Bournemouth,Fulham,2,1,3.142,0.602
2022/2023,18482,2023-04-01,Arsenal,Leeds,4,1,3.296,0.499
2022/2023,18485,2023-04-01,Chelsea,Aston Villa,0,2,2.381,0.767
2022/2023,18489,2023-04-02,Newcastle United,Manchester United,2,0,3.333,0.335
2022/2023,18491,2023-04-02,West Ham,Southampton,1,0,1.4049999999999998,0.319
2022/2023,18487,2023-04-03,Everton,Tottenham,1,1,0.824,1.3929999999999998
2022/2023,18263,2023-04-04,Leicester,Aston Villa,1,2,0.673,1.003
2022/2023,18266,2023-04-04,Bournemouth,Brighton,0,2,1.154,2.635
2022/2023,18271,2023-04-04,Leeds,Nottingham Forest,2,1,2.433,0.615
2022/2023,18281,2023-04-04,Chelsea,Liverpool,0,0,2.19,0.203
2022/2023,18448,2023-04-05,Manchester United,Brentford,1,0,1.146,0.646
2022/2023,18268,2023-04-05,West Ham,Newcastle United,1,5,0.834,2.842
2022/2023,18500,2023-04-08,Tottenham,Brighton,2,1,0.595,1.476
2022/2023,18494,2023-04-08,Fulham,West Ham,0,1,0.458,1.234
2022/2023,18501,2023-04-08,Wolverhampton Wanderers,Chelsea,1,0,0.602,0.816
2022/2023,18499,2023-04-08,Southampton,Manchester City,1,4,0.494,3.061
2022/2023,18493,2023-04-08,Brentford,Newcastle United,1,2,2.066,1.0239999999999998
2022/2023,18496,2023-04-08,Leicester,Bournemouth,0,1,0.733,1.925
2022/2023,18498,2023-04-08,Manchester United,Everton,2,0,4.3870000000000005,0.95
2022/2023,18492,2023-04-08,Aston Villa,Nottingham Forest,2,0,1.428,0.233
2022/2023,18495,2023-04-09,Leeds,Crystal Palace,1,5,1.0219999999999998,3.228
2022/2023,18497,2023-04-09,Liverpool,Arsenal,2,2,4.641,1.537
2022/2023,18502,2023-04-15,Aston Villa,Newcastle United,3,0,1.919,0.426
2022/2023,18503,2023-04-15,Chelsea,Brighton,1,2,0.464,2.522
2022/2023,18504,2023-04-15,Everton,Fulham,1,3,2.244,1.923
2022/2023,18506,2023-04-15,Manchester City,Leicester,3,1,1.608,1.928
2022/2023,18508,2023-04-15,Southampton,Crystal Palace,0,2,0.679,0.864
2022/2023,18509,2023-04-15,Tottenham,Bournemouth,2,3,2.307,1.207
2022/2023,18511,2023-04-15,Wolverhampton Wanderers,Brentford,2,0,0.94,1.5139999999999998
2022/2023,18507,2023-04-16,Nottingham Forest,Manchester United,0,2,1.0539999999999998,3.338
2022/2023,18510,2023-04-16,West Ham,Arsenal,2,2,1.962,2.719
2022/2023,18505,2023-04-17,Leeds,Liverpool,1,6,1.168,2.656
2022/2023,18512,2023-04-21,Arsenal,Southampton,3,3,2.397,1.432
2022/2023,18514,2023-04-22,Brentford,Aston Villa,1,1,2.033,1.6669999999999998
2022/2023,18516,2023-04-22,Crystal Palace,Everton,0,0,0.369,0.435
2022/2023,18517,2023-04-22,Fulham,Leeds,2,1,1.4389999999999998,1.0759999999999998
2022/2023,18518,2023-04-22,Leicester,Wolverhampton Wanderers,2,1,2.67,0.597
2022/2023,18519,2023-04-22,Liverpool,Nottingham Forest,3,2,3.328,0.726
2022/2023,18513,2023-04-23,Bournemouth,West Ham,0,4,0.976,2.524
2022/2023,18521,2023-04-23,Newcastle United,Tottenham,6,1,3.986,0.884
2022/2023,18523,2023-04-25,Leeds,Leicester,1,1,2.097,2.087
2022/2023,18527,2023-04-25,Wolverhampton Wanderers,Crystal Palace,2,0,1.1289999999999998,0.581
2022/2023,18528,2023-04-25,Aston Villa,Fulham,1,0,0.84,0.081
2022/2023,18524,2023-04-26,Nottingham Forest,Brighton,3,1,2.439,2.332
2022/2023,18526,2023-04-26,West Ham,Liverpool,1,2,0.94,1.7049999999999998
2022/2023,18529,2023-04-26,Chelsea,Brentford,0,2,1.212,0.696
2022/2023,18531,2023-04-26,Manchester City,Arsenal,4,1,2.013,0.399
2022/2023,18530,2023-04-27,Southampton,Bournemouth,0,1,0.478,0.99
2022/2023,18525,2023-04-27,Tottenham,Manchester United,2,2,2.373,1.966
2022/2023,18522,2023-04-27,Everton,Newcastle United,1,4,0.778,2.865
2022/2023,18534,2023-04-29,Brentford,Nottingham Forest,2,1,1.3219999999999998,0.941
2022/2023,18535,2023-04-29,Brighton,Wolverhampton Wanderers,6,0,3.606,0.605
2022/2023,18536,2023-04-29,Crystal Palace,West Ham,4,3,2.32,1.984
2022/2023,18533,2023-04-30,Bournemouth,Leeds,4,1,2.518,1.338
2022/2023,18537,2023-04-30,Fulham,Manchester City,1,2,0.433,2.324
2022/2023,18539,2023-04-30,Liverpool,Tottenham,4,3,2.43,1.45
2022/2023,18540,2023-04-30,Manchester United,Aston Villa,1,0,1.307,0.436
2022/2023,18541,2023-04-30,Newcastle United,Southampton,3,1,3.916,0.898
2022/2023,18538,2023-05-01,Leicester,Everton,2,2,3.326,3.287
2022/2023,18532,2023-05-02,Arsenal,Chelsea,3,1,2.784,0.786
2022/2023,18477,2023-05-03,Liverpool,Fulham,1,0,1.6749999999999998,0.741
2022/2023,18478,2023-05-03,Manchester City,West Ham,3,0,3.0,0.493
2022/2023,18475,2023-05-04,Brighton,Manchester United,1,0,2.101,1.3219999999999998
2022/2023,18551,2023-05-06,Wolverhampton Wanderers,Aston Villa,1,0,0.807,1.503
2022/2023,18549,2023-05-06,Tottenham,Crystal Palace,1,0,1.158,0.308
2022/2023,18546,2023-05-06,Manchester City,Leeds,2,1,2.836,0.142
2022/2023,18545,2023-05-06,Liverpool,Brentford,1,0,1.993,0.185
2022/2023,18542,2023-05-06,Bournemouth,Chelsea,1,3,1.219,1.7699999999999998
2022/2023,18547,2023-05-07,Newcastle United,Arsenal,0,2,1.373,1.2919999999999998
2022/2023,18550,2023-05-07,West Ham,Manchester United,1,0,1.767,1.1949999999999998
2022/2023,18543,2023-05-08,Brighton,Everton,1,5,3.238,2.943
2022/2023,18544,2023-05-08,Fulham,Leicester,5,3,1.7539999999999998,2.927
2022/2023,18548,2023-05-08,Nottingham Forest,Southampton,4,3,1.914,3.312
2022/2023,18561,2023-05-13,Southampton,Fulham,0,2,0.151,1.2719999999999998
2022/2023,18560,2023-05-13,Manchester United,Wolverhampton Wanderers,2,0,3.102,0.27
2022/2023,18558,2023-05-13,Leeds,Newcastle United,2,2,2.017,2.352
2022/2023,18555,2023-05-13,Chelsea,Nottingham Forest,2,2,1.0,1.969
2022/2023,18553,2023-05-13,Aston Villa,Tottenham,2,1,1.801,1.186
2022/2023,18556,2023-05-13,Crystal Palace,Bournemouth,2,0,1.4029999999999998,0.263
2022/2023,18557,2023-05-14,Everton,Manchester City,0,3,1.1869999999999998,1.0439999999999998
2022/2023,18552,2023-05-14,Arsenal,Brighton,0,3,0.96,2.214
2022/2023,18554,2023-05-14,Brentford,West Ham,2,0,4.4270000000000005,0.204
2022/2023,18559,2023-05-15,Leicester,Liverpool,0,3,0.528,1.7719999999999998
2022/2023,18449,2023-05-18,Newcastle United,Brighton,4,1,4.115,0.594
2022/2023,18562,2023-05-20,Bournemouth,Manchester United,0,1,0.817,1.719
2022/2023,18564,2023-05-20,Fulham,Crystal Palace,2,2,1.956,1.709
2022/2023,18565,2023-05-20,Liverpool,Aston Villa,1,1,0.92,1.47
2022/2023,18568,2023-05-20,Nottingham Forest,Arsenal,1,0,1.1409999999999998,0.491
2022/2023,18569,2023-05-20,Tottenham,Brentford,1,3,1.618,1.154
2022/2023,18571,2023-05-20,Wolverhampton Wanderers,Everton,1,1,1.291,2.471
2022/2023,18566,2023-05-21,Manchester City,Chelsea,1,0,1.207,1.1569999999999998
2022/2023,18570,2023-05-21,West Ham,Leeds,3,1,2.481,0.647
2022/2023,18563,2023-05-21,Brighton,Southampton,3,1,2.415,0.865
2022/2023,18567,2023-05-22,Newcastle United,Leicester,0,0,2.052,0.085
2022/2023,18515,2023-05-24,Brighton,Manchester City,1,1,2.116,1.931
2022/2023,18520,2023-05-25,Manchester United,Chelsea,4,1,4.923,1.6849999999999998
2022/2023,18578,2023-05-28,Leeds,Tottenham,1,4,1.1929999999999998,2.034
2022/2023,18581,2023-05-28,Southampton,Liverpool,4,4,1.341,4.004
2022/2023,18580,2023-05-28,Manchester United,Fulham,2,1,2.749,1.883
2022/2023,18579,2023-05-28,Leicester,West Ham,2,1,2.031,0.971
2022/2023,18577,2023-05-28,Everton,Bournemouth,1,0,1.13,0.433
2022/2023,18575,2023-05-28,Chelsea,Newcastle United,1,1,2.02,1.5199999999999998
2022/2023,18574,2023-05-28,Brentford,Manchester City,1,0,1.44,1.1869999999999998
2022/2023,18573,2023-05-28,Aston Villa,Brighton,2,1,2.559,1.232
2022/2023,18572,2023-05-28,Arsenal,Wolverhampton Wanderers,5,0,3.026,0.389
2022/2023,18576,2023-05-28,Crystal Palace,Nottingham Forest,1,1,1.009,0.437
2023/2024,22275,2023-08-11,Burnley,Manchester City,0,3,0.312,2.402
2023/2024,22276,2023-08-12,Arsenal,Nottingham Forest,2,1,0.844,0.967
2023/2024,22277,2023-08-12,Bournemouth,West Ham,1,1,1.511,1.484
2023/2024,22278,2023-08-12,Brighton,Luton,4,1,4.368,1.887
2023/2024,22279,2023-08-12,Everton,Fulham,0,1,2.591,1.582
2023/2024,22280,2023-08-12,Sheffield United,Crystal Palace,0,1,0.424,2.277
2023/2024,22281,2023-08-12,Newcastle United,Aston Villa,5,1,4.323,1.487
2023/2024,22283,2023-08-13,Chelsea,Liverpool,1,1,1.934,1.301
2023/2024,22282,2023-08-13,Brentford,Tottenham,2,2,1.909,1.454
2023/2024,22284,2023-08-14,Manchester United,Wolverhampton Wanderers,1,0,1.972,1.723
2023/2024,22285,2023-08-18,Nottingham Forest,Sheffield United,2,1,1.373,0.552
2023/2024,22288,2023-08-19,Liverpool,Bournemouth,3,1,3.255,1.388
2023/2024,22290,2023-08-19,Tottenham,Manchester United,2,0,2.54,2.447
2023/2024,22286,2023-08-19,Wolverhampton Wanderers,Brighton,1,4,2.689,3.157
2023/2024,22287,2023-08-19,Fulham,Brentford,0,3,0.401,3.47
2023/2024,22291,2023-08-19,Manchester City,Newcastle United,1,0,1.226,0.258
2023/2024,22292,2023-08-20,Aston Villa,Everton,4,0,3.244,0.722
2023/2024,22293,2023-08-20,West Ham,Chelsea,3,1,1.713,1.61
2023/2024,22294,2023-08-21,Crystal Palace,Arsenal,0,1,1.0699999999999998,2.207
2023/2024,22295,2023-08-25,Chelsea,Luton,3,0,3.415,0.467
2023/2024,22296,2023-08-26,Bournemouth,Tottenham,0,2,0.485,2.262
2023/2024,22297,2023-08-26,Arsenal,Fulham,2,2,3.232,0.851
2023/2024,22298,2023-08-26,Brentford,Crystal Palace,1,1,0.949,1.0619999999999998
2023/2024,22299,2023-08-26,Everton,Wolverhampton Wanderers,0,1,1.899,1.4029999999999998
2023/2024,22300,2023-08-26,Manchester United,Nottingham Forest,3,2,3.029,0.961
2023/2024,22301,2023-08-26,Brighton,West Ham,1,3,1.375,2.954
2023/2024,22302,2023-08-27,Burnley,Aston Villa,1,3,0.632,2.838
2023/2024,22303,2023-08-27,Sheffield United,Manchester City,1,2,0.763,3.849
2023/2024,22304,2023-08-27,Newcastle United,Liverpool,1,2,1.621,0.857
2023/2024,21925,2023-09-01,Luton,West Ham,1,2,2.023,1.226
2023/2024,21930,2023-09-02,Chelsea,Nottingham Forest,0,1,2.285,1.152
2023/2024,21929,2023-09-02,Burnley,Tottenham,2,5,1.6669999999999998,2.399
2023/2024,21931,2023-09-02,Brighton,Newcastle United,3,1,1.3239999999999998,0.906
2023/2024,21927,2023-09-02,Manchester City,Fulham,5,1,2.003,1.465
2023/2024,21926,2023-09-02,Sheffield United,Everton,2,2,1.5759999999999998,2.74
2023/2024,21928,2023-09-02,Brentford,Bournemouth,2,2,3.073,2.111
2023/2024,21932,2023-09-03,Crystal Palace,Wolverhampton Wanderers,3,2,2.33,1.14
2023/2024,21933,2023-09-03,Liverpool,Aston Villa,3,0,2.732,0.617
2023/2024,21934,2023-09-03,Arsenal,Manchester United,3,1,1.911,0.967
2023/2024,21943,2023-09-16,Newcastle United,Brentford,1,0,1.5019999999999998,0.635
2023/2024,21940,2023-09-16,Manchester United,Brighton,1,3,0.721,1.94
2023/2024,21939,2023-09-16,Fulham,Luton,1,0,1.7579999999999998,1.458
2023/2024,21937,2023-09-16,West Ham,Manchester City,1,3,0.897,4.151000000000001
2023/2024,21936,2023-09-16,Tottenham,Sheffield United,2,1,2.16,0.792
2023/2024,21935,2023-09-16,Wolverhampton Wanderers,Liverpool,1,3,0.54,2.828
2023/2024,21938,2023-09-16,Aston Villa,Crystal Palace,3,1,2.316,1.118
2023/2024,21941,2023-09-17,Everton,Arsenal,0,1,0.284,0.804
2023/2024,21942,2023-09-17,Bournemouth,Chelsea,0,0,1.3259999999999998,1.398
2023/2024,21944,2023-09-18,Nottingham Forest,Burnley,1,1,0.707,0.809
2023/2024,21949,2023-09-23,Brentford,Everton,1,3,1.575,2.516
2023/2024,21948,2023-09-23,Crystal Palace,Fulham,0,0,0.373,0.544
2023/2024,21950,2023-09-23,Burnley,Manchester United,0,1,0.936,0.841
2023/2024,21945,2023-09-23,Luton,Wolverhampton Wanderers,1,1,2.242,0.764
2023/2024,21946,2023-09-23,Manchester City,Nottingham Forest,2,0,1.341,0.73
2023/2024,21947,2023-09-24,Chelsea,Aston Villa,0,1,1.198,1.136
2023/2024,21951,2023-09-24,Brighton,Bournemouth,3,1,2.146,1.591
2023/2024,21952,2023-09-24,Arsenal,Tottenham,2,2,2.344,2.213
2023/2024,21953,2023-09-24,Liverpool,West Ham,3,1,4.144,1.5399999999999998
2023/2024,21954,2023-09-24,Sheffield United,Newcastle United,0,8,0.58,5.109
2023/2024,21962,2023-09-30,Tottenham,Liverpool,2,1,2.189,1.124
2023/2024,21961,2023-09-30,Wolverhampton Wanderers,Manchester City,2,1,0.675,0.982
2023/2024,21960,2023-09-30,West Ham,Sheffield United,2,0,3.199,0.913
2023/2024,21959,2023-09-30,Bournemouth,Arsenal,0,4,0.645,4.075
2023/2024,21956,2023-09-30,Everton,Luton,1,2,3.655,1.511
2023/2024,21957,2023-09-30,Manchester United,Crystal Palace,0,1,1.555,1.1909999999999998
2023/2024,21955,2023-09-30,Aston Villa,Brighton,6,1,1.908,1.729
2023/2024,21958,2023-09-30,Newcastle United,Burnley,2,0,3.086,0.803
2023/2024,21963,2023-10-01,Nottingham Forest,Brentford,1,1,0.801,1.7599999999999998
2023/2024,21964,2023-10-02,Fulham,Chelsea,0,2,0.89,1.986
2023/2024,22289,2023-10-03,Luton,Burnley,1,2,1.5319999999999998,0.921
2023/2024,21967,2023-10-07,Burnley,Chelsea,1,4,0.958,1.977
2023/2024,21968,2023-10-07,Crystal Palace,Nottingham Forest,0,0,0.983,1.222
2023/2024,21969,2023-10-07,Everton,Bournemouth,3,0,3.166,0.983
2023/2024,21970,2023-10-07,Fulham,Sheffield United,3,1,2.267,0.253
2023/2024,21971,2023-10-07,Luton,Tottenham,0,1,0.849,2.38
2023/2024,21972,2023-10-07,Manchester United,Brentford,2,1,1.295,1.0259999999999998
2023/2024,21974,2023-10-08,Wolverhampton Wanderers,Aston Villa,1,1,1.763,1.817
2023/2024,21973,2023-10-08,West Ham,Newcastle United,2,2,0.932,1.98
2023/2024,21965,2023-10-08,Arsenal,Manchester City,1,0,0.388,0.859
2023/2024,21966,2023-10-08,Brighton,Liverpool,2,2,2.233,2.511
2023/2024,21982,2023-10-21,Nottingham Forest,Luton,2,2,3.276,1.497
2023/2024,21975,2023-10-21,Bournemouth,Wolverhampton Wanderers,1,2,1.019,2.306
2023/2024,21977,2023-10-21,Brentford,Burnley,3,0,3.158,0.694
2023/2024,21978,2023-10-21,Chelsea,Arsenal,2,2,1.719,1.059
2023/2024,21979,2023-10-21,Liverpool,Everton,2,0,2.287,0.095
2023/2024,21980,2023-10-21,Manchester City,Brighton,2,1,0.964,0.965
2023/2024,21981,2023-10-21,Newcastle United,Crystal Palace,4,0,3.734,1.089
2023/2024,21983,2023-10-21,Sheffield United,Manchester United,1,2,1.412,1.463
2023/2024,21976,2023-10-22,Aston Villa,West Ham,4,1,2.342,0.661
2023/2024,21984,2023-10-23,Tottenham,Fulham,2,0,1.636,0.747
2023/2024,21990,2023-10-27,Crystal Palace,Tottenham,1,2,0.5630000000000001,0.99
2023/2024,21985,2023-10-28,Bournemouth,Burnley,2,1,1.102,0.904
2023/2024,21986,2023-10-28,Arsenal,Sheffield United,5,0,3.036,0.029
2023/2024,21989,2023-10-28,Chelsea,Brentford,0,2,1.719,2.482
2023/2024,21994,2023-10-28,Wolverhampton Wanderers,Newcastle United,2,2,0.864,2.321
2023/2024,21987,2023-10-29,Aston Villa,Luton,3,1,3.078,0.454
2023/2024,21988,2023-10-29,Brighton,Fulham,1,1,1.321,0.554
2023/2024,21991,2023-10-29,Liverpool,Nottingham Forest,3,0,2.705,0.643
2023/2024,21992,2023-10-29,Manchester United,Manchester City,0,3,0.716,4.547000000000001
2023/2024,21993,2023-10-29,West Ham,Everton,0,1,0.62,0.735
2023/2024,22003,2023-11-04,Sheffield United,Wolverhampton Wanderers,2,1,1.103,1.1489999999999998
2023/2024,22000,2023-11-04,Manchester City,Bournemouth,6,1,2.4,0.644
2023/2024,21998,2023-11-04,Fulham,Manchester United,0,1,1.1829999999999998,0.698
2023/2024,22001,2023-11-04,Newcastle United,Arsenal,1,0,1.125,0.536
2023/2024,21996,2023-11-04,Burnley,Crystal Palace,0,2,1.501,1.438
2023/2024,21995,2023-11-04,Brentford,West Ham,3,2,1.83,1.7559999999999998
2023/2024,21997,2023-11-04,Everton,Brighton,1,1,0.619,0.443
2023/2024,21999,2023-11-05,Luton,Liverpool,1,1,1.342,3.04
2023/2024,22002,2023-11-05,Nottingham Forest,Aston Villa,2,0,0.593,1.332
2023/2024,22004,2023-11-06,Tottenham,Chelsea,1,4,0.96,4.0600000000000005
2023/2024,22014,2023-11-11,Wolverhampton Wanderers,Tottenham,2,1,1.91,0.433
2023/2024,22010,2023-11-11,Crystal Palace,Everton,2,3,1.893,1.791
2023/2024,22012,2023-11-11,Manchester United,Luton,1,0,2.742,0.409
2023/2024,22005,2023-11-11,Bournemouth,Newcastle United,2,0,2.785,0.307
2023/2024,22006,2023-11-11,Arsenal,Burnley,3,1,2.633,0.329
2023/2024,22007,2023-11-12,Aston Villa,Fulham,3,1,2.861,0.65
2023/2024,22008,2023-11-12,Brighton,Sheffield United,1,1,1.087,0.845
2023/2024,22009,2023-11-12,Chelsea,Manchester City,4,4,3.473,3.194
2023/2024,22011,2023-11-12,Liverpool,Brentford,3,0,1.561,1.4509999999999998
2023/2024,22013,2023-11-12,West Ham,Nottingham Forest,3,2,2.065,1.422
2023/2024,22022,2023-11-25,Nottingham Forest,Brighton,2,3,2.228,1.219
2023/2024,22023,2023-11-25,Sheffield United,Bournemouth,1,3,0.817,3.141
2023/2024,22021,2023-11-25,Newcastle United,Chelsea,4,1,2.153,0.969
2023/2024,22019,2023-11-25,Luton,Crystal Palace,2,1,0.997,1.836
2023/2024,22020,2023-11-25,Manchester City,Liverpool,1,1,1.797,0.767
2023/2024,22016,2023-11-25,Burnley,West Ham,1,2,1.4429999999999998,1.371
2023/2024,22015,2023-11-25,Brentford,Arsenal,0,1,1.664,1.828
2023/2024,22017,2023-11-26,Everton,Manchester United,0,3,2.499,2.074
2023/2024,22024,2023-11-26,Tottenham,Aston Villa,1,2,2.226,2.399
2023/2024,22018,2023-11-27,Fulham,Wolverhampton Wanderers,3,2,2.492,1.5799999999999998
2023/2024,22033,2023-12-02,Nottingham Forest,Everton,0,1,0.674,0.625
2023/2024,22032,2023-12-02,Newcastle United,Manchester United,1,0,2.903,0.424
2023/2024,22028,2023-12-02,Burnley,Sheffield United,5,0,2.606,0.619
2023/2024,22027,2023-12-02,Brentford,Luton,3,1,3.261,0.228
2023/2024,22026,2023-12-02,Arsenal,Wolverhampton Wanderers,2,1,3.305,1.0799999999999998
2023/2024,22025,2023-12-03,Bournemouth,Aston Villa,2,2,2.55,0.896
2023/2024,22029,2023-12-03,Chelsea,Brighton,3,2,1.664,0.856
2023/2024,22031,2023-12-03,Manchester City,Tottenham,3,3,2.908,0.434
2023/2024,22034,2023-12-03,West Ham,Crystal Palace,1,1,1.148,0.989
2023/2024,22030,2023-12-03,Liverpool,Fulham,4,3,2.729,1.511
2023/2024,22042,2023-12-05,Wolverhampton Wanderers,Burnley,1,0,1.12,0.783
2023/2024,22039,2023-12-05,Luton,Arsenal,3,4,0.527,2.589
2023/2024,22035,2023-12-06,Aston Villa,Manchester City,1,0,2.193,1.003
2023/2024,22036,2023-12-06,Brighton,Brentford,2,1,1.5419999999999998,1.221
2023/2024,22038,2023-12-06,Fulham,Nottingham Forest,5,0,3.095,0.22
2023/2024,22040,2023-12-06,Sheffield United,Liverpool,0,2,0.835,1.802
2023/2024,22043,2023-12-06,Crystal Palace,Bournemouth,0,2,1.265,1.801
2023/2024,22044,2023-12-06,Manchester United,Chelsea,2,1,4.04,2.352
2023/2024,22037,2023-12-07,Everton,Newcastle United,3,0,2.955,1.297
2023/2024,22041,2023-12-07,Tottenham,West Ham,1,2,1.614,1.742
2023/2024,22052,2023-12-09,Sheffield United,Brentford,1,0,0.843,0.646
2023/2024,22051,2023-12-09,Manchester United,Bournemouth,0,3,1.114,1.975
2023/2024,22054,2023-12-09,Wolverhampton Wanderers,Nottingham Forest,1,1,1.023,1.219
2023/2024,22046,2023-12-09,Brighton,Burnley,1,1,2.963,1.053
2023/2024,22045,2023-12-09,Aston Villa,Arsenal,1,0,0.629,1.718
2023/2024,22047,2023-12-09,Crystal Palace,Liverpool,1,2,1.793,1.372
2023/2024,22050,2023-12-10,Luton,Manchester City,1,2,0.69,2.235
2023/2024,22053,2023-12-10,Tottenham,Newcastle United,4,1,4.402,1.615
2023/2024,22048,2023-12-10,Everton,Chelsea,2,0,1.115,0.887
2023/2024,22049,2023-12-10,Fulham,West Ham,5,0,2.189,0.984
2023/2024,22063,2023-12-15,Nottingham Forest,Tottenham,0,2,1.707,1.608
2023/2024,22058,2023-12-16,Burnley,Everton,0,2,0.812,2.224
2023/2024,22059,2023-12-16,Chelsea,Sheffield United,2,0,3.274,0.441
2023/2024,22061,2023-12-16,Manchester City,Crystal Palace,2,2,2.417,1.6509999999999998
2023/2024,22062,2023-12-16,Newcastle United,Fulham,3,0,4.28,0.472
2023/2024,22056,2023-12-17,Arsenal,Brighton,2,0,2.771,0.664
2023/2024,22057,2023-12-17,Brentford,Aston Villa,1,2,0.798,1.467
2023/2024,22060,2023-12-17,Liverpool,Manchester United,0,0,1.972,0.634
2023/2024,22064,2023-12-17,West Ham,Wolverhampton Wanderers,3,0,1.039,0.557
2023/2024,22066,2023-12-21,Crystal Palace,Brighton,1,1,1.6549999999999998,1.338
2023/2024,22065,2023-12-22,Aston Villa,Sheffield United,1,1,1.22,0.647
2023/2024,22071,2023-12-23,Tottenham,Everton,2,1,1.5759999999999998,1.985
2023/2024,22070,2023-12-23,Nottingham Forest,Bournemouth,2,3,0.793,1.892
2023/2024,22072,2023-12-23,West Ham,Manchester United,2,0,1.5159999999999998,0.731
2023/2024,22068,2023-12-23,Liverpool,Arsenal,1,1,0.984,0.853
2023/2024,22067,2023-12-23,Fulham,Burnley,0,2,1.382,0.418
2023/2024,22069,2023-12-23,Luton,Newcastle United,1,0,1.819,1.416
2023/2024,22073,2023-12-24,Wolverhampton Wanderers,Chelsea,2,1,1.747,1.755
2023/2024,22075,2023-12-26,Bournemouth,Fulham,3,0,2.08,0.325
2023/2024,22079,2023-12-26,Burnley,Liverpool,0,2,0.973,1.686
2023/2024,22082,2023-12-26,Manchester United,Aston Villa,3,2,1.202,1.837
2023/2024,22083,2023-12-26,Newcastle United,Nottingham Forest,1,3,2.792,3.108
2023/2024,22084,2023-12-26,Sheffield United,Luton,2,3,3.619,0.717
2023/2024,22081,2023-12-27,Everton,Manchester City,1,3,1.236,2.284
2023/2024,22080,2023-12-27,Chelsea,Crystal Palace,2,1,2.731,0.959
2023/2024,22077,2023-12-27,Brentford,Wolverhampton Wanderers,1,4,2.594,1.896
2023/2024,22076,2023-12-28,Arsenal,West Ham,0,2,2.789,1.598
2023/2024,22078,2023-12-28,Brighton,Tottenham,4,2,3.848,2.071
2023/2024,22094,2023-12-30,Wolverhampton Wanderers,Everton,3,0,2.646,0.521
2023/2024,22085,2023-12-30,Aston Villa,Burnley,3,2,2.927,1.12
2023/2024,22086,2023-12-30,Crystal Palace,Brentford,3,1,1.612,1.2879999999999998
2023/2024,22089,2023-12-30,Luton,Chelsea,2,3,2.642,1.5759999999999998
2023/2024,22090,2023-12-30,Manchester City,Sheffield United,2,0,2.243,0.264
2023/2024,22091,2023-12-30,Nottingham Forest,Manchester United,2,1,0.745,0.653
2023/2024,22092,2023-12-31,Tottenham,Bournemouth,3,1,2.151,1.583
2023/2024,22087,2023-12-31,Fulham,Arsenal,2,1,1.529,1.66
2023/2024,22088,2024-01-01,Liverpool,Newcastle United,4,2,6.673,0.912
2023/2024,22093,2024-01-02,West Ham,Brighton,0,0,0.984,2.156
2023/2024,22096,2024-01-12,Burnley,Luton,1,1,1.521,0.966
2023/2024,22097,2024-01-13,Chelsea,Fulham,1,0,2.047,0.699
2023/2024,22100,2024-01-13,Newcastle United,Manchester City,2,3,1.237,2.556
2023/2024,22098,2024-01-14,Everton,Aston Villa,0,0,1.0379999999999998,1.344
2023/2024,22099,2024-01-14,Manchester United,Tottenham,2,2,0.924,1.313
2023/2024,22104,2024-01-20,Brentford,Nottingham Forest,3,2,1.943,1.224
2023/2024,22103,2024-01-20,Arsenal,Crystal Palace,5,0,3.523,0.289
2023/2024,22101,2024-01-21,Sheffield United,West Ham,2,2,2.615,2.425
2023/2024,22102,2024-01-21,Bournemouth,Liverpool,0,4,0.836,1.5339999999999998
2023/2024,22095,2024-01-22,Brighton,Wolverhampton Wanderers,0,0,1.371,1.142
2023/2024,22112,2024-01-30,Crystal Palace,Sheffield United,3,2,1.1609999999999998,0.769
2023/2024,22105,2024-01-30,Aston Villa,Newcastle United,1,3,1.446,3.323
2023/2024,22106,2024-01-30,Fulham,Everton,0,0,2.376,2.834
2023/2024,22107,2024-01-30,Luton,Brighton,4,0,3.634,1.015
2023/2024,22108,2024-01-30,Nottingham Forest,Arsenal,1,2,0.633,1.392
2023/2024,22114,2024-01-31,Manchester City,Burnley,3,1,1.849,1.492
2023/2024,22109,2024-01-31,Tottenham,Brentford,3,2,3.363,1.597
2023/2024,22113,2024-01-31,Liverpool,Chelsea,4,1,3.664,0.479
2023/2024,22110,2024-02-01,West Ham,Bournemouth,1,1,1.3139999999999998,1.136
2023/2024,22111,2024-02-01,Wolverhampton Wanderers,Manchester United,3,4,2.277,3.228
2023/2024,22118,2024-02-03,Brighton,Crystal Palace,4,1,1.927,0.242
2023/2024,22119,2024-02-03,Burnley,Fulham,2,2,1.005,1.289
2023/2024,22121,2024-02-03,Everton,Tottenham,2,2,3.26,0.923
2023/2024,22123,2024-02-03,Newcastle United,Luton,4,4,2.375,2.676
2023/2024,22124,2024-02-03,Sheffield United,Aston Villa,0,5,1.529,2.991
2023/2024,22115,2024-02-04,Bournemouth,Nottingham Forest,1,1,1.1909999999999998,0.458
2023/2024,22116,2024-02-04,Arsenal,Liverpool,3,1,2.854,0.543
2023/2024,22120,2024-02-04,Chelsea,Wolverhampton Wanderers,2,4,2.361,2.491
2023/2024,22122,2024-02-04,Manchester United,West Ham,3,0,0.968,1.182
2023/2024,22117,2024-02-05,Brentford,Manchester City,1,3,0.867,2.109
2023/2024,22132,2024-02-10,Tottenham,Brighton,2,1,2.11,1.494
2023/2024,22134,2024-02-10,Wolverhampton Wanderers,Brentford,0,2,1.059,1.85
2023/2024,22131,2024-02-10,Nottingham Forest,Newcastle United,2,3,0.969,0.512
2023/2024,22127,2024-02-10,Fulham,Bournemouth,3,1,1.747,2.607
2023/2024,22129,2024-02-10,Luton,Sheffield United,1,3,1.763,1.984
2023/2024,22130,2024-02-10,Manchester City,Everton,2,0,1.591,0.193
2023/2024,22128,2024-02-10,Liverpool,Burnley,3,1,3.148,1.112
2023/2024,22125,2024-02-11,Aston Villa,Manchester United,1,2,2.648,2.447
2023/2024,22133,2024-02-11,West Ham,Arsenal,0,6,0.192,4.0
2023/2024,22126,2024-02-12,Crystal Palace,Chelsea,1,3,0.721,1.2699999999999998
2023/2024,22135,2024-02-17,Brentford,Liverpool,1,4,1.696,3.091
2023/2024,22136,2024-02-17,Burnley,Arsenal,0,5,0.336,2.207
2023/2024,22138,2024-02-17,Fulham,Aston Villa,1,2,1.4189999999999998,1.5739999999999998
2023/2024,22140,2024-02-17,Manchester City,Chelsea,1,1,2.778,1.83
2023/2024,22141,2024-02-17,Newcastle United,Bournemouth,2,2,2.385,2.082
2023/2024,22142,2024-02-17,Nottingham Forest,West Ham,2,0,2.67,0.521
2023/2024,22144,2024-02-17,Tottenham,Wolverhampton Wanderers,1,2,1.599,1.777
2023/2024,22139,2024-02-18,Luton,Manchester United,1,2,1.573,3.591
2023/2024,22143,2024-02-18,Sheffield United,Brighton,0,5,0.587,3.356
2023/2024,22137,2024-02-19,Everton,Crystal Palace,1,1,2.447,0.736
2023/2024,22074,2024-02-20,Manchester City,Brentford,1,0,2.539,0.505
2023/2024,22151,2024-02-21,Liverpool,Luton,4,1,3.704,0.958
2023/2024,22145,2024-02-24,Bournemouth,Manchester City,0,1,0.927,1.797
2023/2024,22146,2024-02-24,Arsenal,Newcastle United,4,1,2.594,0.218
2023/2024,22147,2024-02-24,Aston Villa,Nottingham Forest,4,2,3.49,2.257
2023/2024,22148,2024-02-24,Brighton,Everton,1,1,1.6549999999999998,0.288
2023/2024,22150,2024-02-24,Crystal Palace,Burnley,3,0,2.417,0.077
2023/2024,22152,2024-02-24,Manchester United,Fulham,1,2,1.961,1.14
2023/2024,22154,2024-02-25,Wolverhampton Wanderers,Sheffield United,1,0,1.217,0.655
2023/2024,22153,2024-02-26,West Ham,Brentford,4,2,2.07,1.338
2023/2024,22155,2024-03-02,Brentford,Chelsea,2,2,2.474,2.153
2023/2024,22157,2024-03-02,Everton,West Ham,1,3,3.122,2.18
2023/2024,22158,2024-03-02,Fulham,Brighton,3,0,1.3769999999999998,1.1529999999999998
2023/2024,22159,2024-03-02,Luton,Aston Villa,2,3,2.434,2.087
2023/2024,22161,2024-03-02,Newcastle United,Wolverhampton Wanderers,3,0,3.336,0.509
2023/2024,22162,2024-03-02,Nottingham Forest,Liverpool,0,1,0.972,1.3239999999999998
2023/2024,22164,2024-03-02,Tottenham,Crystal Palace,3,1,2.664,0.279
2023/2024,22160,2024-03-03,Manchester City,Manchester United,3,1,2.643,0.155
2023/2024,22156,2024-03-03,Burnley,Bournemouth,0,2,1.606,1.4369999999999998
2023/2024,22163,2024-03-04,Sheffield United,Arsenal,0,6,0.202,2.474
2023/2024,22165,2024-03-09,Bournemouth,Sheffield United,2,2,3.928,1.919
2023/2024,22166,2024-03-09,Arsenal,Brentford,2,1,1.595,0.734
2023/2024,22170,2024-03-09,Crystal Palace,Luton,1,1,3.252,1.086
2023/2024,22172,2024-03-09,Manchester United,Everton,2,0,2.903,1.822
2023/2024,22174,2024-03-09,Wolverhampton Wanderers,Fulham,2,1,1.297,2.943
2023/2024,22167,2024-03-10,Aston Villa,Tottenham,0,4,1.234,2.255
2023/2024,22168,2024-03-10,Brighton,Nottingham Forest,1,0,0.536,0.6880000000000001
2023/2024,22171,2024-03-10,Liverpool,Manchester City,1,1,2.256,1.374
2023/2024,22173,2024-03-10,West Ham,Burnley,2,2,1.875,0.882
2023/2024,22169,2024-03-11,Chelsea,Newcastle United,3,2,1.7839999999999998,0.569
2023/2024,25861,2024-03-13,Bournemouth,Luton,4,3,2.845,2.795
2023/2024,22177,2024-03-16,Burnley,Brentford,2,1,2.699,1.2519999999999998
2023/2024,22180,2024-03-16,Fulham,Tottenham,3,0,2.473,2.147
2023/2024,22181,2024-03-16,Luton,Nottingham Forest,1,1,0.855,1.954
2023/2024,22183,2024-03-17,West Ham,Aston Villa,1,1,1.329,0.912
2023/2024,22185,2024-03-30,Bournemouth,Everton,2,1,1.394,0.935
2023/2024,22186,2024-03-30,Aston Villa,Wolverhampton Wanderers,2,0,1.2839999999999998,1.6629999999999998
2023/2024,22187,2024-03-30,Brentford,Manchester United,1,1,3.166,0.991
2023/2024,22188,2024-03-30,Chelsea,Burnley,2,2,4.4670000000000005,2.105
2023/2024,22191,2024-03-30,Newcastle United,West Ham,4,3,3.81,0.996
2023/2024,22192,2024-03-30,Nottingham Forest,Crystal Palace,1,1,0.786,0.902
2023/2024,22193,2024-03-30,Sheffield United,Fulham,3,3,1.789,1.104
2023/2024,22194,2024-03-30,Tottenham,Luton,2,1,2.466,0.403
2023/2024,22189,2024-03-31,Liverpool,Brighton,2,1,3.212,0.44
2023/2024,22190,2024-03-31,Manchester City,Arsenal,0,0,1.221,0.512
2023/2024,22195,2024-04-02,Bournemouth,Crystal Palace,1,0,1.311,0.175
2023/2024,22197,2024-04-02,Burnley,Wolverhampton Wanderers,1,1,1.1269999999999998,1.011
2023/2024,22198,2024-04-02,Nottingham Forest,Fulham,3,1,1.947,1.0439999999999998
2023/2024,22199,2024-04-02,West Ham,Tottenham,1,1,1.471,1.3949999999999998
2023/2024,22202,2024-04-02,Newcastle United,Everton,1,1,2.651,1.6989999999999998
2023/2024,22204,2024-04-03,Manchester City,Aston Villa,4,1,3.878,1.1869999999999998
2023/2024,22196,2024-04-03,Arsenal,Luton,2,0,1.1449999999999998,0.293
2023/2024,22200,2024-04-03,Brentford,Brighton,0,0,0.424,1.225
2023/2024,22201,2024-04-04,Chelsea,Manchester United,4,3,3.481,1.5679999999999998
2023/2024,22203,2024-04-04,Liverpool,Sheffield United,3,1,2.519,0.722
2023/2024,22205,2024-04-06,Aston Villa,Brentford,3,3,1.164,1.422
2023/2024,22206,2024-04-06,Brighton,Arsenal,0,3,0.43,4.166
2023/2024,22207,2024-04-06,Crystal Palace,Manchester City,2,4,1.496,2.265
2023/2024,22208,2024-04-06,Everton,Burnley,1,0,0.661,0.348
2023/2024,22209,2024-04-06,Fulham,Newcastle United,0,1,0.836,1.1809999999999998
2023/2024,22210,2024-04-06,Luton,Bournemouth,2,1,1.3059999999999998,0.617
2023/2024,22214,2024-04-06,Wolverhampton Wanderers,West Ham,1,2,1.7839999999999998,1.142
2023/2024,22211,2024-04-07,Manchester United,Liverpool,2,2,0.816,4.436
2023/2024,22212,2024-04-07,Sheffield United,Chelsea,2,2,1.744,0.523
2023/2024,22213,2024-04-07,Tottenham,Nottingham Forest,3,1,1.621,2.002
2023/2024,22223,2024-04-13,Nottingham Forest,Wolverhampton Wanderers,2,2,1.763,1.458
2023/2024,22222,2024-04-13,Newcastle United,Tottenham,4,0,3.149,0.739
2023/2024,22221,2024-04-13,Manchester City,Luton,5,1,4.643000000000001,0.811
2023/2024,22218,2024-04-13,Burnley,Brighton,1,1,1.853,0.89
2023/2024,22217,2024-04-13,Brentford,Sheffield United,2,0,1.092,0.835
2023/2024,22215,2024-04-13,Bournemouth,Manchester United,2,2,2.386,1.5239999999999998
2023/2024,22216,2024-04-14,Arsenal,Aston Villa,0,2,1.891,0.93
2023/2024,22220,2024-04-14,Liverpool,Crystal Palace,0,1,3.046,2.13
2023/2024,22224,2024-04-14,West Ham,Fulham,0,2,1.454,3.615
2023/2024,22219,2024-04-15,Chelsea,Everton,6,0,3.372,1.219
2023/2024,22230,2024-04-20,Luton,Brentford,1,5,0.499,3.782
2023/2024,22232,2024-04-20,Sheffield United,Burnley,1,4,1.979,2.424
2023/2024,22234,2024-04-20,Wolverhampton Wanderers,Arsenal,0,2,0.166,1.6629999999999998
2023/2024,22225,2024-04-21,Aston Villa,Bournemouth,3,1,2.628,2.053
2023/2024,22227,2024-04-21,Crystal Palace,West Ham,5,2,3.72,1.346
2023/2024,22228,2024-04-21,Everton,Nottingham Forest,2,0,0.474,1.19
2023/2024,22229,2024-04-21,Fulham,Liverpool,1,3,0.84,1.025
2023/2024,22175,2024-04-23,Arsenal,Chelsea,5,0,3.46,1.604
2023/2024,22182,2024-04-24,Manchester United,Sheffield United,4,2,3.514,1.206
2023/2024,22184,2024-04-24,Wolverhampton Wanderers,Bournemouth,0,1,0.485,2.404
2023/2024,22178,2024-04-24,Crystal Palace,Newcastle United,2,0,1.438,0.552
2023/2024,22179,2024-04-24,Everton,Liverpool,2,0,1.892,1.873
2023/2024,22176,2024-04-25,Brighton,Manchester City,0,4,0.573,1.906
2023/2024,22236,2024-04-27,Aston Villa,Chelsea,2,2,0.613,1.565
2023/2024,22237,2024-04-27,Everton,Brentford,1,0,1.215,0.957
2023/2024,22238,2024-04-27,Fulham,Crystal Palace,1,1,1.3949999999999998,1.055
2023/2024,22239,2024-04-27,Manchester United,Burnley,1,1,3.063,1.897
2023/2024,22240,2024-04-27,Newcastle United,Sheffield United,5,1,2.936,1.825
2023/2024,22244,2024-04-27,Wolverhampton Wanderers,Luton,2,1,1.491,0.905
2023/2024,22243,2024-04-27,West Ham,Liverpool,2,2,0.795,2.294
2023/2024,22235,2024-04-28,Bournemouth,Brighton,3,0,2.482,1.358
2023/2024,22241,2024-04-28,Tottenham,Arsenal,2,3,2.606,1.5159999999999998
2023/2024,22242,2024-04-28,Nottingham Forest,Manchester City,0,2,2.174,0.933
2023/2024,22149,2024-05-02,Chelsea,Tottenham,2,0,2.225,1.2719999999999998
2023/2024,22252,2024-05-03,Luton,Everton,1,1,0.951,1.231
2023/2024,22253,2024-05-04,Manchester City,Wolverhampton Wanderers,5,1,4.526000000000001,0.398
2023/2024,22254,2024-05-04,Sheffield United,Nottingham Forest,1,3,2.491,1.939
2023/2024,22248,2024-05-04,Burnley,Newcastle United,1,4,1.287,4.257000000000001
2023/2024,22245,2024-05-04,Arsenal,Bournemouth,3,0,3.915,0.47
2023/2024,22246,2024-05-04,Brentford,Fulham,0,0,0.81,1.457
2023/2024,22247,2024-05-05,Brighton,Aston Villa,1,0,2.637,0.065
2023/2024,22249,2024-05-05,Chelsea,West Ham,5,0,4.219,0.895
2023/2024,22251,2024-05-05,Liverpool,Tottenham,4,2,3.263,1.1729999999999998
2023/2024,22250,2024-05-06,Crystal Palace,Manchester United,4,0,2.067,0.342
2023/2024,22264,2024-05-11,Wolverhampton Wanderers,Crystal Palace,1,3,1.1569999999999998,2.516
2023/2024,22263,2024-05-11,West Ham,Luton,3,1,3.711,0.641
2023/2024,22262,2024-05-11,Tottenham,Burnley,2,1,3.003,0.951
2023/2024,22261,2024-05-11,Nottingham Forest,Chelsea,2,3,2.447,2.412
2023/2024,22258,2024-05-11,Fulham,Manchester City,0,4,0.09,3.153
2023/2024,22257,2024-05-11,Everton,Sheffield United,1,0,1.825,0.467
2023/2024,22255,2024-05-11,Bournemouth,Brentford,1,2,1.073,1.928
2023/2024,22260,2024-05-11,Newcastle United,Brighton,1,1,2.453,1.917
2023/2024,22259,2024-05-12,Manchester United,Arsenal,0,1,0.553,1.732
2023/2024,22256,2024-05-13,Aston Villa,Liverpool,3,3,2.718,1.901
2023/2024,22233,2024-05-14,Tottenham,Manchester City,0,2,1.844,2.704
2023/2024,22231,2024-05-15,Manchester United,Newcastle United,3,2,1.498,2.278
2023/2024,22226,2024-05-15,Brighton,Chelsea,1,2,1.325,1.545
2023/2024,22265,2024-05-19,Arsenal,Everton,2,1,3.213,0.666
2023/2024,22266,2024-05-19,Brentford,Newcastle United,2,4,1.7029999999999998,3.651
2023/2024,22267,2024-05-19,Brighton,Manchester United,0,2,1.973,1.005
2023/2024,22268,2024-05-19,Burnley,Nottingham Forest,1,2,1.083,1.581
2023/2024,22269,2024-05-19,Chelsea,Bournemouth,2,1,1.599,2.003
2023/2024,22270,2024-05-19,Crystal Palace,Aston Villa,5,0,2.233,0.6
2023/2024,22271,2024-05-19,Liverpool,Wolverhampton Wanderers,2,0,5.66,0.732
2023/2024,22272,2024-05-19,Luton,Fulham,2,4,2.068,1.117
2023/2024,22273,2024-05-19,Manchester City,West Ham,3,1,2.316,0.241
2023/2024,22274,2024-05-19,Sheffield United,Tottenham,0,3,0.698,3.198
2024/2025,26602,2024-08-16,Manchester United,Fulham,1,0,2.044,0.42
2024/2025,26607,2024-08-17,Nottingham Forest,Bournemouth,1,1,1.245,1.91
2024/2025,26606,2024-08-17,Newcastle United,Southampton,1,0,0.434,1.956
2024/2025,26608,2024-08-17,West Ham,Aston Villa,1,2,2.806,2.671
2024/2025,26604,2024-08-17,Arsenal,Wolverhampton Wanderers,2,0,1.6289999999999998,0.577
2024/2025,26603,2024-08-17,Ipswich,Liverpool,0,2,0.344,3.93
2024/2025,26605,2024-08-17,Everton,Brighton,0,3,0.406,1.7919999999999998
2024/2025,26609,2024-08-18,Brentford,Crystal Palace,2,1,1.382,1.1489999999999998
2024/2025,26610,2024-08-18,Chelsea,Manchester City,0,2,1.0619999999999998,1.1809999999999998
2024/2025,26611,2024-08-19,Leicester,Tottenham,1,1,1.027,1.4089999999999998
2024/2025,26618,2024-08-24,Aston Villa,Arsenal,0,2,1.3179999999999998,1.4149999999999998
2024/2025,26617,2024-08-24,Tottenham,Everton,4,0,2.612,0.65
2024/2025,26616,2024-08-24,Southampton,Nottingham Forest,0,1,0.216,2.866
2024/2025,26615,2024-08-24,Manchester City,Ipswich,4,1,3.079,0.481
2024/2025,26613,2024-08-24,Crystal Palace,West Ham,0,2,1.3769999999999998,1.535
2024/2025,26612,2024-08-24,Brighton,Manchester United,2,1,2.143,1.287
2024/2025,26614,2024-08-24,Fulham,Leicester,2,1,1.963,0.858
2024/2025,26619,2024-08-25,Wolverhampton Wanderers,Chelsea,2,6,2.419,2.03
2024/2025,26620,2024-08-25,Bournemouth,Newcastle United,1,1,2.536,1.894
2024/2025,26621,2024-08-25,Liverpool,Brentford,2,0,2.72,0.458
2024/2025,26627,2024-08-31,Nottingham Forest,Wolverhampton Wanderers,1,1,1.412,0.939
2024/2025,26628,2024-08-31,West Ham,Manchester City,1,3,0.948,3.194
2024/2025,26626,2024-08-31,Leicester,Aston Villa,1,2,0.776,2.165
2024/2025,26622,2024-08-31,Arsenal,Brighton,1,1,2.419,1.818
2024/2025,26624,2024-08-31,Everton,Bournemouth,2,3,2.557,2.958
2024/2025,26623,2024-08-31,Brentford,Southampton,3,1,3.864,1.648
2024/2025,26625,2024-08-31,Ipswich,Fulham,1,1,0.708,1.19
2024/2025,26629,2024-09-01,Newcastle United,Tottenham,2,1,1.588,1.634
2024/2025,26630,2024-09-01,Chelsea,Crystal Palace,1,1,2.978,0.461
2024/2025,26631,2024-09-01,Manchester United,Liverpool,0,3,1.5019999999999998,2.105
2024/2025,26638,2024-09-14,Aston Villa,Everton,3,2,3.16,0.853
2024/2025,26637,2024-09-14,Manchester City,Brentford,2,1,1.5539999999999998,1.0519999999999998
2024/2025,26636,2024-09-14,Crystal Palace,Leicester,2,2,2.888,1.6529999999999998
2024/2025,26639,2024-09-14,Bournemouth,Chelsea,0,1,1.5379999999999998,0.934
2024/2025,26634,2024-09-14,Fulham,West Ham,1,1,2.887,0.684
2024/2025,26633,2024-09-14,Brighton,Ipswich,0,0,1.7579999999999998,0.722
2024/2025,26632,2024-09-14,Southampton,Manchester United,0,3,1.357,3.028
2024/2025,26635,2024-09-14,Liverpool,Nottingham Forest,0,1,1.1709999999999998,0.591
2024/2025,26640,2024-09-15,Tottenham,Arsenal,0,1,0.794,1.122
2024/2025,26641,2024-09-15,Wolverhampton Wanderers,Newcastle United,1,2,1.471,1.484
2024/2025,26649,2024-09-21,Crystal Palace,Manchester United,0,0,1.67,2.352
2024/2025,26648,2024-09-21,Tottenham,Brentford,3,1,3.896,0.895
2024/2025,26647,2024-09-21,Aston Villa,Wolverhampton Wanderers,3,1,2.375,0.521
2024/2025,26646,2024-09-21,Fulham,Newcastle United,3,1,3.212,1.099
2024/2025,26644,2024-09-21,Leicester,Everton,1,1,1.339,1.825
2024/2025,26643,2024-09-21,Southampton,Ipswich,1,1,2.899,1.646
2024/2025,26642,2024-09-21,West Ham,Chelsea,0,3,0.759,2.398
2024/2025,26645,2024-09-21,Liverpool,Bournemouth,3,0,2.438,1.471
2024/2025,26650,2024-09-22,Brighton,Nottingham Forest,2,2,1.569,1.37
2024/2025,26651,2024-09-22,Manchester City,Arsenal,2,2,2.757,1.285
2024/2025,26656,2024-09-28,Brentford,West Ham,1,1,0.371,0.88
2024/2025,26655,2024-09-28,Arsenal,Leicester,4,2,6.054,0.339
2024/2025,26657,2024-09-28,Chelsea,Brighton,4,2,3.659,1.208
2024/2025,26653,2024-09-28,Nottingham Forest,Fulham,0,1,0.615,1.4369999999999998
2024/2025,26652,2024-09-28,Newcastle United,Manchester City,1,1,1.344,1.2659999999999998
2024/2025,26654,2024-09-28,Everton,Crystal Palace,2,1,1.111,1.125
2024/2025,26658,2024-09-28,Wolverhampton Wanderers,Liverpool,1,2,0.75,2.118
2024/2025,26660,2024-09-29,Manchester United,Tottenham,0,3,0.602,5.408
2024/2025,26659,2024-09-29,Ipswich,Aston Villa,2,2,1.847,1.146
2024/2025,26661,2024-09-30,Bournemouth,Southampton,3,1,1.4429999999999998,0.697
2024/2025,26662,2024-10-05,Crystal Palace,Liverpool,0,1,0.61,2.074
2024/2025,26663,2024-10-05,Leicester,Bournemouth,1,0,0.913,1.951
2024/2025,26664,2024-10-05,Manchester City,Fulham,3,2,1.368,2.759
2024/2025,26665,2024-10-05,West Ham,Ipswich,4,1,4.3950000000000005,1.186
2024/2025,26666,2024-10-05,Arsenal,Southampton,3,1,3.253,1.2739999999999998
2024/2025,26667,2024-10-05,Brentford,Wolverhampton Wanderers,5,3,4.136,0.697
2024/2025,26669,2024-10-05,Everton,Newcastle United,0,0,0.693,1.791
2024/2025,26668,2024-10-06,Chelsea,Nottingham Forest,1,1,2.279,1.668
2024/2025,26670,2024-10-06,Aston Villa,Manchester United,0,0,0.534,0.45
2024/2025,26671,2024-10-06,Brighton,Tottenham,3,2,1.973,1.094
2024/2025,26680,2024-10-19,Bournemouth,Arsenal,2,0,2.185,0.742
2024/2025,26676,2024-10-19,Newcastle United,Brighton,0,1,1.938,1.6789999999999998
2024/2025,26675,2024-10-19,Manchester United,Brentford,2,1,1.767,0.894
2024/2025,26678,2024-10-19,Southampton,Leicester,2,3,2.429,2.839
2024/2025,26673,2024-10-19,Fulham,Aston Villa,1,3,2.632,1.4369999999999998
2024/2025,26672,2024-10-19,Tottenham,West Ham,4,1,1.442,0.86
2024/2025,26674,2024-10-19,Ipswich,Everton,0,2,1.1749999999999998,1.609
2024/2025,26679,2024-10-20,Liverpool,Chelsea,2,1,2.226,1.34
2024/2025,26681,2024-10-20,Wolverhampton Wanderers,Manchester City,1,2,0.762,1.367
2024/2025,26677,2024-10-21,Nottingham Forest,Crystal Palace,1,0,1.887,0.836
2024/2025,26682,2024-10-25,Leicester,Nottingham Forest,1,3,0.833,2.546
2024/2025,26687,2024-10-26,Everton,Fulham,1,1,0.886,1.496
2024/2025,26686,2024-10-26,Brighton,Wolverhampton Wanderers,2,2,1.5139999999999998,1.112
2024/2025,26685,2024-10-26,Brentford,Ipswich,4,3,4.098000000000001,1.658
2024/2025,26683,2024-10-26,Manchester City,Southampton,1,0,3.164,0.371
2024/2025,26684,2024-10-26,Aston Villa,Bournemouth,1,1,1.975,0.33
2024/2025,26688,2024-10-27,Chelsea,Newcastle United,2,1,1.619,1.743
2024/2025,26689,2024-10-27,Crystal Palace,Tottenham,1,0,0.98,1.0199999999999998
2024/2025,26690,2024-10-27,West Ham,Manchester United,2,1,2.994,2.627
2024/2025,26691,2024-10-27,Arsenal,Liverpool,2,2,1.089,1.354
2024/2025,26699,2024-11-02,Southampton,Everton,1,0,0.541,1.787
2024/2025,26701,2024-11-02,Wolverhampton Wanderers,Crystal Palace,2,2,1.6509999999999998,2.649
2024/2025,26698,2024-11-02,Nottingham Forest,West Ham,3,0,2.351,0.133
2024/2025,26692,2024-11-02,Bournemouth,Manchester City,2,1,2.45,2.354
2024/2025,26695,2024-11-02,Ipswich,Leicester,1,1,1.337,2.34
2024/2025,26694,2024-11-02,Newcastle United,Arsenal,1,0,0.861,0.912
2024/2025,26696,2024-11-02,Liverpool,Brighton,2,1,1.811,1.017
2024/2025,26697,2024-11-03,Manchester United,Chelsea,1,1,2.161,1.212
2024/2025,26700,2024-11-03,Tottenham,Aston Villa,4,1,2.099,2.488
2024/2025,26693,2024-11-04,Fulham,Brentford,2,1,1.4309999999999998,0.74
2024/2025,26702,2024-11-09,Brentford,Bournemouth,3,2,1.5659999999999998,2.493
2024/2025,26703,2024-11-09,Brighton,Manchester City,2,1,2.872,2.604
2024/2025,26706,2024-11-09,Crystal Palace,Fulham,0,2,1.961,2.254
2024/2025,26707,2024-11-09,Liverpool,Aston Villa,2,0,2.683,1.664
2024/2025,26710,2024-11-09,West Ham,Everton,0,0,1.125,0.867
2024/2025,26711,2024-11-09,Wolverhampton Wanderers,Southampton,2,0,0.914,0.794
2024/2025,26709,2024-11-10,Tottenham,Ipswich,1,2,1.7519999999999998,2.185
2024/2025,26708,2024-11-10,Manchester United,Leicester,3,0,1.238,0.418
2024/2025,26704,2024-11-10,Nottingham Forest,Newcastle United,1,3,1.18,1.87
2024/2025,26705,2024-11-10,Chelsea,Arsenal,1,1,1.242,1.961
2024/2025,26712,2024-11-23,Bournemouth,Brighton,1,2,1.913,1.232
2024/2025,26714,2024-11-23,Arsenal,Nottingham Forest,3,0,1.6609999999999998,0.404
2024/2025,26715,2024-11-23,Everton,Brentford,0,0,1.596,1.344
2024/2025,26716,2024-11-23,Aston Villa,Crystal Palace,2,2,3.046,1.615
2024/2025,26717,2024-11-23,Fulham,Wolverhampton Wanderers,1,4,0.718,1.34
2024/2025,26719,2024-11-23,Leicester,Chelsea,1,2,0.969,2.818
2024/2025,26720,2024-11-23,Manchester City,Tottenham,0,4,2.16,3.305
2024/2025,26718,2024-11-24,Ipswich,Manchester United,1,1,1.988,1.2699999999999998
2024/2025,26721,2024-11-24,Southampton,Liverpool,2,3,1.541,3.189
2024/2025,26713,2024-11-25,Newcastle United,West Ham,0,2,1.499,0.944
2024/2025,26723,2024-11-29,Brighton,Southampton,1,1,1.871,0.936
2024/2025,26731,2024-11-30,Wolverhampton Wanderers,Bournemouth,2,4,0.867,3.08
2024/2025,26730,2024-11-30,West Ham,Arsenal,2,5,1.236,4.0
2024/2025,26728,2024-11-30,Nottingham Forest,Ipswich,1,0,1.767,0.464
2024/2025,26725,2024-11-30,Crystal Palace,Newcastle United,1,1,2.297,0.022
2024/2025,26722,2024-11-30,Brentford,Leicester,4,1,2.22,0.909
2024/2025,26724,2024-12-01,Chelsea,Aston Villa,3,0,1.95,0.876
2024/2025,26726,2024-12-01,Liverpool,Manchester City,2,0,3.702,0.746
2024/2025,26727,2024-12-01,Manchester United,Everton,4,0,1.763,0.768
2024/2025,26729,2024-12-01,Tottenham,Fulham,1,1,1.0119999999999998,1.5739999999999998
2024/2025,26737,2024-12-03,Ipswich,Crystal Palace,0,1,0.473,1.6549999999999998
2024/2025,26738,2024-12-03,Leicester,West Ham,3,1,2.782,2.878
2024/2025,26733,2024-12-04,Arsenal,Manchester United,2,0,2.968,0.257
2024/2025,26734,2024-12-04,Aston Villa,Brentford,3,1,3.218,1.134
2024/2025,26735,2024-12-04,Everton,Wolverhampton Wanderers,4,0,1.5,0.849
2024/2025,26739,2024-12-04,Manchester City,Nottingham Forest,3,0,3.203,0.803
2024/2025,26740,2024-12-04,Newcastle United,Liverpool,3,3,1.5219999999999998,2.229
2024/2025,26741,2024-12-04,Southampton,Chelsea,1,5,1.911,5.8340000000000005
2024/2025,26736,2024-12-05,Fulham,Brighton,3,1,0.668,1.1
2024/2025,26732,2024-12-05,Bournemouth,Tottenham,1,0,3.278,0.625
2024/2025,26742,2024-12-07,Aston Villa,Southampton,1,0,2.514,0.387
2024/2025,26743,2024-12-07,Brentford,Newcastle United,4,2,1.747,1.957
2024/2025,26744,2024-12-07,Manchester United,Nottingham Forest,2,3,1.471,0.652
2024/2025,26747,2024-12-07,Crystal Palace,Manchester City,2,2,1.216,1.586
2024/2025,26745,2024-12-08,Tottenham,Chelsea,3,4,3.256,2.574
2024/2025,26749,2024-12-08,Fulham,Arsenal,1,1,0.152,2.434
2024/2025,26750,2024-12-08,Ipswich,Bournemouth,1,2,1.5679999999999998,3.492
2024/2025,26751,2024-12-08,Leicester,Brighton,2,2,1.4249999999999998,1.123
2024/2025,26746,2024-12-09,West Ham,Wolverhampton Wanderers,2,1,1.1989999999999998,1.477
2024/2025,26761,2024-12-14,Nottingham Forest,Aston Villa,2,1,2.287,0.39
2024/2025,26752,2024-12-14,Liverpool,Fulham,2,2,2.098,1.287
2024/2025,26755,2024-12-14,Arsenal,Everton,0,0,1.3099999999999998,0.133
2024/2025,26758,2024-12-14,Wolverhampton Wanderers,Ipswich,1,2,1.238,1.734
2024/2025,26760,2024-12-14,Newcastle United,Leicester,4,0,3.956,0.188
2024/2025,26759,2024-12-15,Southampton,Tottenham,0,5,1.275,3.894
2024/2025,26757,2024-12-15,Chelsea,Brentford,2,1,2.592,1.66
2024/2025,26756,2024-12-15,Brighton,Crystal Palace,1,3,1.3239999999999998,3.007
2024/2025,26753,2024-12-15,Manchester City,Manchester United,1,2,0.639,2.048
2024/2025,26754,2024-12-16,Bournemouth,West Ham,1,1,2.049,1.819
2024/2025,26762,2024-12-21,Aston Villa,Manchester City,2,1,2.061,1.097
2024/2025,26765,2024-12-21,Crystal Palace,Arsenal,1,5,1.606,3.055
2024/2025,26766,2024-12-21,Brentford,Nottingham Forest,0,2,0.77,0.966
2024/2025,26767,2024-12-21,West Ham,Brighton,1,1,1.23,1.345
2024/2025,26771,2024-12-21,Ipswich,Newcastle United,0,4,1.065,3.235
2024/2025,26770,2024-12-22,Leicester,Wolverhampton Wanderers,0,3,0.79,1.136
2024/2025,26769,2024-12-22,Manchester United,Bournemouth,0,3,2.286,1.829
2024/2025,26763,2024-12-22,Fulham,Southampton,0,0,1.2539999999999998,0.281
2024/2025,26764,2024-12-22,Everton,Chelsea,0,0,1.0719999999999998,1.517
2024/2025,26768,2024-12-22,Tottenham,Liverpool,3,6,1.2029999999999998,5.203
2024/2025,26779,2024-12-26,Nottingham Forest,Tottenham,1,0,1.301,1.059
2024/2025,26781,2024-12-26,Wolverhampton Wanderers,Manchester United,2,0,0.827,0.36
2024/2025,26780,2024-12-26,Southampton,West Ham,0,1,2.199,1.902
2024/2025,26777,2024-12-26,Manchester City,Everton,1,1,2.521,0.654
2024/2025,26775,2024-12-26,Chelsea,Fulham,1,2,1.557,1.7799999999999998
2024/2025,26776,2024-12-26,Liverpool,Leicester,3,1,1.9,0.222
2024/2025,26772,2024-12-26,Bournemouth,Crystal Palace,0,0,1.2029999999999998,0.501
2024/2025,26778,2024-12-26,Newcastle United,Aston Villa,3,0,2.83,0.227
2024/2025,26773,2024-12-27,Arsenal,Ipswich,1,0,2.166,0.079
2024/2025,26774,2024-12-27,Brighton,Brentford,0,0,1.336,0.962
2024/2025,26791,2024-12-29,West Ham,Liverpool,0,5,0.519,3.3
2024/2025,26784,2024-12-29,Crystal Palace,Southampton,2,1,3.055,1.22
2024/2025,26785,2024-12-29,Everton,Nottingham Forest,0,2,0.616,2.029
2024/2025,26786,2024-12-29,Fulham,Bournemouth,2,2,0.963,1.708
2024/2025,26788,2024-12-29,Leicester,Manchester City,0,2,1.843,1.581
2024/2025,26790,2024-12-29,Tottenham,Wolverhampton Wanderers,2,2,2.285,0.642
2024/2025,26787,2024-12-30,Ipswich,Chelsea,2,0,1.5019999999999998,1.607
2024/2025,26789,2024-12-30,Manchester United,Newcastle United,0,2,1.0019999999999998,2.243
2024/2025,26782,2024-12-30,Aston Villa,Brighton,2,2,1.881,0.939
2024/2025,26783,2025-01-01,Brentford,Arsenal,1,3,0.274,1.999
2024/2025,26798,2025-01-04,Manchester City,West Ham,4,1,1.981,1.5339999999999998
2024/2025,26799,2025-01-04,Southampton,Brentford,0,5,0.251,5.550000000000001
2024/2025,26795,2025-01-04,Crystal Palace,Chelsea,1,1,1.2779999999999998,1.5159999999999998
2024/2025,26800,2025-01-04,Tottenham,Newcastle United,1,2,1.0039999999999998,2.431
2024/2025,26793,2025-01-04,Aston Villa,Leicester,2,1,2.347,0.816
2024/2025,26792,2025-01-04,Bournemouth,Everton,1,0,2.62,0.562
2024/2025,26794,2025-01-04,Brighton,Arsenal,1,1,1.7659999999999998,1.812
2024/2025,26797,2025-01-05,Liverpool,Manchester United,2,2,2.863,1.676
2024/2025,26796,2025-01-05,Fulham,Ipswich,2,2,2.656,1.444
2024/2025,26801,2025-01-06,Wolverhampton Wanderers,Nottingham Forest,0,3,1.906,2.573
2024/2025,26803,2025-01-14,Brentford,Manchester City,2,2,2.392,2.654
2024/2025,26807,2025-01-14,Nottingham Forest,Liverpool,1,1,0.53,2.724
2024/2025,26808,2025-01-14,West Ham,Fulham,3,2,0.938,2.837
2024/2025,26809,2025-01-14,Chelsea,Bournemouth,2,2,2.539,1.1489999999999998
2024/2025,26806,2025-01-15,Leicester,Crystal Palace,0,2,2.1,2.266
2024/2025,26810,2025-01-15,Newcastle United,Wolverhampton Wanderers,3,0,2.134,1.475
2024/2025,26802,2025-01-15,Arsenal,Tottenham,2,1,2.256,0.778
2024/2025,26804,2025-01-15,Everton,Aston Villa,0,1,1.232,1.2859999999999998
2024/2025,26805,2025-01-16,Ipswich,Brighton,0,2,0.269,1.0639999999999998
2024/2025,26811,2025-01-16,Manchester United,Southampton,3,1,3.109,1.368
2024/2025,26812,2025-01-18,Arsenal,Aston Villa,2,2,1.646,1.207
2024/2025,26813,2025-01-18,Brentford,Liverpool,0,2,1.2009999999999998,4.163
2024/2025,26817,2025-01-18,Leicester,Fulham,0,2,0.678,2.369
2024/2025,26819,2025-01-18,Newcastle United,Bournemouth,1,4,0.839,2.703
2024/2025,26821,2025-01-18,West Ham,Crystal Palace,0,2,0.222,1.6269999999999998
2024/2025,26820,2025-01-19,Nottingham Forest,Southampton,3,2,2.365,1.2599999999999998
2024/2025,26818,2025-01-19,Manchester United,Brighton,1,3,1.319,2.173
2024/2025,26815,2025-01-19,Everton,Tottenham,3,2,2.562,1.358
2024/2025,26816,2025-01-19,Ipswich,Manchester City,0,6,0.797,3.203
2024/2025,26814,2025-01-20,Chelsea,Wolverhampton Wanderers,3,1,3.15,1.0679999999999998
2024/2025,26822,2025-01-25,Bournemouth,Nottingham Forest,5,0,2.826,0.997
2024/2025,26824,2025-01-25,Brighton,Everton,0,1,0.645,0.872
2024/2025,26827,2025-01-25,Liverpool,Ipswich,4,1,2.169,0.806
2024/2025,26828,2025-01-25,Manchester City,Chelsea,3,1,2.233,1.499
2024/2025,26829,2025-01-25,Southampton,Newcastle United,1,3,0.827,3.084
2024/2025,26831,2025-01-25,Wolverhampton Wanderers,Arsenal,0,1,0.516,0.888
2024/2025,26823,2025-01-26,Aston Villa,West Ham,1,1,0.909,1.68
2024/2025,26825,2025-01-26,Crystal Palace,Brentford,1,2,1.233,1.921
2024/2025,26826,2025-01-26,Fulham,Manchester United,0,1,0.562,0.203
2024/2025,26830,2025-01-26,Tottenham,Leicester,1,2,1.2759999999999998,1.406
2024/2025,26841,2025-02-01,Wolverhampton Wanderers,Aston Villa,2,0,2.002,0.744
2024/2025,26840,2025-02-01,Nottingham Forest,Brighton,7,0,4.069,0.757
2024/2025,26839,2025-02-01,Newcastle United,Fulham,1,2,1.228,1.61
2024/2025,26837,2025-02-01,Ipswich,Southampton,1,2,1.949,1.1769999999999998
2024/2025,26836,2025-02-01,Everton,Leicester,4,0,3.114,0.448
2024/2025,26832,2025-02-01,Bournemouth,Liverpool,0,2,1.654,2.723
2024/2025,26833,2025-02-02,Arsenal,Manchester City,5,1,1.533,0.744
2024/2025,26834,2025-02-02,Brentford,Tottenham,0,2,1.666,0.946
2024/2025,26838,2025-02-02,Manchester United,Crystal Palace,0,2,1.5079999999999998,2.447
2024/2025,26835,2025-02-03,Chelsea,West Ham,2,1,1.392,1.188
2024/2025,26748,2025-02-12,Everton,Liverpool,2,2,0.912,0.93
2024/2025,26843,2025-02-14,Brighton,Chelsea,3,0,2.07,0.651
2024/2025,26842,2025-02-15,Aston Villa,Ipswich,1,1,2.899,0.334
2024/2025,26844,2025-02-15,Crystal Palace,Everton,1,2,2.307,1.017
2024/2025,26845,2025-02-15,Fulham,Nottingham Forest,2,1,2.211,0.332
2024/2025,26846,2025-02-15,Leicester,Arsenal,0,2,0.234,1.751
2024/2025,26848,2025-02-15,Manchester City,Newcastle United,4,0,2.121,0.158
2024/2025,26849,2025-02-15,Southampton,Bournemouth,1,3,0.975,2.088
2024/2025,26851,2025-02-15,West Ham,Brentford,0,1,0.674,1.966
2024/2025,26850,2025-02-16,Tottenham,Manchester United,1,0,1.972,1.428
2024/2025,26847,2025-02-16,Liverpool,Wolverhampton Wanderers,2,1,1.869,1.0539999999999998
2024/2025,26884,2025-02-19,Aston Villa,Liverpool,2,2,1.0239999999999998,2.044
2024/2025,26858,2025-02-21,Leicester,Brentford,0,4,0.729,2.036
2024/2025,26852,2025-02-22,Bournemouth,Wolverhampton Wanderers,0,1,0.631,2.102
2024/2025,26853,2025-02-22,Arsenal,West Ham,0,1,1.374,1.0279999999999998
2024/2025,26854,2025-02-22,Aston Villa,Chelsea,2,1,2.695,2.175
2024/2025,26855,2025-02-22,Everton,Manchester United,2,2,2.105,0.647
2024/2025,26856,2025-02-22,Fulham,Crystal Palace,0,2,0.235,1.463
2024/2025,26857,2025-02-22,Ipswich,Tottenham,1,4,1.1549999999999998,1.588
2024/2025,26861,2025-02-22,Southampton,Brighton,0,4,0.155,5.121
2024/2025,26859,2025-02-23,Manchester City,Liverpool,0,2,0.583,0.808
2024/2025,26860,2025-02-23,Newcastle United,Nottingham Forest,4,3,3.46,2.387
2024/2025,26863,2025-02-25,Brighton,Bournemouth,2,1,2.58,1.7029999999999998
2024/2025,26867,2025-02-25,Wolverhampton Wanderers,Fulham,1,2,0.93,1.436
2024/2025,26868,2025-02-25,Crystal Palace,Aston Villa,4,1,4.026000000000001,0.668
2024/2025,26869,2025-02-25,Chelsea,Southampton,4,0,2.983,0.846
2024/2025,26871,2025-02-26,Manchester United,Ipswich,3,2,1.4029999999999998,1.0459999999999998
2024/2025,26870,2025-02-26,Liverpool,Newcastle United,2,0,1.4009999999999998,0.46
2024/2025,26862,2025-02-26,Brentford,Everton,1,1,1.341,1.4509999999999998
2024/2025,26864,2025-02-26,Nottingham Forest,Arsenal,0,0,0.51,1.319
2024/2025,26865,2025-02-26,Tottenham,Manchester City,0,1,1.285,2.387
2024/2025,26866,2025-02-27,West Ham,Leicester,2,0,1.7049999999999998,0.291
2024/2025,26872,2025-03-08,Brentford,Aston Villa,0,1,0.639,1.297
2024/2025,26873,2025-03-08,Brighton,Fulham,2,1,1.945,0.709
2024/2025,26875,2025-03-08,Crystal Palace,Ipswich,1,0,3.14,1.634
2024/2025,26876,2025-03-08,Liverpool,Southampton,3,1,4.9910000000000005,0.513
2024/2025,26878,2025-03-08,Nottingham Forest,Manchester City,1,0,0.502,0.722
2024/2025,26881,2025-03-08,Wolverhampton Wanderers,Everton,1,1,0.8130000000000001,1.368
2024/2025,26874,2025-03-09,Chelsea,Leicester,1,0,1.769,0.109
2024/2025,26877,2025-03-09,Manchester United,Arsenal,1,1,1.3119999999999998,1.831
2024/2025,26879,2025-03-09,Tottenham,Bournemouth,2,2,1.352,2.226
2024/2025,26880,2025-03-10,West Ham,Newcastle United,0,1,0.825,1.6309999999999998
2024/2025,26887,2025-03-15,Ipswich,Nottingham Forest,2,4,0.522,1.3079999999999998
2024/2025,26891,2025-03-15,Southampton,Wolverhampton Wanderers,1,2,1.283,0.542
2024/2025,26882,2025-03-15,Bournemouth,Brentford,1,2,2.028,1.604
2024/2025,26885,2025-03-15,Everton,West Ham,1,1,1.19,0.517
2024/2025,26889,2025-03-15,Manchester City,Brighton,2,2,2.027,2.112
2024/2025,26883,2025-03-16,Arsenal,Chelsea,1,0,0.697,0.287
2024/2025,26886,2025-03-16,Fulham,Tottenham,2,0,1.041,1.41
2024/2025,26888,2025-03-16,Leicester,Manchester United,0,3,1.3059999999999998,1.14
2024/2025,26892,2025-04-01,Arsenal,Fulham,2,1,2.303,1.4429999999999998
2024/2025,26894,2025-04-01,Nottingham Forest,Manchester United,1,0,0.513,1.868
2024/2025,26895,2025-04-01,Wolverhampton Wanderers,West Ham,1,0,1.105,1.732
2024/2025,26893,2025-04-02,Brighton,Aston Villa,0,3,0.559,1.208
2024/2025,26896,2025-04-02,Bournemouth,Ipswich,1,2,1.997,1.414
2024/2025,26898,2025-04-02,Manchester City,Leicester,2,0,2.073,0.106
2024/2025,26899,2025-04-02,Newcastle United,Brentford,2,1,2.267,1.533
2024/2025,26900,2025-04-02,Southampton,Crystal Palace,1,1,0.6880000000000001,0.939
2024/2025,26901,2025-04-02,Liverpool,Everton,1,0,1.2979999999999998,0.824
2024/2025,26897,2025-04-03,Chelsea,Tottenham,1,0,1.305,1.404
2024/2025,26907,2025-04-05,Ipswich,Wolverhampton Wanderers,1,2,0.873,2.811
2024/2025,26911,2025-04-05,West Ham,Bournemouth,2,2,0.909,1.95
2024/2025,26904,2025-04-05,Crystal Palace,Brighton,2,1,0.445,1.273
2024/2025,26902,2025-04-05,Aston Villa,Nottingham Forest,2,1,2.634,0.969
2024/2025,26905,2025-04-05,Everton,Arsenal,1,1,1.23,1.404
2024/2025,26903,2025-04-06,Brentford,Chelsea,0,0,1.362,1.479
2024/2025,26906,2025-04-06,Fulham,Liverpool,3,2,1.729,1.4069999999999998
2024/2025,26909,2025-04-06,Manchester United,Manchester City,0,0,1.234,0.689
2024/2025,26910,2025-04-06,Tottenham,Southampton,3,1,2.649,0.781
2024/2025,26908,2025-04-07,Leicester,Newcastle United,0,3,0.356,3.442
2024/2025,26913,2025-04-12,Arsenal,Brentford,1,1,0.768,0.59
2024/2025,26914,2025-04-12,Brighton,Leicester,2,2,3.699,1.985
2024/2025,26917,2025-04-12,Manchester City,Crystal Palace,5,2,4.598000000000001,1.339
2024/2025,26920,2025-04-12,Nottingham Forest,Everton,0,1,0.425,1.261
2024/2025,26921,2025-04-12,Southampton,Aston Villa,0,3,0.413,3.0
2024/2025,26918,2025-04-13,Newcastle United,Manchester United,4,1,2.639,0.788
2024/2025,26919,2025-04-13,Wolverhampton Wanderers,Tottenham,4,2,2.231,1.63
2024/2025,26915,2025-04-13,Chelsea,Ipswich,2,2,2.909,1.604
2024/2025,26916,2025-04-13,Liverpool,West Ham,2,1,1.43,1.467
2024/2025,26912,2025-04-14,Bournemouth,Fulham,1,0,1.859,1.073
2024/2025,26890,2025-04-16,Newcastle United,Crystal Palace,5,0,2.33,2.376
2024/2025,26925,2025-04-19,Everton,Manchester City,0,2,0.818,1.881
2024/2025,26924,2025-04-19,Crystal Palace,Bournemouth,0,0,0.339,0.665
2024/2025,26931,2025-04-19,West Ham,Southampton,1,1,0.985,0.924
2024/2025,26922,2025-04-19,Aston Villa,Newcastle United,4,1,3.055,1.273
2024/2025,26923,2025-04-19,Brentford,Brighton,4,2,2.956,1.242
2024/2025,26926,2025-04-20,Fulham,Chelsea,1,2,0.307,0.753
2024/2025,26927,2025-04-20,Ipswich,Arsenal,0,4,0.194,2.815
2024/2025,26928,2025-04-20,Leicester,Liverpool,0,1,0.233,4.5280000000000005
2024/2025,26929,2025-04-20,Manchester United,Wolverhampton Wanderers,0,1,1.1409999999999998,0.189
2024/2025,26930,2025-04-21,Tottenham,Nottingham Forest,1,2,2.403,0.559
2024/2025,26937,2025-04-22,Manchester City,Aston Villa,2,1,1.363,1.86
2024/2025,26933,2025-04-23,Arsenal,Crystal Palace,2,2,1.922,2.506
2024/2025,26941,2025-04-26,Wolverhampton Wanderers,Leicester,3,0,2.578,1.051
2024/2025,26938,2025-04-26,Newcastle United,Ipswich,3,0,4.1160000000000005,0.128
2024/2025,26940,2025-04-26,Southampton,Fulham,1,2,0.937,1.997
2024/2025,26935,2025-04-26,Chelsea,Everton,1,0,0.769,0.918
2024/2025,26934,2025-04-26,Brighton,West Ham,3,2,1.295,1.242
2024/2025,26932,2025-04-27,Bournemouth,Manchester United,1,1,0.611,1.911
2024/2025,26936,2025-04-27,Liverpool,Tottenham,5,1,2.512,0.514
2024/2025,26939,2025-05-01,Nottingham Forest,Brentford,0,2,0.672,1.5219999999999998
2024/2025,26942,2025-05-02,Manchester City,Wolverhampton Wanderers,1,0,0.86,0.623
2024/2025,26951,2025-05-03,Leicester,Southampton,2,0,1.608,0.552
2024/2025,26950,2025-05-03,Everton,Ipswich,2,2,0.809,1.1449999999999998
2024/2025,26945,2025-05-03,Arsenal,Bournemouth,1,2,2.056,1.4189999999999998
2024/2025,26946,2025-05-03,Aston Villa,Fulham,1,0,1.291,0.704
2024/2025,26943,2025-05-04,West Ham,Tottenham,1,1,1.1529999999999998,0.848
2024/2025,26944,2025-05-04,Brighton,Newcastle United,1,1,0.689,1.6389999999999998
2024/2025,26947,2025-05-04,Brentford,Manchester United,4,3,3.588,1.1349999999999998
2024/2025,26948,2025-05-04,Chelsea,Liverpool,3,1,3.52,1.428
2024/2025,26949,2025-05-05,Crystal Palace,Nottingham Forest,1,1,2.341,0.638
2024/2025,26961,2025-05-10,Wolverhampton Wanderers,Brighton,0,2,0.735,1.414
2024/2025,26959,2025-05-10,Southampton,Manchester City,0,0,0.138,1.586
2024/2025,26954,2025-05-10,Ipswich,Brentford,0,1,0.718,1.3219999999999998
2024/2025,26953,2025-05-10,Fulham,Everton,1,3,1.21,1.327
2024/2025,26955,2025-05-10,Bournemouth,Aston Villa,0,1,1.0239999999999998,1.125
2024/2025,26952,2025-05-11,Liverpool,Arsenal,2,2,2.748,2.189
2024/2025,26956,2025-05-11,Manchester United,West Ham,0,2,2.314,2.161
2024/2025,26957,2025-05-11,Newcastle United,Chelsea,2,0,1.6709999999999998,0.647
2024/2025,26958,2025-05-11,Nottingham Forest,Leicester,2,2,1.7699999999999998,1.23
2024/2025,26960,2025-05-11,Tottenham,Crystal Palace,0,2,0.808,3.986
2024/2025,26963,2025-05-16,Aston Villa,Tottenham,2,0,1.692,0.524
2024/2025,26966,2025-05-16,Chelsea,Manchester United,1,0,1.297,0.339
2024/2025,26962,2025-05-18,Arsenal,Newcastle United,1,0,1.1609999999999998,2.247
2024/2025,26964,2025-05-18,Brentford,Fulham,2,3,2.431,1.618
2024/2025,26968,2025-05-18,Everton,Southampton,2,0,2.679,1.051
2024/2025,26969,2025-05-18,Leicester,Ipswich,2,0,0.79,1.371
2024/2025,26971,2025-05-18,West Ham,Nottingham Forest,1,2,0.851,2.149
2024/2025,26965,2025-05-19,Brighton,Liverpool,3,2,2.179,3.066
2024/2025,26970,2025-05-20,Manchester City,Bournemouth,3,1,1.599,0.963
2024/2025,26967,2025-05-20,Crystal Palace,Wolverhampton Wanderers,4,2,1.686,1.43
2024/2025,26972,2025-05-25,Nottingham Forest,Chelsea,0,1,1.581,1.3099999999999998
2024/2025,26981,2025-05-25,Fulham,Manchester City,0,2,2.219,2.46
2024/2025,26979,2025-05-25,Bournemouth,Leicester,2,0,2.725,0.158
2024/2025,26978,2025-05-25,Wolverhampton Wanderers,Brentford,1,1,1.11,1.973
2024/2025,26977,2025-05-25,Southampton,Arsenal,1,2,0.599,2.408
2024/2025,26980,2025-05-25,Ipswich,West Ham,1,3,0.894,0.968
2024/2025,26975,2025-05-25,Liverpool,Crystal Palace,1,1,1.922,1.4149999999999998
2024/2025,26974,2025-05-25,Manchester United,Aston Villa,2,0,2.964,0.336
2024/2025,26973,2025-05-25,Newcastle United,Everton,0,1,1.16,1.0739999999999998
2024/2025,26976,2025-05-25,Tottenham,Brighton,1,4,1.854,3.117
2025/2026,28778,2025-08-15,Liverpool,Bournemouth,4,2,2.331,1.5739999999999998
2025/2026,28783,2025-08-16,Wolverhampton Wanderers,Manchester City,0,4,0.52,2.3
2025/2026,28779,2025-08-16,Aston Villa,Newcastle United,0,0,0.32,1.402
2025/2026,28780,2025-08-16,Brighton,Fulham,1,1,1.4409999999999998,0.904
2025/2026,28781,2025-08-16,Sunderland,West Ham,3,0,0.725,0.56
2025/2026,28782,2025-08-16,Tottenham,Burnley,3,0,1.98,0.735
2025/2026,28786,2025-08-17,Manchester United,Arsenal,0,1,1.378,1.331
2025/2026,28784,2025-08-17,Chelsea,Crystal Palace,0,0,1.369,1.035
2025/2026,28785,2025-08-17,Nottingham Forest,Brentford,3,1,1.757,1.3259999999999998
2025/2026,28787,2025-08-18,Leeds,Everton,1,0,2.382,0.675
2025/2026,28788,2025-08-22,West Ham,Chelsea,1,5,0.98,3.951
2025/2026,28789,2025-08-23,Manchester City,Tottenham,0,2,1.249,1.281
2025/2026,28790,2025-08-23,Brentford,Aston Villa,1,0,1.1309999999999998,0.978
2025/2026,28791,2025-08-23,Burnley,Sunderland,2,0,1.005,1.122
2025/2026,28792,2025-08-23,Bournemouth,Wolverhampton Wanderers,1,0,1.7859999999999998,0.374
2025/2026,28793,2025-08-23,Arsenal,Leeds,5,0,2.739,0.158
2025/2026,28794,2025-08-24,Crystal Palace,Nottingham Forest,1,1,1.103,1.331
2025/2026,28795,2025-08-24,Everton,Brighton,2,0,1.802,2.086
2025/2026,28796,2025-08-24,Fulham,Manchester United,1,1,1.654,1.547
2025/2026,28797,2025-08-25,Newcastle United,Liverpool,2,3,1.964,0.648
2025/2026,28802,2025-08-30,Manchester United,Burnley,3,2,4.023000000000001,1.327
2025/2026,28803,2025-08-30,Leeds,Newcastle United,0,0,0.678,0.305
2025/2026,28801,2025-08-30,Sunderland,Brentford,2,1,1.5719999999999998,1.4469999999999998
2025/2026,28800,2025-08-30,Wolverhampton Wanderers,Everton,2,3,0.944,2.039
2025/2026,28799,2025-08-30,Tottenham,Bournemouth,0,1,0.172,2.121
2025/2026,28798,2025-08-30,Chelsea,Fulham,2,0,2.433,0.737
2025/2026,28804,2025-08-31,Nottingham Forest,West Ham,0,3,0.717,2.237
2025/2026,28805,2025-08-31,Brighton,Manchester City,2,1,2.21,2.135
2025/2026,28806,2025-08-31,Liverpool,Arsenal,1,0,0.482,0.487
2025/2026,28807,2025-08-31,Aston Villa,Crystal Palace,0,3,1.207,2.598
2025/2026,28808,2025-09-13,Arsenal,Nottingham Forest,3,0,2.883,0.295
2025/2026,28809,2025-09-13,Newcastle United,Wolverhampton Wanderers,1,0,1.1929999999999998,0.377
2025/2026,28810,2025-09-13,Bournemouth,Brighton,2,1,1.4429999999999998,0.626
2025/2026,28811,2025-09-13,Crystal Palace,Sunderland,0,0,1.759,0.355
2025/2026,28812,2025-09-13,Everton,Aston Villa,0,0,1.894,0.355
2025/2026,28813,2025-09-13,Fulham,Leeds,1,0,1.1409999999999998,0.831
2025/2026,28814,2025-09-13,West Ham,Tottenham,0,3,0.794,1.515
2025/2026,28815,2025-09-13,Brentford,Chelsea,2,2,1.176,0.757
2025/2026,28817,2025-09-14,Manchester City,Manchester United,3,0,1.998,1.5199999999999998
2025/2026,28816,2025-09-14,Burnley,Liverpool,0,1,0.169,2.796
2025/2026,28818,2025-09-20,Liverpool,Everton,2,1,1.063,0.722
2025/2026,28819,2025-09-20,West Ham,Crystal Palace,1,2,0.467,2.337
2025/2026,28820,2025-09-20,Wolverhampton Wanderers,Leeds,1,3,1.567,0.458
2025/2026,28821,2025-09-20,Brighton,Tottenham,2,2,1.406,1.1929999999999998
2025/2026,28822,2025-09-20,Burnley,Nottingham Forest,1,1,1.1429999999999998,0.832
2025/2026,28824,2025-09-20,Manchester United,Chelsea,2,1,1.346,0.471
2025/2026,28825,2025-09-20,Fulham,Brentford,3,1,1.525,0.828
2025/2026,28823,2025-09-21,Bournemouth,Newcastle United,0,0,0.552,0.155
2025/2026,28826,2025-09-21,Sunderland,Aston Villa,1,1,0.939,0.94
2025/2026,28827,2025-09-21,Arsenal,Manchester City,1,1,0.72,1.124
2025/2026,28834,2025-09-27,Nottingham Forest,Sunderland,0,1,1.4209999999999998,1.943
2025/2026,28833,2025-09-27,Manchester City,Burnley,5,1,3.222,0.51
2025/2026,28832,2025-09-27,Leeds,Bournemouth,2,2,2.048,1.061
2025/2026,28835,2025-09-27,Tottenham,Wolverhampton Wanderers,1,1,0.82,1.1609999999999998
2025/2026,28829,2025-09-27,Chelsea,Brighton,1,3,2.028,2.476
2025/2026,28828,2025-09-27,Brentford,Manchester United,3,1,2.788,2.237
2025/2026,28830,2025-09-27,Crystal Palace,Liverpool,2,1,3.534,3.103
2025/2026,28831,2025-09-28,Aston Villa,Fulham,3,1,1.367,0.954
2025/2026,28836,2025-09-28,Newcastle United,Arsenal,1,2,0.741,2.071
2025/2026,28837,2025-09-29,Everton,West Ham,1,1,0.911,0.777
2025/2026,28838,2025-10-03,Bournemouth,Fulham,3,1,1.336,0.844
2025/2026,28845,2025-10-04,Manchester United,Sunderland,2,0,1.931,0.808
2025/2026,28844,2025-10-04,Leeds,Tottenham,1,2,1.482,0.689
2025/2026,28839,2025-10-04,Arsenal,West Ham,2,0,3.059,0.866
2025/2026,28842,2025-10-04,Chelsea,Liverpool,2,1,1.238,2.061
2025/2026,28840,2025-10-05,Aston Villa,Burnley,2,1,1.737,0.503
2025/2026,28841,2025-10-05,Brentford,Manchester City,0,1,0.695,1.097
2025/2026,28843,2025-10-05,Everton,Crystal Palace,2,1,2.14,2.179
2025/2026,28846,2025-10-05,Newcastle United,Nottingham Forest,2,0,3.818,0.339
2025/2026,28847,2025-10-05,Wolverhampton Wanderers,Brighton,1,1,0.37,1.3929999999999998
2025/2026,28855,2025-10-18,Sunderland,Wolverhampton Wanderers,2,0,1.0259999999999998,0.677
2025/2026,28854,2025-10-18,Nottingham Forest,Chelsea,0,3,2.056,2.559
2025/2026,28853,2025-10-18,Manchester City,Everton,2,0,2.481,0.796
2025/2026,28849,2025-10-18,Burnley,Leeds,2,0,0.511,2.333
2025/2026,28850,2025-10-18,Crystal Palace,Bournemouth,3,3,4.564,2.048
2025/2026,28848,2025-10-18,Brighton,Newcastle United,2,1,0.858,1.2839999999999998
2025/2026,28851,2025-10-18,Fulham,Arsenal,0,1,0.503,2.079
2025/2026,28852,2025-10-19,Liverpool,Manchester United,1,2,2.611,2.532
2025/2026,28856,2025-10-19,Tottenham,Aston Villa,1,2,1.5159999999999998,0.353
2025/2026,28857,2025-10-20,West Ham,Brentford,0,2,0.261,3.467
2025/2026,28864,2025-10-24,Leeds,West Ham,2,1,2.222,0.5
2025/2026,28861,2025-10-25,Brentford,Liverpool,3,2,3.272,2.119
2025/2026,28862,2025-10-25,Chelsea,Sunderland,1,2,1.214,1.5519999999999998
2025/2026,28865,2025-10-25,Manchester United,Brighton,4,2,1.963,0.948
2025/2026,28866,2025-10-25,Newcastle United,Fulham,2,1,2.769,1.521
2025/2026,28863,2025-10-26,Everton,Tottenham,0,3,1.404,2.094
2025/2026,28858,2025-10-26,Bournemouth,Nottingham Forest,2,0,0.658,0.306
2025/2026,28859,2025-10-26,Arsenal,Crystal Palace,1,0,0.857,0.352
2025/2026,28860,2025-10-26,Aston Villa,Manchester City,1,0,0.845,1.37
2025/2026,28867,2025-10-26,Wolverhampton Wanderers,Burnley,2,3,2.582,1.5459999999999998
2025/2026,28872,2025-11-01,Liverpool,Aston Villa,2,0,1.471,0.436
2025/2026,28876,2025-11-01,Tottenham,Chelsea,0,1,0.148,3.344
2025/2026,28871,2025-11-01,Fulham,Wolverhampton Wanderers,3,0,1.913,0.211
2025/2026,28874,2025-11-01,Nottingham Forest,Manchester United,2,2,1.5519999999999998,0.917
2025/2026,28869,2025-11-01,Burnley,Arsenal,0,2,0.68,2.517
2025/2026,28870,2025-11-01,Crystal Palace,Brentford,2,0,0.736,0.821
2025/2026,28868,2025-11-01,Brighton,Leeds,3,0,2.642,0.36
2025/2026,28873,2025-11-02,Manchester City,Bournemouth,3,1,2.491,0.901
2025/2026,28877,2025-11-02,West Ham,Newcastle United,3,1,1.4149999999999998,0.525
2025/2026,28875,2025-11-03,Sunderland,Everton,1,1,1.182,1.0079999999999998
2025/2026,28887,2025-11-08,West Ham,Burnley,3,2,2.968,1.876
2025/2026,28885,2025-11-08,Sunderland,Arsenal,2,2,1.206,2.33
2025/2026,28886,2025-11-08,Tottenham,Manchester United,2,2,1.356,0.821
2025/2026,28880,2025-11-08,Chelsea,Wolverhampton Wanderers,3,0,3.984,0.112
2025/2026,28882,2025-11-08,Everton,Fulham,2,0,2.307,0.425
2025/2026,28878,2025-11-09,Aston Villa,Bournemouth,4,0,1.884,2.011
2025/2026,28879,2025-11-09,Brentford,Newcastle United,3,1,2.738,0.433
2025/2026,28881,2025-11-09,Crystal Palace,Brighton,0,0,0.841,0.638
2025/2026,28883,2025-11-09,Manchester City,Liverpool,3,0,1.596,1.029
2025/2026,28884,2025-11-09,Nottingham Forest,Leeds,3,1,2.492,0.42
2025/2026,28896,2025-11-22,Newcastle United,Manchester City,2,1,2.407,2.457
2025/2026,28897,2025-11-22,Wolverhampton Wanderers,Crystal Palace,0,2,1.6649999999999998,1.45
2025/2026,28894,2025-11-22,Liverpool,Nottingham Forest,0,3,1.7939999999999998,1.196
2025/2026,28888,2025-11-22,Bournemouth,West Ham,2,2,3.484,0.392
2025/2026,28891,2025-11-22,Burnley,Chelsea,0,2,0.662,1.722
2025/2026,28890,2025-11-22,Brighton,Brentford,2,1,0.978,2.201
2025/2026,28892,2025-11-22,Fulham,Sunderland,1,0,2.838,0.224
2025/2026,28889,2025-11-23,Arsenal,Tottenham,4,1,2.279,0.031
2025/2026,28893,2025-11-23,Leeds,Aston Villa,1,2,1.848,1.361
2025/2026,28895,2025-11-24,Manchester United,Everton,0,1,2.275,0.156
2025/2026,28899,2025-11-29,Brentford,Burnley,3,1,3.722,0.875
2025/2026,28902,2025-11-29,Everton,Newcastle United,1,4,1.0119999999999998,2.46
2025/2026,28903,2025-11-29,Manchester City,Leeds,3,2,2.854,1.7519999999999998
2025/2026,28905,2025-11-29,Sunderland,Bournemouth,3,2,1.1709999999999998,1.7939999999999998
2025/2026,28906,2025-11-29,Tottenham,Fulham,1,2,1.045,0.496
2025/2026,28907,2025-11-30,West Ham,Liverpool,0,2,0.365,1.569
2025/2026,28901,2025-11-30,Crystal Palace,Manchester United,1,2,2.137,1.479
2025/2026,28904,2025-11-30,Nottingham Forest,Brighton,0,2,0.961,2.058
2025/2026,28898,2025-11-30,Aston Villa,Wolverhampton Wanderers,1,0,1.156,0.694
2025/2026,28900,2025-11-30,Chelsea,Arsenal,1,1,0.793,1.229
2025/2026,28908,2025-12-02,Bournemouth,Everton,0,1,0.636,1.1969999999999998
2025/2026,28912,2025-12-02,Fulham,Manchester City,4,5,0.974,1.963
2025/2026,28916,2025-12-02,Newcastle United,Tottenham,2,2,1.887,1.053
2025/2026,28909,2025-12-03,Arsenal,Brentford,2,0,2.632,0.59
2025/2026,28910,2025-12-03,Brighton,Aston Villa,3,4,1.964,3.158
2025/2026,28911,2025-12-03,Burnley,Crystal Palace,0,1,1.17,0.989
2025/2026,28913,2025-12-03,Leeds,Chelsea,3,1,2.206,0.965
2025/2026,28914,2025-12-03,Liverpool,Sunderland,1,1,1.3769999999999998,0.714
2025/2026,28917,2025-12-03,Wolverhampton Wanderers,Nottingham Forest,0,1,1.0259999999999998,1.125
2025/2026,28915,2025-12-04,Manchester United,West Ham,1,1,2.278,1.367
2025/2026,28926,2025-12-06,Tottenham,Brentford,2,0,2.425,0.472
2025/2026,28924,2025-12-06,Manchester City,Sunderland,3,0,2.417,0.627
2025/2026,28923,2025-12-06,Leeds,Liverpool,3,3,1.7939999999999998,2.049
2025/2026,28925,2025-12-06,Newcastle United,Burnley,2,1,1.808,1.585
2025/2026,28919,2025-12-06,Aston Villa,Arsenal,2,1,2.721,1.861
2025/2026,28918,2025-12-06,Bournemouth,Chelsea,0,0,1.42,0.674
2025/2026,28921,2025-12-06,Everton,Nottingham Forest,3,0,1.2539999999999998,0.313
2025/2026,28920,2025-12-07,Brighton,West Ham,1,1,2.102,1.707
2025/2026,28922,2025-12-07,Fulham,Crystal Palace,1,2,0.768,1.712
2025/2026,28927,2025-12-08,Wolverhampton Wanderers,Manchester United,1,4,0.263,4.048
2025/2026,28931,2025-12-13,Chelsea,Everton,2,0,2.646,1.341
2025/2026,28933,2025-12-13,Liverpool,Brighton,2,0,2.414,1.6909999999999998
2025/2026,28928,2025-12-13,Arsenal,Wolverhampton Wanderers,2,1,1.619,0.621
2025/2026,28930,2025-12-13,Burnley,Fulham,2,3,2.056,1.652
2025/2026,28929,2025-12-14,Brentford,Leeds,1,1,0.698,1.6349999999999998
2025/2026,28932,2025-12-14,Crystal Palace,Manchester City,0,3,1.3019999999999998,1.354
2025/2026,28935,2025-12-14,Nottingham Forest,Tottenham,3,0,2.328,0.381
2025/2026,28936,2025-12-14,Sunderland,Newcastle United,1,0,0.631,0.17
2025/2026,28937,2025-12-14,West Ham,Aston Villa,2,3,1.2779999999999998,0.596
2025/2026,28934,2025-12-15,Manchester United,Bournemouth,4,4,3.213,2.353
2025/2026,28947,2025-12-20,Wolverhampton Wanderers,Brentford,0,2,1.269,1.5639999999999998
2025/2026,28946,2025-12-20,Tottenham,Liverpool,1,2,1.35,1.233
2025/2026,28945,2025-12-20,Newcastle United,Chelsea,2,2,2.88,1.027
2025/2026,28944,2025-12-20,Manchester City,West Ham,3,0,3.583,1.0219999999999998
2025/2026,28941,2025-12-20,Everton,Arsenal,0,1,0.214,1.848
2025/2026,28940,2025-12-20,Brighton,Sunderland,0,0,0.92,1.311
2025/2026,28938,2025-12-20,Bournemouth,Burnley,1,1,1.819,0.482
2025/2026,28943,2025-12-20,Leeds,Crystal Palace,4,1,2.909,1.5319999999999998
2025/2026,28939,2025-12-21,Aston Villa,Manchester United,2,1,1.87,1.3059999999999998
2025/2026,28942,2025-12-22,Fulham,Nottingham Forest,1,0,1.707,0.487
2025/2026,28954,2025-12-26,Manchester United,Newcastle United,1,0,0.942,1.1309999999999998
2025/2026,28957,2025-12-27,West Ham,Fulham,0,1,1.138,1.115
2025/2026,28955,2025-12-27,Nottingham Forest,Manchester City,1,2,0.601,1.466
2025/2026,28953,2025-12-27,Liverpool,Wolverhampton Wanderers,2,1,1.5659999999999998,0.782
2025/2026,28950,2025-12-27,Burnley,Everton,0,0,1.25,1.253
2025/2026,28949,2025-12-27,Brentford,Bournemouth,4,1,2.852,2.563
2025/2026,28948,2025-12-27,Arsenal,Brighton,2,1,2.544,0.711
2025/2026,28951,2025-12-27,Chelsea,Aston Villa,1,2,1.973,2.06
2025/2026,28952,2025-12-28,Crystal Palace,Tottenham,0,1,0.931,0.872
2025/2026,28956,2025-12-28,Sunderland,Leeds,1,1,0.807,2.608
2025/2026,28965,2025-12-30,Nottingham Forest,Everton,0,2,1.755,1.696
2025/2026,28967,2025-12-30,West Ham,Brighton,2,2,2.277,3.09
2025/2026,28964,2025-12-30,Manchester United,Wolverhampton Wanderers,1,1,1.134,1.219
2025/2026,28958,2025-12-30,Arsenal,Aston Villa,4,1,4.414000000000001,2.943
2025/2026,28960,2025-12-30,Burnley,Newcastle United,1,3,1.327,2.493
2025/2026,28961,2025-12-30,Chelsea,Bournemouth,2,2,2.334,3.492
2025/2026,28959,2026-01-01,Brentford,Tottenham,0,0,0.557,0.609
2025/2026,28962,2026-01-01,Crystal Palace,Fulham,1,1,2.354,1.755
2025/2026,28963,2026-01-01,Liverpool,Leeds,0,0,1.6789999999999998,0.16
2025/2026,28966,2026-01-01,Sunderland,Manchester City,0,0,0.963,2.443
2025/2026,28970,2026-01-03,Wolverhampton Wanderers,West Ham,3,0,2.24,0.237
2025/2026,28971,2026-01-03,Bournemouth,Arsenal,2,3,0.949,1.281
2025/2026,28972,2026-01-03,Aston Villa,Nottingham Forest,3,1,1.4309999999999998,0.899
2025/2026,28973,2026-01-03,Brighton,Burnley,2,0,1.473,0.256
2025/2026,28977,2026-01-04,Manchester City,Chelsea,1,1,1.031,2.038
2025/2026,28975,2026-01-04,Fulham,Liverpool,2,2,0.61,1.72
2025/2026,28976,2026-01-04,Leeds,Manchester United,1,1,0.971,1.949
2025/2026,28969,2026-01-04,Tottenham,Sunderland,1,1,1.418,0.468
2025/2026,28968,2026-01-04,Newcastle United,Crystal Palace,2,0,2.729,1.279
2025/2026,28974,2026-01-04,Everton,Brentford,2,4,1.007,3.053
2025/2026,28987,2026-01-06,West Ham,Nottingham Forest,1,2,1.738,1.2679999999999998
2025/2026,28978,2026-01-07,Everton,Wolverhampton Wanderers,1,1,1.634,0.714
2025/2026,28979,2026-01-07,Bournemouth,Tottenham,3,2,1.1909999999999998,1.6269999999999998
2025/2026,28981,2026-01-07,Brentford,Sunderland,3,0,3.862,1.507
2025/2026,28982,2026-01-07,Burnley,Manchester United,2,2,0.321,2.526
2025/2026,28983,2026-01-07,Crystal Palace,Aston Villa,0,0,1.3259999999999998,2.071
2025/2026,28984,2026-01-07,Fulham,Chelsea,2,1,1.061,2.452
2025/2026,28985,2026-01-07,Manchester City,Brighton,1,1,2.96,1.333
2025/2026,28986,2026-01-07,Newcastle United,Leeds,4,3,2.436,2.354
2025/2026,28980,2026-01-08,Arsenal,Liverpool,0,0,0.703,0.32
2025/2026,28996,2026-01-17,Tottenham,West Ham,1,2,1.654,2.769
2025/2026,28995,2026-01-17,Sunderland,Crystal Palace,2,1,1.847,1.1529999999999998
2025/2026,28993,2026-01-17,Manchester United,Manchester City,2,0,3.074,0.388
2025/2026,28994,2026-01-17,Nottingham Forest,Arsenal,0,0,0.319,2.864
2025/2026,28991,2026-01-17,Leeds,Fulham,1,0,2.17,0.26
2025/2026,28990,2026-01-17,Chelsea,Brentford,2,0,1.624,1.476
2025/2026,28992,2026-01-17,Liverpool,Burnley,1,1,3.491,0.548
2025/2026,28988,2026-01-18,Aston Villa,Everton,0,1,0.906,0.747
2025/2026,28997,2026-01-18,Wolverhampton Wanderers,Newcastle United,0,0,0.391,0.814
2025/2026,28989,2026-01-19,Brighton,Bournemouth,1,1,0.997,1.698
2025/2026,29007,2026-01-24,West Ham,Sunderland,3,1,2.188,0.715
2025/2026,29005,2026-01-24,Manchester City,Wolverhampton Wanderers,2,0,1.0659999999999998,0.544
2025/2026,29004,2026-01-24,Fulham,Brighton,2,1,1.1329999999999998,1.948
2025/2026,28998,2026-01-24,Bournemouth,Liverpool,3,2,3.316,0.938
2025/2026,29001,2026-01-24,Burnley,Tottenham,2,2,1.5499999999999998,2.592
2025/2026,28999,2026-01-25,Arsenal,Manchester United,2,3,1.4249999999999998,0.642
2025/2026,29000,2026-01-25,Brentford,Nottingham Forest,0,2,2.005,1.3909999999999998
2025/2026,29002,2026-01-25,Crystal Palace,Chelsea,1,3,2.419,3.089
2025/2026,29006,2026-01-25,Newcastle United,Aston Villa,0,2,1.956,1.3219999999999998
2025/2026,29003,2026-01-26,Everton,Leeds,1,1,0.891,1.678
2025/2026,29017,2026-01-31,Wolverhampton Wanderers,Bournemouth,0,2,2.105,1.592
2025/2026,29014,2026-01-31,Liverpool,Newcastle United,4,1,3.101,0.285
2025/2026,29015,2026-01-31,Leeds,Arsenal,0,4,0.18,3.545
2025/2026,29009,2026-01-31,Chelsea,West Ham,3,2,2.662,1.727
2025/2026,29010,2026-01-31,Brighton,Everton,1,1,1.4289999999999998,1.2819999999999998
2025/2026,29008,2026-02-01,Aston Villa,Brentford,0,1,2.154,0.316
2025/2026,29012,2026-02-01,Manchester United,Fulham,3,2,1.845,1.721
2025/2026,29013,2026-02-01,Nottingham Forest,Crystal Palace,1,1,0.988,1.6489999999999998
2025/2026,29016,2026-02-01,Tottenham,Manchester City,2,2,1.498,2.037
2025/2026,29011,2026-02-02,Sunderland,Burnley,3,0,1.888,0.127
2025/2026,29023,2026-02-06,Leeds,Nottingham Forest,3,1,3.383,1.662
2025/2026,29027,2026-02-07,Wolverhampton Wanderers,Chelsea,1,3,1.115,3.764
2025/2026,29026,2026-02-07,Newcastle United,Brentford,2,3,3.322,1.6509999999999998
2025/2026,29025,2026-02-07,Manchester United,Tottenham,2,0,2.167,0.594
2025/2026,29021,2026-02-07,Burnley,West Ham,0,2,1.847,1.123
2025/2026,29019,2026-02-07,Arsenal,Sunderland,3,0,1.1949999999999998,0.428
2025/2026,29018,2026-02-07,Bournemouth,Aston Villa,1,1,1.827,0.647
2025/2026,29022,2026-02-07,Fulham,Everton,1,2,2.202,1.889
2025/2026,29020,2026-02-08,Brighton,Crystal Palace,0,1,0.739,0.929
2025/2026,29024,2026-02-08,Liverpool,Manchester City,1,2,1.2679999999999998,2.416
2025/2026,29037,2026-02-10,West Ham,Manchester United,1,1,1.3079999999999998,0.737
2025/2026,29036,2026-02-10,Tottenham,Newcastle United,1,2,1.69,2.471
2025/2026,29030,2026-02-10,Chelsea,Leeds,2,2,3.213,1.2899999999999998
2025/2026,29032,2026-02-10,Everton,Bournemouth,1,2,2.332,1.4129999999999998
2025/2026,29028,2026-02-11,Aston Villa,Brighton,1,0,0.577,0.482
2025/2026,29031,2026-02-11,Crystal Palace,Burnley,2,3,2.129,0.692
2025/2026,29033,2026-02-11,Manchester City,Fulham,3,0,1.678,1.0539999999999998
2025/2026,29034,2026-02-11,Nottingham Forest,Wolverhampton Wanderers,0,0,3.692,0.408
2025/2026,29035,2026-02-11,Sunderland,Liverpool,0,1,0.695,3.083
2025/2026,29029,2026-02-12,Brentford,Arsenal,1,1,1.813,0.785
2025/2026,29087,2026-02-18,Wolverhampton Wanderers,Arsenal,2,2,0.174,2.011
2025/2026,29047,2026-02-21,West Ham,Bournemouth,0,0,2.345,0.524
2025/2026,29038,2026-02-21,Aston Villa,Leeds,1,1,1.255,1.2799999999999998
2025/2026,29039,2026-02-21,Brentford,Brighton,0,2,1.6909999999999998,1.373
2025/2026,29040,2026-02-21,Chelsea,Burnley,1,1,2.516,1.0139999999999998
2025/2026,29043,2026-02-21,Manchester City,Newcastle United,2,1,2.227,0.509
2025/2026,29044,2026-02-22,Nottingham Forest,Liverpool,0,1,0.936,2.397
2025/2026,29046,2026-02-22,Tottenham,Arsenal,1,4,0.384,3.318
2025/2026,29045,2026-02-22,Sunderland,Fulham,1,3,1.7619999999999998,2.168
2025/2026,29041,2026-02-22,Crystal Palace,Wolverhampton Wanderers,1,0,2.037,1.678
2025/2026,29042,2026-02-23,Everton,Manchester United,0,1,0.562,1.456
2025/2026,29057,2026-02-27,Wolverhampton Wanderers,Aston Villa,2,0,1.509,1.3139999999999998
2025/2026,29048,2026-02-28,Bournemouth,Sunderland,1,1,1.825,1.0799999999999998
2025/2026,29051,2026-02-28,Burnley,Brentford,3,4,0.825,2.447
2025/2026,29053,2026-02-28,Leeds,Manchester City,0,1,1.3789999999999998,2.469
2025/2026,29054,2026-02-28,Liverpool,West Ham,5,2,2.1,1.353
2025/2026,29056,2026-02-28,Newcastle United,Everton,2,3,1.12,2.408
2025/2026,29055,2026-03-01,Manchester United,Crystal Palace,2,1,2.347,0.386
2025/2026,29052,2026-03-01,Fulham,Tottenham,2,1,2.322,0.953
2025/2026,29049,2026-03-01,Arsenal,Chelsea,2,1,1.717,1.354
2025/2026,29050,2026-03-01,Brighton,Nottingham Forest,2,1,1.202,0.832
2025/2026,29058,2026-03-03,Bournemouth,Brentford,0,0,2.319,0.674
2025/2026,29061,2026-03-03,Everton,Burnley,2,0,1.1589999999999998,0.763
2025/2026,29063,2026-03-03,Leeds,Sunderland,0,1,0.889,0.845
2025/2026,29067,2026-03-03,Wolverhampton Wanderers,Liverpool,2,1,0.637,2.173
2025/2026,29065,2026-03-04,Newcastle United,Manchester United,2,1,1.967,1.807
2025/2026,29064,2026-03-04,Manchester City,Nottingham Forest,2,2,2.728,1.237
2025/2026,29059,2026-03-04,Aston Villa,Chelsea,1,4,1.0699999999999998,3.39
2025/2026,29060,2026-03-04,Brighton,Arsenal,0,1,0.92,0.516
2025/2026,29062,2026-03-04,Fulham,West Ham,0,1,0.629,1.496
2025/2026,29066,2026-03-05,Tottenham,Crystal Palace,1,3,1.297,1.916
2025/2026,29068,2026-03-14,Arsenal,Everton,2,0,1.91,1.1789999999999998
2025/2026,29070,2026-03-14,Burnley,Bournemouth,0,0,1.678,2.371
2025/2026,29071,2026-03-14,Chelsea,Newcastle United,0,1,1.726,1.0339999999999998
2025/2026,29076,2026-03-14,Sunderland,Brighton,0,1,0.66,1.1289999999999998
2025/2026,29077,2026-03-14,West Ham,Manchester City,1,1,0.49,1.956
2025/2026,29072,2026-03-15,Crystal Palace,Leeds,0,0,0.526,1.1369999999999998
2025/2026,29073,2026-03-15,Liverpool,Tottenham,1,1,1.3019999999999998,1.1569999999999998
2025/2026,29074,2026-03-15,Manchester United,Aston Villa,3,1,1.6789999999999998,1.212
2025/2026,29075,2026-03-15,Nottingham Forest,Fulham,0,0,0.822,0.935
2025/2026,29069,2026-03-16,Brentford,Wolverhampton Wanderers,2,2,2.798,1.801
2025/2026,29078,2026-03-20,Bournemouth,Manchester United,2,2,1.7679999999999998,1.747
2025/2026,29083,2026-03-21,Leeds,Brentford,0,0,0.418,0.303
2025/2026,29082,2026-03-21,Fulham,Burnley,3,1,3.485,1.927
2025/2026,29081,2026-03-21,Everton,Chelsea,3,0,1.446,1.352
2025/2026,29080,2026-03-21,Brighton,Liverpool,2,1,3.431,0.958
2025/2026,29079,2026-03-22,Aston Villa,West Ham,2,0,2.486,0.761
2025/2026,29085,2026-03-22,Newcastle United,Sunderland,1,2,1.2679999999999998,2.668
2025/2026,29086,2026-03-22,Tottenham,Nottingham Forest,0,3,1.62,1.545
2025/2026,29091,2026-04-10,West Ham,Wolverhampton Wanderers,4,0,2.545,0.573
2025/2026,29094,2026-04-11,Burnley,Brighton,0,2,0.8130000000000001,1.073
2025/2026,29097,2026-04-11,Liverpool,Fulham,2,0,2.016,1.4209999999999998
2025/2026,29092,2026-04-11,Arsenal,Bournemouth,1,2,3.164,1.396
2025/2026,29093,2026-04-11,Brentford,Everton,2,2,2.264,1.571
2025/2026,29089,2026-04-12,Nottingham Forest,Aston Villa,1,1,0.851,1.364
2025/2026,29090,2026-04-12,Sunderland,Tottenham,1,0,1.777,1.017
2025/2026,29095,2026-04-12,Chelsea,Manchester City,0,3,1.222,2.409
2025/2026,29096,2026-04-12,Crystal Palace,Newcastle United,2,1,3.14,1.2739999999999998
2025/2026,29088,2026-04-13,Manchester United,Leeds,1,2,1.367,2.952
2025/2026,29105,2026-04-18,Newcastle United,Bournemouth,1,2,1.613,3.368
2025/2026,29107,2026-04-18,Tottenham,Brighton,2,2,1.5619999999999998,1.138
2025/2026,29103,2026-04-18,Leeds,Wolverhampton Wanderers,3,0,3.559,0.57
2025/2026,29099,2026-04-18,Brentford,Fulham,0,0,2.337,0.792
2025/2026,29100,2026-04-18,Chelsea,Manchester United,0,1,1.2819999999999998,0.437
2025/2026,29098,2026-04-19,Aston Villa,Sunderland,4,3,3.903,1.561
2025/2026,29102,2026-04-19,Everton,Liverpool,1,2,1.479,1.384
2025/2026,29104,2026-04-19,Manchester City,Arsenal,2,1,2.616,2.291
2025/2026,29106,2026-04-19,Nottingham Forest,Burnley,4,1,1.4429999999999998,0.602
2025/2026,29101,2026-04-20,Crystal Palace,West Ham,0,0,0.734,0.623
2025/2026,29110,2026-04-21,Brighton,Chelsea,3,0,2.519,0.299
2025/2026,29108,2026-04-22,Bournemouth,Leeds,2,2,1.915,1.217
2025/2026,29111,2026-04-22,Burnley,Manchester City,0,1,0.975,3.41
2025/2026,29115,2026-04-24,Sunderland,Nottingham Forest,0,5,0.615,1.543
2025/2026,29116,2026-04-25,West Ham,Everton,2,1,1.837,1.115
2025/2026,29113,2026-04-25,Liverpool,Crystal Palace,3,1,1.452,2.2
2025/2026,29117,2026-04-25,Wolverhampton Wanderers,Tottenham,0,1,0.764,1.065
2025/2026,29109,2026-04-25,Arsenal,Newcastle United,1,0,0.64,0.87
2025/2026,29112,2026-04-25,Fulham,Aston Villa,1,0,1.242,0.907
2025/2026,29114,2026-04-27,Manchester United,Brentford,2,1,1.85,1.305
2025/2026,29124,2026-05-01,Leeds,Burnley,3,1,2.096,0.436
2025/2026,29119,2026-05-02,Arsenal,Fulham,3,0,4.0920000000000005,0.698
2025/2026,29121,2026-05-02,Brentford,West Ham,3,0,2.275,0.755
2025/2026,29126,2026-05-02,Newcastle United,Brighton,3,1,3.13,1.872
2025/2026,29127,2026-05-02,Wolverhampton Wanderers,Sunderland,1,1,1.962,0.925
2025/2026,29118,2026-05-03,Bournemouth,Crystal Palace,3,0,2.297,0.679
2025/2026,29120,2026-05-03,Aston Villa,Tottenham,1,2,0.61,1.123
2025/2026,29125,2026-05-03,Manchester United,Liverpool,3,2,2.557,1.029
2025/2026,29122,2026-05-04,Chelsea,Nottingham Forest,1,3,2.172,2.311
2025/2026,29123,2026-05-04,Everton,Manchester City,3,3,1.6869999999999998,1.418
2025/2026,29128,2026-05-09,Brighton,Wolverhampton Wanderers,3,0,2.225,0.517
2025/2026,29131,2026-05-09,Fulham,Bournemouth,0,1,1.244,0.999
2025/2026,29132,2026-05-09,Liverpool,Chelsea,1,1,0.624,0.598
2025/2026,29133,2026-05-09,Manchester City,Brentford,3,0,4.375,0.671
2025/2026,29135,2026-05-09,Sunderland,Manchester United,0,0,1.239,0.537
2025/2026,29137,2026-05-10,West Ham,Arsenal,0,1,1.321,1.4309999999999998
2025/2026,29134,2026-05-10,Nottingham Forest,Newcastle United,1,1,1.465,1.652
2025/2026,29130,2026-05-10,Crystal Palace,Everton,2,2,3.289,2.104
2025/2026,29129,2026-05-10,Burnley,Aston Villa,2,2,1.713,1.7559999999999998
2025/2026,29136,2026-05-11,Tottenham,Leeds,1,1,1.491,1.871
2025/2026,29084,2026-05-13,Manchester City,Crystal Palace,3,0,1.958,0.43
2025/2026,29140,2026-05-15,Aston Villa,Liverpool,4,2,2.526,1.551
2025/2026,29141,2026-05-17,Brentford,Crystal Palace,2,2,1.547,1.824
2025/2026,29143,2026-05-17,Everton,Sunderland,1,3,1.323,1.285
2025/2026,29144,2026-05-17,Leeds,Brighton,1,0,0.749,2.233
2025/2026,29145,2026-05-17,Manchester United,Nottingham Forest,3,2,4.2860000000000005,1.845
2025/2026,29146,2026-05-17,Newcastle United,West Ham,3,1,2.135,0.959
2025/2026,29147,2026-05-17,Wolverhampton Wanderers,Fulham,1,1,1.498,1.485
2025/2026,29139,2026-05-18,Arsenal,Burnley,1,0,1.228,0.196
2025/2026,29138,2026-05-19,Bournemouth,Manchester City,1,1,1.716,1.2699999999999998
2025/2026,29142,2026-05-19,Chelsea,Tottenham,2,1,1.094,2.153
2025/2026,29154,2026-05-24,Nottingham Forest,Bournemouth,1,1,2.06,1.338
2025/2026,29153,2026-05-24,Manchester City,Aston Villa,1,2,1.382,2.441
2025/2026,29155,2026-05-24,Sunderland,Chelsea,2,1,2.332,0.922
2025/2026,29152,2026-05-24,Liverpool,Brentford,1,1,2.995,1.462
2025/2026,29156,2026-05-24,Tottenham,Everton,1,0,1.4069999999999998,0.269
2025/2026,29150,2026-05-24,Crystal Palace,Arsenal,1,2,1.0059999999999998,3.907
2025/2026,29149,2026-05-24,Burnley,Wolverhampton Wanderers,1,1,1.2859999999999998,2.844
2025/2026,29148,2026-05-24,Brighton,Manchester United,0,3,0.703,2.33
2025/2026,29151,2026-05-24,Fulham,Newcastle United,2,0,1.73,0.243
2025/2026,29157,2026-05-24,West Ham,Leeds,3,0,2.732,1.951
